sample_id,true_label,transformer_eligible
244,Reconnaissance,True
245,Reconnaissance,True
246,Backdoor,True
247,DoS,True
248,Exploits,True
249,Analysis,True
250,Exploits,True
251,Exploits,True
252,Exploits,True
253,Exploits,True
254,Exploits,True
255,Exploits,True
256,Exploits,True
257,Reconnaissance,True
258,Exploits,True
259,Exploits,True
260,Reconnaissance,True
261,Reconnaissance,True
262,Reconnaissance,True
263,Exploits,True
264,Exploits,True
265,Exploits,True
266,Reconnaissance,True
267,Fuzzers,True
268,Exploits,True
269,Exploits,True
270,Exploits,True
271,Exploits,True
272,Exploits,True
273,Reconnaissance,True
274,Fuzzers,True
275,Fuzzers,True
276,Reconnaissance,True
277,Fuzzers,True
278,Fuzzers,True
279,Exploits,True
280,Exploits,True
281,Reconnaissance,True
282,Fuzzers,True
283,Fuzzers,True
284,Fuzzers,True
285,Fuzzers,True
286,Exploits,True
287,Exploits,True
288,DoS,True
289,Fuzzers,True
290,Reconnaissance,True
291,Fuzzers,True
292,Fuzzers,True
293,Fuzzers,True
294,Exploits,True
295,Fuzzers,True
296,Exploits,True
297,Exploits,True
298,Exploits,True
299,Reconnaissance,True
300,Reconnaissance,True
301,Exploits,True
302,Exploits,True
303,Exploits,True
304,Exploits,True
305,Exploits,True
306,Exploits,True
307,Exploits,True
308,Fuzzers,True
309,Fuzzers,True
310,Fuzzers,True
311,Fuzzers,True
312,Reconnaissance,True
313,Reconnaissance,True
314,Fuzzers,True
315,Fuzzers,True
316,Fuzzers,True
317,Exploits,True
318,Fuzzers,True
319,Fuzzers,True
320,Reconnaissance,True
321,Fuzzers,True
322,Fuzzers,True
323,Reconnaissance,True
324,Exploits,True
325,Exploits,True
326,Fuzzers,True
327,Fuzzers,True
328,Fuzzers,True
329,Fuzzers,True
330,Exploits,True
331,Fuzzers,True
332,Exploits,True
333,Exploits,True
334,Fuzzers,True
335,Fuzzers,True
336,Exploits,True
337,DoS,True
338,Fuzzers,True
339,DoS,True
340,Fuzzers,True
341,Fuzzers,True
342,Exploits,True
343,Exploits,True
344,Fuzzers,True
345,Fuzzers,True
346,Fuzzers,True
347,Fuzzers,True
348,Fuzzers,True
349,Fuzzers,True
350,Exploits,True
351,Exploits,True
352,Fuzzers,True
353,Fuzzers,True
354,Fuzzers,True
355,Fuzzers,True
356,Fuzzers,True
357,Fuzzers,True
358,Exploits,True
359,Fuzzers,True
360,DoS,True
361,DoS,True
362,DoS,True
363,Exploits,True
364,Exploits,True
365,Exploits,True
366,Exploits,True
367,Reconnaissance,True
368,Exploits,True
369,Reconnaissance,True
370,Reconnaissance,True
371,Exploits,True
372,Fuzzers,True
373,Exploits,True
374,Exploits,True
375,Exploits,True
376,Reconnaissance,True
377,DoS,True
378,DoS,True
379,Exploits,True
380,Reconnaissance,True
381,Exploits,True
382,Exploits,True
383,Fuzzers,True
384,Fuzzers,True
385,Fuzzers,True
386,Fuzzers,True
387,Fuzzers,True
388,Worms,True
389,Fuzzers,True
390,Fuzzers,True
391,Exploits,True
392,Exploits,True
393,Exploits,True
394,Exploits,True
395,Exploits,True
396,Exploits,True
397,Exploits,True
398,Exploits,True
399,Fuzzers,True
400,Fuzzers,True
401,Fuzzers,True
402,Reconnaissance,True
403,Exploits,True
404,Exploits,True
405,Reconnaissance,True
406,Exploits,True
407,Fuzzers,True
408,Fuzzers,True
409,Exploits,True
410,Exploits,True
411,Fuzzers,True
412,Fuzzers,True
413,Exploits,True
414,Fuzzers,True
415,Fuzzers,True
416,DoS,True
417,Exploits,True
418,Fuzzers,True
419,Exploits,True
420,Exploits,True
421,Exploits,True
422,Exploits,True
423,DoS,True
424,Exploits,True
425,Reconnaissance,True
426,Shellcode,True
427,Exploits,True
428,DoS,True
429,Exploits,True
430,DoS,True
431,Reconnaissance,True
432,Reconnaissance,True
433,Shellcode,True
434,Fuzzers,True
435,Exploits,True
436,Exploits,True
437,Exploits,True
438,Exploits,True
439,Exploits,True
440,Exploits,True
441,Exploits,True
442,Shellcode,True
443,Exploits,True
444,Reconnaissance,True
445,Exploits,True
446,Reconnaissance,True
447,DoS,True
448,Shellcode,True
449,Reconnaissance,True
450,Reconnaissance,True
451,Exploits,True
452,Exploits,True
453,Exploits,True
454,Reconnaissance,True
455,Reconnaissance,True
456,Reconnaissance,True
457,Reconnaissance,True
458,Exploits,True
459,Exploits,True
460,Reconnaissance,True
461,Exploits,True
462,Analysis,True
463,Exploits,True
464,Exploits,True
465,Fuzzers,True
466,DoS,True
467,DoS,True
468,Exploits,True
469,Fuzzers,True
470,DoS,True
471,DoS,True
472,Exploits,True
473,Exploits,True
474,Exploits,True
475,Reconnaissance,True
476,DoS,True
477,DoS,True
478,Exploits,True
479,Exploits,True
480,Exploits,True
481,Reconnaissance,True
482,DoS,True
483,Backdoor,True
484,Exploits,True
485,Exploits,True
486,Fuzzers,True
487,DoS,True
488,DoS,True
489,DoS,True
490,Exploits,True
491,Exploits,True
492,DoS,True
493,Reconnaissance,True
494,Exploits,True
495,Exploits,True
496,Fuzzers,True
497,Reconnaissance,True
498,DoS,True
499,Exploits,True
500,Exploits,True
501,DoS,True
502,Exploits,True
503,Exploits,True
504,Exploits,True
505,Exploits,True
506,Exploits,True
507,Reconnaissance,True
508,Exploits,True
509,Reconnaissance,True
510,Fuzzers,True
511,Reconnaissance,True
512,DoS,True
513,Backdoor,True
514,DoS,True
515,DoS,True
516,DoS,True
517,Exploits,True
518,Exploits,True
519,Exploits,True
520,Exploits,True
521,Reconnaissance,True
522,Exploits,True
523,Exploits,True
524,Backdoor,True
525,Reconnaissance,True
526,Exploits,True
527,DoS,True
528,DoS,True
529,DoS,True
530,DoS,True
531,Exploits,True
532,Exploits,True
533,Analysis,True
534,Exploits,True
535,DoS,True
536,Exploits,True
537,Reconnaissance,True
538,DoS,True
539,Reconnaissance,True
540,Exploits,True
541,Exploits,True
542,Fuzzers,True
543,Exploits,True
544,DoS,True
545,Reconnaissance,True
546,Exploits,True
547,DoS,True
548,Reconnaissance,True
549,Exploits,True
550,Exploits,True
551,Exploits,True
552,DoS,True
553,Exploits,True
554,Exploits,True
555,DoS,True
556,Exploits,True
557,Exploits,True
558,Exploits,True
559,Reconnaissance,True
560,Exploits,True
561,DoS,True
562,Reconnaissance,True
563,Exploits,True
564,Exploits,True
565,Exploits,True
566,Exploits,True
567,Exploits,True
568,DoS,True
569,Reconnaissance,True
570,DoS,True
571,Exploits,True
572,Fuzzers,True
573,Exploits,True
574,DoS,True
575,Exploits,True
576,Exploits,True
577,Exploits,True
578,Shellcode,True
579,Exploits,True
580,Exploits,True
581,Exploits,True
582,Exploits,True
583,Shellcode,True
584,Fuzzers,True
585,Fuzzers,True
586,Exploits,True
587,DoS,True
588,Reconnaissance,True
589,Shellcode,True
590,Analysis,True
591,Exploits,True
592,Fuzzers,True
593,DoS,True
594,Exploits,True
595,DoS,True
596,Reconnaissance,True
597,Exploits,True
598,Fuzzers,True
599,Fuzzers,True
600,DoS,True
601,Fuzzers,True
602,Fuzzers,True
603,Exploits,True
604,Fuzzers,True
605,Fuzzers,True
606,Reconnaissance,True
607,Exploits,True
608,Exploits,True
609,Exploits,True
610,Reconnaissance,True
611,Reconnaissance,True
612,Fuzzers,True
613,DoS,True
614,Exploits,True
615,DoS,True
616,Exploits,True
617,DoS,True
618,Exploits,True
619,Exploits,True
620,Reconnaissance,True
621,Exploits,True
622,DoS,True
623,DoS,True
624,DoS,True
625,Exploits,True
626,Exploits,True
627,Reconnaissance,True
628,Exploits,True
629,Reconnaissance,True
630,Exploits,True
631,Exploits,True
632,Exploits,True
633,Exploits,True
634,Reconnaissance,True
635,Analysis,True
636,Exploits,True
637,DoS,True
638,Exploits,True
639,Exploits,True
640,Exploits,True
641,Reconnaissance,True
642,Reconnaissance,True
643,DoS,True
644,Exploits,True
645,Exploits,True
646,Exploits,True
647,Exploits,True
648,Reconnaissance,True
649,DoS,True
650,Exploits,True
651,DoS,True
652,Reconnaissance,True
653,Exploits,True
654,Fuzzers,True
655,Analysis,True
656,Reconnaissance,True
657,DoS,True
658,Fuzzers,True
659,Exploits,True
660,DoS,True
661,Exploits,True
662,Analysis,True
663,Fuzzers,True
664,DoS,True
665,Fuzzers,True
666,Exploits,True
667,Reconnaissance,True
668,DoS,True
669,Exploits,True
670,Exploits,True
671,Exploits,True
672,Fuzzers,True
673,Exploits,True
674,Analysis,True
675,Reconnaissance,True
676,DoS,True
677,DoS,True
678,Exploits,True
679,Exploits,True
680,DoS,True
681,Analysis,True
682,Reconnaissance,True
683,DoS,True
684,Exploits,True
685,DoS,True
686,Exploits,True
687,Exploits,True
688,Shellcode,True
689,Exploits,True
690,Exploits,True
691,Analysis,True
692,Reconnaissance,True
693,Exploits,True
694,Backdoor,True
695,Reconnaissance,True
696,Reconnaissance,True
697,DoS,True
698,Exploits,True
699,Exploits,True
700,DoS,True
701,DoS,True
702,DoS,True
703,Exploits,True
704,DoS,True
705,Exploits,True
706,Fuzzers,True
707,DoS,True
708,DoS,True
709,Exploits,True
710,DoS,True
711,DoS,True
712,Exploits,True
713,Exploits,True
714,Exploits,True
715,Exploits,True
716,Exploits,True
717,Exploits,True
718,DoS,True
719,Exploits,True
720,Fuzzers,True
721,Exploits,True
722,Reconnaissance,True
723,Exploits,True
724,Shellcode,True
725,Exploits,True
726,Exploits,True
727,Reconnaissance,True
728,Exploits,True
729,Exploits,True
730,Exploits,True
731,Exploits,True
732,Fuzzers,True
733,DoS,True
734,Reconnaissance,True
735,DoS,True
736,DoS,True
737,DoS,True
738,Reconnaissance,True
739,Analysis,True
740,Exploits,True
741,DoS,True
742,Exploits,True
743,Exploits,True
744,DoS,True
745,Exploits,True
746,Exploits,True
747,DoS,True
748,Exploits,True
749,Exploits,True
750,Exploits,True
751,Reconnaissance,True
752,Fuzzers,True
753,Exploits,True
754,DoS,True
755,Exploits,True
756,DoS,True
757,Exploits,True
758,Reconnaissance,True
759,DoS,True
760,DoS,True
761,DoS,True
762,Exploits,True
763,Exploits,True
764,Exploits,True
765,Reconnaissance,True
766,DoS,True
767,Exploits,True
768,Reconnaissance,True
769,Exploits,True
770,Exploits,True
771,DoS,True
772,Reconnaissance,True
773,Reconnaissance,True
774,Fuzzers,True
775,Fuzzers,True
776,DoS,True
777,Fuzzers,True
778,Exploits,True
779,Fuzzers,True
780,Exploits,True
781,Exploits,True
782,Fuzzers,True
783,Shellcode,True
784,Analysis,True
785,Fuzzers,True
786,DoS,True
787,Reconnaissance,True
788,Exploits,True
789,Fuzzers,True
790,Exploits,True
791,Reconnaissance,True
792,Exploits,True
793,DoS,True
794,Fuzzers,True
795,Exploits,True
796,Fuzzers,True
797,Exploits,True
798,Fuzzers,True
799,Exploits,True
800,DoS,True
801,Exploits,True
802,Exploits,True
803,Fuzzers,True
804,Fuzzers,True
805,Fuzzers,True
806,Fuzzers,True
807,Exploits,True
808,Reconnaissance,True
809,Analysis,True
810,Exploits,True
811,DoS,True
812,DoS,True
813,Reconnaissance,True
814,Exploits,True
815,Exploits,True
816,DoS,True
817,DoS,True
818,Reconnaissance,True
819,Exploits,True
820,Exploits,True
821,Exploits,True
822,Worms,True
823,Exploits,True
824,Fuzzers,True
825,Exploits,True
826,Fuzzers,True
827,Fuzzers,True
828,Fuzzers,True
829,Fuzzers,True
830,DoS,True
831,Fuzzers,True
832,DoS,True
833,Fuzzers,True
834,Exploits,True
835,Reconnaissance,True
836,Fuzzers,True
837,Fuzzers,True
838,DoS,True
839,Fuzzers,True
840,DoS,True
841,Exploits,True
842,Fuzzers,True
843,DoS,True
844,Fuzzers,True
845,Exploits,True
846,Fuzzers,True
847,Exploits,True
848,Fuzzers,True
849,Exploits,True
850,Fuzzers,True
851,Exploits,True
852,Fuzzers,True
853,Exploits,True
854,Fuzzers,True
855,DoS,True
856,Exploits,True
857,Fuzzers,True
858,Exploits,True
859,Fuzzers,True
860,Analysis,True
861,Reconnaissance,True
862,DoS,True
863,Fuzzers,True
864,Exploits,True
865,Fuzzers,True
866,Fuzzers,True
867,Reconnaissance,True
868,Reconnaissance,True
869,Fuzzers,True
870,DoS,True
871,Reconnaissance,True
872,Exploits,True
873,Fuzzers,True
874,Exploits,True
875,Exploits,True
876,Fuzzers,True
877,Exploits,True
878,Exploits,True
879,Fuzzers,True
880,DoS,True
881,Fuzzers,True
882,Exploits,True
883,Exploits,True
884,Reconnaissance,True
885,Reconnaissance,True
886,DoS,True
887,Fuzzers,True
888,Fuzzers,True
889,Exploits,True
890,Fuzzers,True
891,Exploits,True
892,Exploits,True
893,DoS,True
894,Fuzzers,True
895,Exploits,True
896,Reconnaissance,True
897,Exploits,True
898,Exploits,True
899,Exploits,True
900,Exploits,True
901,Exploits,True
902,Reconnaissance,True
903,DoS,True
904,Reconnaissance,True
905,Backdoor,True
906,Fuzzers,True
907,Fuzzers,True
908,DoS,True
909,Fuzzers,True
910,Exploits,True
911,Exploits,True
912,Fuzzers,True
913,Exploits,True
914,DoS,True
915,Fuzzers,True
916,DoS,True
917,DoS,True
918,Fuzzers,True
919,Exploits,True
920,Fuzzers,True
921,Exploits,True
922,Reconnaissance,True
923,Exploits,True
924,Reconnaissance,True
925,Exploits,True
926,Reconnaissance,True
927,Exploits,True
928,Reconnaissance,True
929,Exploits,True
930,DoS,True
931,Fuzzers,True
932,Exploits,True
933,Reconnaissance,True
934,Exploits,True
935,Fuzzers,True
936,Exploits,True
937,Exploits,True
938,Exploits,True
939,Reconnaissance,True
940,Shellcode,True
941,Exploits,True
942,Exploits,True
943,Exploits,True
944,Exploits,True
945,Reconnaissance,True
946,DoS,True
947,Reconnaissance,True
948,Exploits,True
949,Reconnaissance,True
950,Reconnaissance,True
951,Reconnaissance,True
952,Reconnaissance,True
953,Exploits,True
954,Exploits,True
955,DoS,True
956,Exploits,True
957,Shellcode,True
958,Exploits,True
959,Exploits,True
960,Exploits,True
961,Exploits,True
962,Exploits,True
963,Reconnaissance,True
964,Reconnaissance,True
965,DoS,True
966,Shellcode,True
967,Exploits,True
968,DoS,True
969,Exploits,True
970,Exploits,True
971,Exploits,True
972,Exploits,True
973,Exploits,True
974,Shellcode,True
975,Reconnaissance,True
976,Exploits,True
977,DoS,True
978,Exploits,True
979,Exploits,True
980,DoS,True
981,Exploits,True
982,Exploits,True
983,Exploits,True
984,Exploits,True
985,Exploits,True
986,Reconnaissance,True
987,Exploits,True
988,Exploits,True
989,Fuzzers,True
990,Exploits,True
991,Exploits,True
992,Shellcode,True
993,Fuzzers,True
994,Exploits,True
995,Reconnaissance,True
996,Fuzzers,True
997,Exploits,True
998,Exploits,True
999,DoS,True
1000,Exploits,True
1001,Exploits,True
1002,Reconnaissance,True
1003,Fuzzers,True
1004,Exploits,True
1005,Exploits,True
1006,Exploits,True
1007,Fuzzers,True
1008,Exploits,True
1009,Reconnaissance,True
1010,Exploits,True
1011,Exploits,True
1012,Exploits,True
1013,Exploits,True
1014,Exploits,True
1015,DoS,True
1016,Fuzzers,True
1017,DoS,True
1018,Exploits,True
1019,Exploits,True
1020,Exploits,True
1021,Reconnaissance,True
1022,Exploits,True
1023,Exploits,True
1024,Reconnaissance,True
1025,DoS,True
1026,Exploits,True
1027,Fuzzers,True
1028,Exploits,True
1029,Fuzzers,True
1030,Exploits,True
1031,Fuzzers,True
1032,Exploits,True
1033,Reconnaissance,True
1034,Exploits,True
1035,Reconnaissance,True
1036,Exploits,True
1037,Exploits,True
1038,Exploits,True
1039,Exploits,True
1040,DoS,True
1041,DoS,True
1042,Reconnaissance,True
1043,Reconnaissance,True
1044,Exploits,True
1045,Reconnaissance,True
1046,Exploits,True
1047,Fuzzers,True
1048,Shellcode,True
1049,Exploits,True
1050,Exploits,True
1051,Fuzzers,True
1052,Fuzzers,True
1053,Fuzzers,True
1054,Exploits,True
1055,Exploits,True
1056,Exploits,True
1057,Fuzzers,True
1058,Reconnaissance,True
1059,Reconnaissance,True
1060,Exploits,True
1061,Exploits,True
1062,DoS,True
1063,Fuzzers,True
1064,Exploits,True
1065,Fuzzers,True
1066,Fuzzers,True
1067,Backdoor,True
1068,Exploits,True
1069,Exploits,True
1070,DoS,True
1071,Fuzzers,True
1072,Exploits,True
1073,Exploits,True
1074,Reconnaissance,True
1075,DoS,True
1076,DoS,True
1077,Exploits,True
1078,Fuzzers,True
1079,Exploits,True
1080,Reconnaissance,True
1081,Reconnaissance,True
1082,Reconnaissance,True
1083,Fuzzers,True
1084,Fuzzers,True
1085,DoS,True
1086,Reconnaissance,True
1087,Fuzzers,True
1088,Backdoor,True
1089,Reconnaissance,True
1090,Exploits,True
1091,Exploits,True
1092,Exploits,True
1093,Fuzzers,True
1094,Shellcode,True
1095,Shellcode,True
1096,Reconnaissance,True
1097,Exploits,True
1098,DoS,True
1099,Exploits,True
1100,Exploits,True
1101,Exploits,True
1102,Exploits,True
1103,Shellcode,True
1104,Reconnaissance,True
1105,Reconnaissance,True
1106,Exploits,True
1107,Exploits,True
1108,Exploits,True
1109,Exploits,True
1110,DoS,True
1111,Reconnaissance,True
1112,Worms,True
1113,Exploits,True
1114,Exploits,True
1115,Fuzzers,True
1116,Reconnaissance,True
1117,DoS,True
1118,Analysis,True
1119,Exploits,True
1120,Exploits,True
1121,Fuzzers,True
1122,DoS,True
1123,Exploits,True
1124,DoS,True
1125,Exploits,True
1126,Fuzzers,True
1127,Exploits,True
1128,Exploits,True
1129,Fuzzers,True
1130,Exploits,True
1131,Exploits,True
1132,Fuzzers,True
1133,Exploits,True
1134,Fuzzers,True
1135,Exploits,True
1136,DoS,True
1137,Exploits,True
1138,Reconnaissance,True
1139,Exploits,True
1140,Shellcode,True
1141,Exploits,True
1142,Exploits,True
1143,Fuzzers,True
1144,Backdoor,True
1145,Exploits,True
1146,Exploits,True
1147,DoS,True
1148,Fuzzers,True
1149,Exploits,True
1150,Exploits,True
1151,Backdoor,True
1152,Exploits,True
1153,Fuzzers,True
1154,DoS,True
1155,Exploits,True
1156,Fuzzers,True
1157,DoS,True
1158,Fuzzers,True
1159,Fuzzers,True
1160,Exploits,True
1161,DoS,True
1162,Fuzzers,True
1163,Exploits,True
1164,Fuzzers,True
1165,DoS,True
1166,Exploits,True
1167,Exploits,True
1168,DoS,True
1169,Exploits,True
1170,Exploits,True
1171,Analysis,True
1172,Fuzzers,True
1173,Fuzzers,True
1174,DoS,True
1175,Fuzzers,True
1176,Exploits,True
1177,Exploits,True
1178,Fuzzers,True
1179,Fuzzers,True
1180,DoS,True
1181,DoS,True
1182,Exploits,True
1183,Fuzzers,True
1184,DoS,True
1185,Fuzzers,True
1186,Fuzzers,True
1187,DoS,True
1188,Exploits,True
1189,Fuzzers,True
1190,Exploits,True
1191,Exploits,True
1192,Exploits,True
1193,Fuzzers,True
1194,DoS,True
1195,Reconnaissance,True
1196,Fuzzers,True
1197,Exploits,True
1198,Exploits,True
1199,Fuzzers,True
1200,Exploits,True
1201,Analysis,True
1202,Fuzzers,True
1203,Reconnaissance,True
1204,DoS,True
1205,Fuzzers,True
1206,Exploits,True
1207,Exploits,True
1208,Exploits,True
1209,DoS,True
1210,Fuzzers,True
1211,Reconnaissance,True
1212,Exploits,True
1213,Exploits,True
1214,Exploits,True
1215,Fuzzers,True
1216,Fuzzers,True
1217,Fuzzers,True
1218,Exploits,True
1219,Exploits,True
1220,Fuzzers,True
1221,Exploits,True
1222,DoS,True
1223,Fuzzers,True
1224,Exploits,True
1225,DoS,True
1226,Fuzzers,True
1227,Fuzzers,True
1228,Fuzzers,True
1229,Exploits,True
1230,Exploits,True
1231,Fuzzers,True
1232,DoS,True
1233,Reconnaissance,True
1234,Fuzzers,True
1235,DoS,True
1236,Exploits,True
1237,Exploits,True
1238,Fuzzers,True
1239,Exploits,True
1240,Fuzzers,True
1241,Fuzzers,True
1242,Exploits,True
1243,Fuzzers,True
1244,Fuzzers,True
1245,Exploits,True
1246,Fuzzers,True
1247,Fuzzers,True
1248,DoS,True
1249,Fuzzers,True
1250,Exploits,True
1251,Reconnaissance,True
1252,Fuzzers,True
1253,Exploits,True
1254,Exploits,True
1255,Fuzzers,True
1256,Reconnaissance,True
1257,Fuzzers,True
1258,Fuzzers,True
1259,Exploits,True
1260,Exploits,True
1261,Reconnaissance,True
1262,Fuzzers,True
1263,Exploits,True
1264,Exploits,True
1265,DoS,True
1266,Exploits,True
1267,Exploits,True
1268,Exploits,True
1269,Exploits,True
1270,Exploits,True
1271,Reconnaissance,True
1272,Exploits,True
1273,Fuzzers,True
1274,Fuzzers,True
1275,Exploits,True
1276,Fuzzers,True
1277,Fuzzers,True
1278,Exploits,True
1279,Reconnaissance,True
1280,Reconnaissance,True
1281,Reconnaissance,True
1282,Backdoor,True
1283,Fuzzers,True
1284,Fuzzers,True
1285,DoS,True
1286,Fuzzers,True
1287,Exploits,True
1288,Exploits,True
1289,DoS,True
1290,DoS,True
1291,Exploits,True
1292,Exploits,True
1293,Exploits,True
1294,Shellcode,True
1295,DoS,True
1296,Reconnaissance,True
1297,Fuzzers,True
1298,Reconnaissance,True
1299,Fuzzers,True
1300,Reconnaissance,True
1301,Exploits,True
1302,Reconnaissance,True
1303,Reconnaissance,True
1304,Exploits,True
1305,Exploits,True
1306,Exploits,True
1307,Exploits,True
1308,Exploits,True
1309,Exploits,True
1310,Exploits,True
1311,Exploits,True
1312,DoS,True
1313,Fuzzers,True
1314,Reconnaissance,True
1315,Reconnaissance,True
1316,Reconnaissance,True
1317,Reconnaissance,True
1318,Reconnaissance,True
1319,Shellcode,True
1320,Fuzzers,True
1321,Exploits,True
1322,Reconnaissance,True
1323,Shellcode,True
1324,Exploits,True
1325,Fuzzers,True
1326,Fuzzers,True
1327,Exploits,True
1328,Fuzzers,True
1329,Reconnaissance,True
1330,Exploits,True
1331,Fuzzers,True
1332,Reconnaissance,True
1333,Reconnaissance,True
1334,Reconnaissance,True
1335,Backdoor,True
1336,Reconnaissance,True
1337,Exploits,True
1338,DoS,True
1339,Fuzzers,True
1340,Exploits,True
1341,Exploits,True
1342,Exploits,True
1343,Fuzzers,True
1344,Exploits,True
1345,Fuzzers,True
1346,Exploits,True
1347,Exploits,True
1348,Fuzzers,True
1349,Fuzzers,True
1350,Reconnaissance,True
1351,Exploits,True
1352,Exploits,True
1353,Fuzzers,True
1354,Exploits,True
1355,Exploits,True
1356,Fuzzers,True
1357,Fuzzers,True
1358,Reconnaissance,True
1359,Exploits,True
1360,Reconnaissance,True
1361,Fuzzers,True
1362,Exploits,True
1363,Exploits,True
1364,Fuzzers,True
1365,Exploits,True
1366,DoS,True
1367,Fuzzers,True
1368,Fuzzers,True
1369,Fuzzers,True
1370,Reconnaissance,True
1371,Exploits,True
1372,Exploits,True
1373,Exploits,True
1374,Fuzzers,True
1375,Fuzzers,True
1376,Reconnaissance,True
1377,Fuzzers,True
1378,Fuzzers,True
1379,Exploits,True
1380,Reconnaissance,True
1381,Fuzzers,True
1382,Exploits,True
1383,Exploits,True
1384,DoS,True
1385,Exploits,True
1386,Exploits,True
1387,Exploits,True
1388,Exploits,True
1389,Exploits,True
1390,Exploits,True
1391,Fuzzers,True
1392,Exploits,True
1393,Fuzzers,True
1394,Exploits,True
1395,Analysis,True
1396,Reconnaissance,True
1397,Exploits,True
1398,Exploits,True
1399,DoS,True
1400,Exploits,True
1401,Exploits,True
1402,DoS,True
1403,Reconnaissance,True
1404,Reconnaissance,True
1405,DoS,True
1406,Reconnaissance,True
1407,Exploits,True
1408,Exploits,True
1409,Exploits,True
1410,Exploits,True
1411,Exploits,True
1412,Exploits,True
1413,Reconnaissance,True
1414,Exploits,True
1415,DoS,True
1416,Exploits,True
1417,Reconnaissance,True
1418,Shellcode,True
1419,Exploits,True
1420,Reconnaissance,True
1421,Exploits,True
1422,Backdoor,True
1423,Exploits,True
1424,Reconnaissance,True
1425,Fuzzers,True
1426,DoS,True
1427,DoS,True
1428,Exploits,True
1429,Exploits,True
1430,Exploits,True
1431,Exploits,True
1432,DoS,True
1433,Exploits,True
1434,Exploits,True
1435,DoS,True
1436,Reconnaissance,True
1437,DoS,True
1438,Fuzzers,True
1439,Exploits,True
1440,Exploits,True
1441,Reconnaissance,True
1442,Exploits,True
1443,Exploits,True
1444,Fuzzers,True
1445,Exploits,True
1446,Reconnaissance,True
1447,Shellcode,True
1448,Exploits,True
1449,Reconnaissance,True
1450,Fuzzers,True
1451,Exploits,True
1452,Exploits,True
1453,Exploits,True
1454,Fuzzers,True
1455,Exploits,True
1456,Exploits,True
1457,Exploits,True
1458,Exploits,True
1459,Exploits,True
1460,Exploits,True
1461,Exploits,True
1462,Exploits,True
1463,Exploits,True
1464,Fuzzers,True
1465,DoS,True
1466,Exploits,True
1467,Exploits,True
1468,DoS,True
1469,DoS,True
1470,Exploits,True
1471,Fuzzers,True
1472,Exploits,True
1473,Exploits,True
1474,Reconnaissance,True
1475,Fuzzers,True
1476,Exploits,True
1477,Exploits,True
1478,DoS,True
1479,Reconnaissance,True
1480,Exploits,True
1481,Exploits,True
1482,DoS,True
1483,Fuzzers,True
1484,Fuzzers,True
1485,Fuzzers,True
1486,Exploits,True
1487,Fuzzers,True
1488,Exploits,True
1489,Exploits,True
1490,Fuzzers,True
1491,Exploits,True
1492,Reconnaissance,True
1493,Fuzzers,True
1494,Reconnaissance,True
1495,DoS,True
1496,Reconnaissance,True
1497,Exploits,True
1498,Backdoor,True
1499,Exploits,True
1500,DoS,True
1501,DoS,True
1502,Exploits,True
1503,Reconnaissance,True
1504,Exploits,True
1505,Exploits,True
1506,Reconnaissance,True
1507,DoS,True
1508,DoS,True
1509,Exploits,True
1510,Reconnaissance,True
1511,Reconnaissance,True
1512,Reconnaissance,True
1513,Fuzzers,True
1514,Exploits,True
1515,Shellcode,True
1516,Fuzzers,True
1517,Exploits,True
1518,Reconnaissance,True
1519,Fuzzers,True
1520,Reconnaissance,True
1521,Exploits,True
1522,Exploits,True
1523,Exploits,True
1524,Exploits,True
1525,Fuzzers,True
1526,Exploits,True
1527,Reconnaissance,True
1528,Reconnaissance,True
1529,Reconnaissance,True
1530,Fuzzers,True
1531,Reconnaissance,True
1532,Exploits,True
1533,Exploits,True
1534,Reconnaissance,True
1535,Exploits,True
1536,Exploits,True
1537,Exploits,True
1538,Exploits,True
1539,Shellcode,True
1540,Exploits,True
1541,Reconnaissance,True
1542,Reconnaissance,True
1543,Exploits,True
1544,Fuzzers,True
1545,DoS,True
1546,Exploits,True
1547,Fuzzers,True
1548,Exploits,True
1549,Exploits,True
1550,Exploits,True
1551,Exploits,True
1552,Reconnaissance,True
1553,Exploits,True
1554,DoS,True
1555,Fuzzers,True
1556,Exploits,True
1557,Exploits,True
1558,Fuzzers,True
1559,Exploits,True
1560,Exploits,True
1561,Exploits,True
1562,Fuzzers,True
1563,DoS,True
1564,Reconnaissance,True
1565,Exploits,True
1566,Fuzzers,True
1567,DoS,True
1568,DoS,True
1569,Exploits,True
1570,Fuzzers,True
1571,Exploits,True
1572,Exploits,True
1573,Shellcode,True
1574,Fuzzers,True
1575,Analysis,True
1576,Reconnaissance,True
1577,Exploits,True
1578,Fuzzers,True
1579,DoS,True
1580,Reconnaissance,True
1581,DoS,True
1582,Exploits,True
1583,DoS,True
1584,Reconnaissance,True
1585,Shellcode,True
1586,Exploits,True
1587,Worms,True
1588,Exploits,True
1589,Exploits,True
1590,Exploits,True
1591,Exploits,True
1592,DoS,True
1593,Exploits,True
1594,DoS,True
1595,Exploits,True
1596,Fuzzers,True
1597,Exploits,True
1598,Reconnaissance,True
1599,Fuzzers,True
1600,Fuzzers,True
1601,Exploits,True
1602,Exploits,True
1603,DoS,True
1604,DoS,True
1605,Shellcode,True
1606,Fuzzers,True
1607,Exploits,True
1608,Exploits,True
1609,Reconnaissance,True
1610,Fuzzers,True
1611,Reconnaissance,True
1612,Exploits,True
1613,DoS,True
1614,Fuzzers,True
1615,DoS,True
1616,Reconnaissance,True
1617,Exploits,True
1618,Exploits,True
1619,Exploits,True
1620,Exploits,True
1621,Reconnaissance,True
1622,Exploits,True
1623,Exploits,True
1624,DoS,True
1625,Backdoor,True
1626,Reconnaissance,True
1627,Reconnaissance,True
1628,DoS,True
1629,Exploits,True
1630,DoS,True
1631,Exploits,True
1632,Exploits,True
1633,DoS,True
1634,DoS,True
1635,Reconnaissance,True
1636,Exploits,True
1637,Reconnaissance,True
1638,Analysis,True
1639,Reconnaissance,True
1640,Reconnaissance,True
1641,Exploits,True
1642,Exploits,True
1643,DoS,True
1644,Fuzzers,True
1645,Exploits,True
1646,Exploits,True
1647,DoS,True
1648,Exploits,True
1649,DoS,True
1650,Exploits,True
1651,DoS,True
1652,Reconnaissance,True
1653,Exploits,True
1654,Exploits,True
1655,Exploits,True
1656,Reconnaissance,True
1657,Exploits,True
1658,Exploits,True
1659,DoS,True
1660,Reconnaissance,True
1661,Fuzzers,True
1662,DoS,True
1663,DoS,True
1664,Exploits,True
1665,Fuzzers,True
1666,Exploits,True
1667,DoS,True
1668,Reconnaissance,True
1669,Reconnaissance,True
1670,Exploits,True
1671,Analysis,True
1672,Fuzzers,True
1673,Exploits,True
1674,DoS,True
1675,DoS,True
1676,Fuzzers,True
1677,Exploits,True
1678,DoS,True
1679,Analysis,True
1680,Exploits,True
1681,Exploits,True
1682,Exploits,True
1683,Reconnaissance,True
1684,DoS,True
1685,Exploits,True
1686,Exploits,True
1687,Fuzzers,True
1688,Exploits,True
1689,Fuzzers,True
1690,Fuzzers,True
1691,Analysis,True
1692,Exploits,True
1693,Exploits,True
1694,Reconnaissance,True
1695,DoS,True
1696,Exploits,True
1697,DoS,True
1698,DoS,True
1699,Reconnaissance,True
1700,Reconnaissance,True
1701,DoS,True
1702,DoS,True
1703,Backdoor,True
1704,Exploits,True
1705,Reconnaissance,True
1706,Exploits,True
1707,DoS,True
1708,Reconnaissance,True
1709,DoS,True
1710,DoS,True
1711,Exploits,True
1712,Fuzzers,True
1713,Exploits,True
1714,Reconnaissance,True
1715,Exploits,True
1716,Fuzzers,True
1717,Exploits,True
1718,Exploits,True
1719,Analysis,True
1720,DoS,True
1721,Fuzzers,True
1722,Exploits,True
1723,DoS,True
1724,Reconnaissance,True
1725,Exploits,True
1726,Exploits,True
1727,DoS,True
1728,Fuzzers,True
1729,DoS,True
1730,Shellcode,True
1731,Exploits,True
1732,Fuzzers,True
1733,Reconnaissance,True
1734,Exploits,True
1735,Exploits,True
1736,Exploits,True
1737,Exploits,True
1738,Fuzzers,True
1739,Exploits,True
1740,Exploits,True
1741,Reconnaissance,True
1742,Exploits,True
1743,Exploits,True
1744,DoS,True
1745,Exploits,True
1746,Exploits,True
1747,Reconnaissance,True
1748,Exploits,True
1749,DoS,True
1750,Reconnaissance,True
1751,Exploits,True
1752,Exploits,True
1753,Fuzzers,True
1754,Fuzzers,True
1755,Exploits,True
1756,DoS,True
1757,Exploits,True
1758,DoS,True
1759,Exploits,True
1760,Exploits,True
1761,DoS,True
1762,Reconnaissance,True
1763,DoS,True
1764,DoS,True
1765,Exploits,True
1766,Fuzzers,True
1767,DoS,True
1768,DoS,True
1769,Exploits,True
1770,DoS,True
1771,Exploits,True
1772,Exploits,True
1773,Fuzzers,True
1774,Exploits,True
1775,Exploits,True
1776,Exploits,True
1777,Exploits,True
1778,Analysis,True
1779,Fuzzers,True
1780,Reconnaissance,True
1781,Fuzzers,True
1782,Exploits,True
1783,Exploits,True
1784,Exploits,True
1785,Exploits,True
1786,Fuzzers,True
1787,DoS,True
1788,Exploits,True
1789,Exploits,True
1790,Exploits,True
1791,Reconnaissance,True
1792,Analysis,True
1793,Reconnaissance,True
1794,Shellcode,True
1795,Exploits,True
1796,DoS,True
1797,Fuzzers,True
1798,Exploits,True
1799,Exploits,True
1800,DoS,True
1801,Fuzzers,True
1802,Reconnaissance,True
1803,Exploits,True
1804,DoS,True
1805,Fuzzers,True
1806,Exploits,True
1807,Exploits,True
1808,DoS,True
1809,Fuzzers,True
1810,Exploits,True
1811,Reconnaissance,True
1812,Exploits,True
1813,Reconnaissance,True
1814,Backdoor,True
1815,DoS,True
1816,DoS,True
1817,Fuzzers,True
1818,DoS,True
1819,Exploits,True
1820,DoS,True
1821,Fuzzers,True
1822,DoS,True
1823,Fuzzers,True
1824,Exploits,True
1825,Fuzzers,True
1826,DoS,True
1827,Analysis,True
1828,Exploits,True
1829,Exploits,True
1830,Exploits,True
1831,DoS,True
1832,Exploits,True
1833,Fuzzers,True
1834,Fuzzers,True
1835,Exploits,True
1836,Exploits,True
1837,Fuzzers,True
1838,Exploits,True
1839,Exploits,True
1840,Exploits,True
1841,Analysis,True
1842,Exploits,True
1843,DoS,True
1844,Fuzzers,True
1845,DoS,True
1846,DoS,True
1847,Reconnaissance,True
1848,Fuzzers,True
1849,DoS,True
1850,Exploits,True
1851,Fuzzers,True
1852,Exploits,True
1853,Exploits,True
1854,Reconnaissance,True
1855,Fuzzers,True
1856,DoS,True
1857,Reconnaissance,True
1858,Exploits,True
1859,Exploits,True
1860,Backdoor,True
1861,Exploits,True
1862,Reconnaissance,True
1863,DoS,True
1864,Fuzzers,True
1865,Exploits,True
1866,DoS,True
1867,Fuzzers,True
1868,Exploits,True
1869,Reconnaissance,True
1870,DoS,True
1871,Exploits,True
1872,Exploits,True
1873,Exploits,True
1874,Exploits,True
1875,Exploits,True
1876,Fuzzers,True
1877,Reconnaissance,True
1878,Fuzzers,True
1879,DoS,True
1880,DoS,True
1881,Reconnaissance,True
1882,Fuzzers,True
1883,Exploits,True
1884,DoS,True
1885,DoS,True
1886,Exploits,True
1887,Exploits,True
1888,Exploits,True
1889,Exploits,True
1890,Exploits,True
1891,Reconnaissance,True
1892,Exploits,True
1893,Fuzzers,True
1894,Fuzzers,True
1895,Exploits,True
1896,Reconnaissance,True
1897,DoS,True
1898,Exploits,True
1899,Reconnaissance,True
1900,DoS,True
1901,DoS,True
1902,Exploits,True
1903,Exploits,True
1904,Exploits,True
1905,DoS,True
1906,Exploits,True
1907,Exploits,True
1908,Exploits,True
1909,Exploits,True
1910,Exploits,True
1911,Reconnaissance,True
1912,Exploits,True
1913,Reconnaissance,True
1914,Exploits,True
1915,Reconnaissance,True
1916,Analysis,True
1917,DoS,True
1918,Exploits,True
1919,Fuzzers,True
1920,DoS,True
1921,DoS,True
1922,Exploits,True
1923,Fuzzers,True
1924,DoS,True
1925,Fuzzers,True
1926,DoS,True
1927,Fuzzers,True
1928,DoS,True
1929,DoS,True
1930,Fuzzers,True
1931,DoS,True
1932,Fuzzers,True
1933,Exploits,True
1934,Fuzzers,True
1935,Exploits,True
1936,Fuzzers,True
1937,Exploits,True
1938,Fuzzers,True
1939,Reconnaissance,True
1940,Reconnaissance,True
1941,DoS,True
1942,Fuzzers,True
1943,Fuzzers,True
1944,Reconnaissance,True
1945,Exploits,True
1946,Fuzzers,True
1947,DoS,True
1948,Reconnaissance,True
1949,Exploits,True
1950,Fuzzers,True
1951,Exploits,True
1952,Reconnaissance,True
1953,Fuzzers,True
1954,Fuzzers,True
1955,Exploits,True
1956,Fuzzers,True
1957,Reconnaissance,True
1958,Exploits,True
1959,DoS,True
1960,DoS,True
1961,Fuzzers,True
1962,Reconnaissance,True
1963,Fuzzers,True
1964,Exploits,True
1965,Reconnaissance,True
1966,DoS,True
1967,Fuzzers,True
1968,DoS,True
1969,Fuzzers,True
1970,Exploits,True
1971,Fuzzers,True
1972,Reconnaissance,True
1973,Exploits,True
1974,Backdoor,True
1975,DoS,True
1976,Fuzzers,True
1977,Fuzzers,True
1978,Exploits,True
1979,DoS,True
1980,Exploits,True
1981,Exploits,True
1982,Exploits,True
1983,Exploits,True
1984,Fuzzers,True
1985,Fuzzers,True
1986,Exploits,True
1987,Exploits,True
1988,Fuzzers,True
1989,Exploits,True
1990,Exploits,True
1991,Fuzzers,True
1992,Fuzzers,True
1993,DoS,True
1994,DoS,True
1995,Fuzzers,True
1996,DoS,True
1997,Exploits,True
1998,Fuzzers,True
1999,Exploits,True
2000,Exploits,True
2001,Exploits,True
2002,Analysis,True
2003,Exploits,True
2004,Exploits,True
2005,Fuzzers,True
2006,Exploits,True
2007,Exploits,True
2008,Fuzzers,True
2009,Exploits,True
2010,Exploits,True
2011,Exploits,True
2012,DoS,True
2013,DoS,True
2014,Exploits,True
2015,DoS,True
2016,Fuzzers,True
2017,DoS,True
2018,Exploits,True
2019,Exploits,True
2020,Exploits,True
2021,DoS,True
2022,Fuzzers,True
2023,Exploits,True
2024,Fuzzers,True
2025,DoS,True
2026,Reconnaissance,True
2027,DoS,True
2028,Reconnaissance,True
2029,Exploits,True
2030,Exploits,True
2031,Exploits,True
2032,DoS,True
2033,Exploits,True
2034,Fuzzers,True
2035,Exploits,True
2036,Exploits,True
2037,Fuzzers,True
2038,Reconnaissance,True
2039,Reconnaissance,True
2040,Reconnaissance,True
2041,DoS,True
2042,Fuzzers,True
2043,Reconnaissance,True
2044,DoS,True
2045,Exploits,True
2046,DoS,True
2047,DoS,True
2048,Fuzzers,True
2049,Exploits,True
2050,Exploits,True
2051,DoS,True
2052,Fuzzers,True
2053,DoS,True
2054,Exploits,True
2055,Reconnaissance,True
2056,Exploits,True
2057,Reconnaissance,True
2058,DoS,True
2059,Reconnaissance,True
2060,Exploits,True
2061,Exploits,True
2062,DoS,True
2063,Exploits,True
2064,Exploits,True
2065,Exploits,True
2066,Exploits,True
2067,DoS,True
2068,Reconnaissance,True
2069,Fuzzers,True
2070,Exploits,True
2071,Fuzzers,True
2072,Analysis,True
2073,Reconnaissance,True
2074,Fuzzers,True
2075,Reconnaissance,True
2076,DoS,True
2077,Exploits,True
2078,Fuzzers,True
2079,DoS,True
2080,Reconnaissance,True
2081,Fuzzers,True
2082,DoS,True
2083,DoS,True
2084,Fuzzers,True
2085,DoS,True
2086,DoS,True
2087,Exploits,True
2088,Fuzzers,True
2089,DoS,True
2090,Fuzzers,True
2091,Fuzzers,True
2092,DoS,True
2093,Exploits,True
2094,Reconnaissance,True
2095,Fuzzers,True
2096,Exploits,True
2097,DoS,True
2098,DoS,True
2099,DoS,True
2100,Reconnaissance,True
2101,Exploits,True
2102,Exploits,True
2103,Backdoor,True
2104,Exploits,True
2105,Exploits,True
2106,Reconnaissance,True
2107,Fuzzers,True
2108,DoS,True
2109,Fuzzers,True
2110,Reconnaissance,True
2111,Exploits,True
2112,Reconnaissance,True
2113,Reconnaissance,True
2114,Exploits,True
2115,Exploits,True
2116,Exploits,True
2117,Exploits,True
2118,DoS,True
2119,Exploits,True
2120,Fuzzers,True
2121,Exploits,True
2122,Fuzzers,True
2123,DoS,True
2124,Analysis,True
2125,Exploits,True
2126,Fuzzers,True
2127,DoS,True
2128,DoS,True
2129,Reconnaissance,True
2130,Fuzzers,True
2131,Fuzzers,True
2132,DoS,True
2133,Exploits,True
2134,Reconnaissance,True
2135,Reconnaissance,True
2136,Reconnaissance,True
2137,DoS,True
2138,DoS,True
2139,Exploits,True
2140,Exploits,True
2141,Exploits,True
2142,Exploits,True
2143,Reconnaissance,True
2144,Exploits,True
2145,DoS,True
2146,Reconnaissance,True
2147,DoS,True
2148,DoS,True
2149,Exploits,True
2150,DoS,True
2151,Exploits,True
2152,Exploits,True
2153,Fuzzers,True
2154,Exploits,True
2155,Exploits,True
2156,Exploits,True
2157,Analysis,True
2158,Exploits,True
2159,Exploits,True
2160,Exploits,True
2161,DoS,True
2162,Reconnaissance,True
2163,Exploits,True
2164,DoS,True
2165,DoS,True
2166,Reconnaissance,True
2167,Exploits,True
2168,DoS,True
2169,DoS,True
2170,Exploits,True
2171,Fuzzers,True
2172,Exploits,True
2173,Exploits,True
2174,Reconnaissance,True
2175,DoS,True
2176,Exploits,True
2177,Exploits,True
2178,Exploits,True
2179,Exploits,True
2180,Shellcode,True
2181,Fuzzers,True
2182,DoS,True
2183,Reconnaissance,True
2184,Reconnaissance,True
2185,Exploits,True
2186,Exploits,True
2187,Exploits,True
2188,DoS,True
2189,Exploits,True
2190,Exploits,True
2191,Exploits,True
2192,DoS,True
2193,Exploits,True
2194,DoS,True
2195,DoS,True
2196,Exploits,True
2197,Exploits,True
2198,DoS,True
2199,DoS,True
2200,Exploits,True
2201,Reconnaissance,True
2202,Exploits,True
2203,DoS,True
2204,Exploits,True
2205,Exploits,True
2206,Reconnaissance,True
2207,Exploits,True
2208,Exploits,True
2209,DoS,True
2210,Exploits,True
2211,Exploits,True
2212,DoS,True
2213,DoS,True
2214,DoS,True
2215,DoS,True
2216,DoS,True
2217,DoS,True
2218,Exploits,True
2219,Reconnaissance,True
2220,DoS,True
2221,Exploits,True
2222,Fuzzers,True
2223,Reconnaissance,True
2224,DoS,True
2225,Fuzzers,True
2226,Exploits,True
2227,DoS,True
2228,Exploits,True
2229,Fuzzers,True
2230,Exploits,True
2231,DoS,True
2232,Fuzzers,True
2233,Fuzzers,True
2234,Reconnaissance,True
2235,Exploits,True
2236,Analysis,True
2237,Fuzzers,True
2238,DoS,True
2239,Exploits,True
2240,Fuzzers,True
2241,DoS,True
2242,DoS,True
2243,Exploits,True
2244,Exploits,True
2245,DoS,True
2246,Exploits,True
2247,Reconnaissance,True
2248,Exploits,True
2249,DoS,True
2250,Exploits,True
2251,Exploits,True
2252,Exploits,True
2253,Exploits,True
2254,DoS,True
2255,Shellcode,True
2256,Exploits,True
2257,Exploits,True
2258,Exploits,True
2259,Exploits,True
2260,Exploits,True
2261,Exploits,True
2262,Exploits,True
2263,Exploits,True
2264,Exploits,True
2265,DoS,True
2266,Reconnaissance,True
2267,Exploits,True
2268,Fuzzers,True
2269,Fuzzers,True
2270,Exploits,True
2271,DoS,True
2272,DoS,True
2273,Fuzzers,True
2274,Exploits,True
2275,DoS,True
2276,Fuzzers,True
2277,Fuzzers,True
2278,DoS,True
2279,Reconnaissance,True
2280,DoS,True
2281,Exploits,True
2282,Exploits,True
2283,Exploits,True
2284,DoS,True
2285,Exploits,True
2286,Fuzzers,True
2287,Exploits,True
2288,DoS,True
2289,Exploits,True
2290,Reconnaissance,True
2291,DoS,True
2292,Exploits,True
2293,Exploits,True
2294,Exploits,True
2295,Fuzzers,True
2296,Fuzzers,True
2297,Fuzzers,True
2298,Fuzzers,True
2299,DoS,True
2300,Fuzzers,True
2301,DoS,True
2302,Reconnaissance,True
2303,Exploits,True
2304,Exploits,True
2305,Exploits,True
2306,DoS,True
2307,Exploits,True
2308,DoS,True
2309,Reconnaissance,True
2310,Exploits,True
2311,Reconnaissance,True
2312,DoS,True
2313,Exploits,True
2314,Fuzzers,True
2315,Exploits,True
2316,DoS,True
2317,Fuzzers,True
2318,Exploits,True
2319,Fuzzers,True
2320,Reconnaissance,True
2321,DoS,True
2322,Reconnaissance,True
2323,Reconnaissance,True
2324,DoS,True
2325,Exploits,True
2326,Exploits,True
2327,DoS,True
2328,Exploits,True
2329,DoS,True
2330,Exploits,True
2331,Reconnaissance,True
2332,DoS,True
2333,Exploits,True
2334,DoS,True
2335,Exploits,True
2336,Exploits,True
2337,DoS,True
2338,DoS,True
2339,Exploits,True
2340,Exploits,True
2341,Exploits,True
2342,DoS,True
2343,DoS,True
2344,DoS,True
2345,Reconnaissance,True
2346,DoS,True
2347,DoS,True
2348,Exploits,True
2349,Exploits,True
2350,Exploits,True
2351,Reconnaissance,True
2352,Exploits,True
2353,Exploits,True
2354,Exploits,True
2355,DoS,True
2356,Reconnaissance,True
2357,DoS,True
2358,DoS,True
2359,Exploits,True
2360,Exploits,True
2361,Exploits,True
2362,Exploits,True
2363,Reconnaissance,True
2364,Exploits,True
2365,Exploits,True
2366,DoS,True
2367,Reconnaissance,True
2368,Exploits,True
2369,Exploits,True
2370,DoS,True
2371,Shellcode,True
2372,DoS,True
2373,Exploits,True
2374,Exploits,True
2375,Exploits,True
2376,Reconnaissance,True
2377,Analysis,True
2378,Exploits,True
2379,Reconnaissance,True
2380,Exploits,True
2381,DoS,True
2382,Reconnaissance,True
2383,DoS,True
2384,Exploits,True
2385,Exploits,True
2386,DoS,True
2387,Reconnaissance,True
2388,Reconnaissance,True
2389,DoS,True
2390,Exploits,True
2391,DoS,True
2392,DoS,True
2393,DoS,True
2394,DoS,True
2395,Fuzzers,True
2396,Exploits,True
2397,DoS,True
2398,Exploits,True
2399,Exploits,True
2400,Exploits,True
2401,Fuzzers,True
2402,Exploits,True
2403,Reconnaissance,True
2404,Exploits,True
2405,Fuzzers,True
2406,DoS,True
2407,Reconnaissance,True
2408,Shellcode,True
2409,Analysis,True
2410,Exploits,True
2411,Exploits,True
2412,DoS,True
2413,DoS,True
2414,Exploits,True
2415,Exploits,True
2416,Reconnaissance,True
2417,DoS,True
2418,Exploits,True
2419,Reconnaissance,True
2420,Exploits,True
2421,Fuzzers,True
2422,Exploits,True
2423,Exploits,True
2424,DoS,True
2425,Exploits,True
2426,Exploits,True
2427,DoS,True
2428,DoS,True
2429,Reconnaissance,True
2430,Exploits,True
2431,DoS,True
2432,Exploits,True
2433,Exploits,True
2434,DoS,True
2435,Exploits,True
2436,Exploits,True
2437,Exploits,True
2438,Fuzzers,True
2439,Fuzzers,True
2440,Exploits,True
2441,Fuzzers,True
2442,Exploits,True
2443,Analysis,True
2444,Reconnaissance,True
2445,Reconnaissance,True
2446,Exploits,True
2447,DoS,True
2448,Exploits,True
2449,DoS,True
2450,DoS,True
2451,Exploits,True
2452,Reconnaissance,True
2453,DoS,True
2454,Exploits,True
2455,Exploits,True
2456,DoS,True
2457,DoS,True
2458,Exploits,True
2459,Exploits,True
2460,DoS,True
2461,DoS,True
2462,Fuzzers,True
2463,Exploits,True
2464,Exploits,True
2465,DoS,True
2466,Reconnaissance,True
2467,Exploits,True
2468,Exploits,True
2469,Reconnaissance,True
2470,Exploits,True
2471,Fuzzers,True
2472,Exploits,True
2473,Exploits,True
2474,Exploits,True
2475,Shellcode,True
2476,Exploits,True
2477,Exploits,True
2478,Exploits,True
2479,Exploits,True
2480,Exploits,True
2481,DoS,True
2482,Exploits,True
2483,Reconnaissance,True
2484,Fuzzers,True
2485,Exploits,True
2486,DoS,True
2487,Reconnaissance,True
2488,Reconnaissance,True
2489,Reconnaissance,True
2490,DoS,True
2491,Exploits,True
2492,Exploits,True
2493,DoS,True
2494,Exploits,True
2495,DoS,True
2496,Exploits,True
2497,Exploits,True
2498,Reconnaissance,True
2499,Reconnaissance,True
2500,Exploits,True
2501,Exploits,True
2502,Exploits,True
2503,Exploits,True
2504,DoS,True
2505,Exploits,True
2506,Exploits,True
2507,DoS,True
2508,Fuzzers,True
2509,Reconnaissance,True
2510,Reconnaissance,True
2511,DoS,True
2512,Reconnaissance,True
2513,Fuzzers,True
2514,Reconnaissance,True
2515,Exploits,True
2516,Exploits,True
2517,Fuzzers,True
2518,DoS,True
2519,Exploits,True
2520,Exploits,True
2521,DoS,True
2522,Exploits,True
2523,Fuzzers,True
2524,Fuzzers,True
2525,Exploits,True
2526,Fuzzers,True
2527,Fuzzers,True
2528,Fuzzers,True
2529,Exploits,True
2530,Fuzzers,True
2531,Exploits,True
2532,Reconnaissance,True
2533,Fuzzers,True
2534,Exploits,True
2535,Reconnaissance,True
2536,DoS,True
2537,Exploits,True
2538,DoS,True
2539,Exploits,True
2540,Exploits,True
2541,Exploits,True
2542,DoS,True
2543,Fuzzers,True
2544,Exploits,True
2545,Fuzzers,True
2546,DoS,True
2547,Exploits,True
2548,Fuzzers,True
2549,Reconnaissance,True
2550,DoS,True
2551,Exploits,True
2552,Fuzzers,True
2553,Exploits,True
2554,Exploits,True
2555,Exploits,True
2556,Analysis,True
2557,DoS,True
2558,Exploits,True
2559,Fuzzers,True
2560,DoS,True
2561,Exploits,True
2562,DoS,True
2563,Exploits,True
2564,DoS,True
2565,Fuzzers,True
2566,Exploits,True
2567,DoS,True
2568,Exploits,True
2569,DoS,True
2570,Exploits,True
2571,Exploits,True
2572,Reconnaissance,True
2573,Exploits,True
2574,Exploits,True
2575,Reconnaissance,True
2576,Reconnaissance,True
2577,Exploits,True
2578,DoS,True
2579,Reconnaissance,True
2580,Exploits,True
2581,DoS,True
2582,DoS,True
2583,Exploits,True
2584,Exploits,True
2585,Exploits,True
2586,Reconnaissance,True
2587,Exploits,True
2588,Reconnaissance,True
2589,Shellcode,True
2590,DoS,True
2591,Exploits,True
2592,Fuzzers,True
2593,DoS,True
2594,Exploits,True
2595,DoS,True
2596,Exploits,True
2597,Exploits,True
2598,Exploits,True
2599,DoS,True
2600,Reconnaissance,True
2601,DoS,True
2602,DoS,True
2603,DoS,True
2604,DoS,True
2605,Exploits,True
2606,Exploits,True
2607,Exploits,True
2608,Exploits,True
2609,DoS,True
2610,Reconnaissance,True
2611,Exploits,True
2612,Reconnaissance,True
2613,Exploits,True
2614,Fuzzers,True
2615,DoS,True
2616,Exploits,True
2617,Reconnaissance,True
2618,Reconnaissance,True
2619,DoS,True
2620,Fuzzers,True
2621,Exploits,True
2622,Exploits,True
2623,DoS,True
2624,DoS,True
2625,Exploits,True
2626,Fuzzers,True
2627,Fuzzers,True
2628,Exploits,True
2629,DoS,True
2630,Exploits,True
2631,Exploits,True
2632,Exploits,True
2633,Reconnaissance,True
2634,Exploits,True
2635,Fuzzers,True
2636,Exploits,True
2637,Exploits,True
2638,Exploits,True
2639,Fuzzers,True
2640,Fuzzers,True
2641,DoS,True
2642,DoS,True
2643,Exploits,True
2644,Exploits,True
2645,DoS,True
2646,Reconnaissance,True
2647,Backdoor,True
2648,DoS,True
2649,DoS,True
2650,Exploits,True
2651,DoS,True
2652,Shellcode,True
2653,Reconnaissance,True
2654,DoS,True
2655,Reconnaissance,True
2656,DoS,True
2657,DoS,True
2658,Exploits,True
2659,Reconnaissance,True
2660,DoS,True
2661,DoS,True
2662,Exploits,True
2663,Reconnaissance,True
2664,Exploits,True
2665,Fuzzers,True
2666,DoS,True
2667,Exploits,True
2668,Exploits,True
2669,Fuzzers,True
2670,Fuzzers,True
2671,Exploits,True
2672,Exploits,True
2673,Fuzzers,True
2674,Exploits,True
2675,Exploits,True
2676,Fuzzers,True
2677,Reconnaissance,True
2678,Exploits,True
2679,Fuzzers,True
2680,Exploits,True
2681,Fuzzers,True
2682,Analysis,True
2683,Exploits,True
2684,Exploits,True
2685,Fuzzers,True
2686,DoS,True
2687,Exploits,True
2688,Exploits,True
2689,DoS,True
2690,Exploits,True
2691,Exploits,True
2692,Reconnaissance,True
2693,DoS,True
2694,Exploits,True
2695,Reconnaissance,True
2696,DoS,True
2697,Exploits,True
2698,Fuzzers,True
2699,Exploits,True
2700,Exploits,True
2701,DoS,True
2702,Exploits,True
2703,Fuzzers,True
2704,Exploits,True
2705,Exploits,True
2706,Exploits,True
2707,Exploits,True
2708,Exploits,True
2709,Exploits,True
2710,Reconnaissance,True
2711,Exploits,True
2712,Exploits,True
2713,DoS,True
2714,Fuzzers,True
2715,Fuzzers,True
2716,Reconnaissance,True
2717,Fuzzers,True
2718,Reconnaissance,True
2719,Reconnaissance,True
2720,DoS,True
2721,Exploits,True
2722,Exploits,True
2723,DoS,True
2724,DoS,True
2725,Exploits,True
2726,Fuzzers,True
2727,DoS,True
2728,DoS,True
2729,DoS,True
2730,Exploits,True
2731,DoS,True
2732,Fuzzers,True
2733,DoS,True
2734,Fuzzers,True
2735,Reconnaissance,True
2736,DoS,True
2737,Exploits,True
2738,DoS,True
2739,Reconnaissance,True
2740,DoS,True
2741,DoS,True
2742,Exploits,True
2743,Reconnaissance,True
2744,DoS,True
2745,DoS,True
2746,Exploits,True
2747,Reconnaissance,True
2748,Fuzzers,True
2749,Exploits,True
2750,Exploits,True
2751,DoS,True
2752,Exploits,True
2753,Fuzzers,True
2754,Exploits,True
2755,Exploits,True
2756,Exploits,True
2757,Analysis,True
2758,Exploits,True
2759,DoS,True
2760,Reconnaissance,True
2761,DoS,True
2762,Exploits,True
2763,Exploits,True
2764,Exploits,True
2765,Reconnaissance,True
2766,DoS,True
2767,DoS,True
2768,Exploits,True
2769,DoS,True
2770,Exploits,True
2771,Exploits,True
2772,Exploits,True
2773,Backdoor,True
2774,Reconnaissance,True
2775,Reconnaissance,True
2776,Exploits,True
2777,Exploits,True
2778,DoS,True
2779,Fuzzers,True
2780,Exploits,True
2781,Exploits,True
2782,Reconnaissance,True
2783,Reconnaissance,True
2784,Reconnaissance,True
2785,Exploits,True
2786,Exploits,True
2787,Fuzzers,True
2788,DoS,True
2789,Exploits,True
2790,Exploits,True
2791,Analysis,True
2792,DoS,True
2793,Exploits,True
2794,Analysis,True
2795,Fuzzers,True
2796,Exploits,True
2797,Exploits,True
2798,Reconnaissance,True
2799,Fuzzers,True
2800,DoS,True
2801,Fuzzers,True
2802,DoS,True
2803,DoS,True
2804,Backdoor,True
2805,Exploits,True
2806,DoS,True
2807,DoS,True
2808,DoS,True
2809,DoS,True
2810,DoS,True
2811,Exploits,True
2812,DoS,True
2813,Exploits,True
2814,DoS,True
2815,DoS,True
2816,Exploits,True
2817,Exploits,True
2818,Exploits,True
2819,Exploits,True
2820,DoS,True
2821,Exploits,True
2822,Analysis,True
2823,DoS,True
2824,Exploits,True
2825,DoS,True
2826,DoS,True
2827,Exploits,True
2828,Exploits,True
2829,Fuzzers,True
2830,DoS,True
2831,DoS,True
2832,DoS,True
2833,DoS,True
2834,DoS,True
2835,Exploits,True
2836,Exploits,True
2837,Exploits,True
2838,Exploits,True
2839,Exploits,True
2840,Analysis,True
2841,Exploits,True
2842,DoS,True
2843,DoS,True
2844,Exploits,True
2845,Exploits,True
2846,DoS,True
2847,Exploits,True
2848,Reconnaissance,True
2849,Exploits,True
2850,DoS,True
2851,DoS,True
2852,Exploits,True
2853,DoS,True
2854,Worms,True
2855,Exploits,True
2856,Fuzzers,True
2857,Reconnaissance,True
2858,Fuzzers,True
2859,Fuzzers,True
2860,Fuzzers,True
2861,Analysis,True
2862,DoS,True
2863,DoS,True
2864,DoS,True
2865,DoS,True
2866,Exploits,True
2867,DoS,True
2868,Fuzzers,True
2869,DoS,True
2870,Exploits,True
2871,Exploits,True
2872,Reconnaissance,True
2873,Exploits,True
2874,Exploits,True
2875,Fuzzers,True
2876,Exploits,True
2877,DoS,True
2878,DoS,True
2879,DoS,True
2880,Reconnaissance,True
2881,DoS,True
2882,DoS,True
2883,DoS,True
2884,Exploits,True
2885,Fuzzers,True
2886,Exploits,True
2887,Fuzzers,True
2888,Fuzzers,True
2889,DoS,True
2890,Fuzzers,True
2891,Exploits,True
2892,Analysis,True
2893,Analysis,True
2894,DoS,True
2895,DoS,True
2896,DoS,True
2897,DoS,True
2898,DoS,True
2899,Shellcode,True
2900,Exploits,True
2901,DoS,True
2902,Exploits,True
2903,Exploits,True
2904,Exploits,True
2905,Fuzzers,True
2906,Exploits,True
2907,Reconnaissance,True
2908,Exploits,True
2909,Analysis,True
2910,Fuzzers,True
2911,Exploits,True
2912,DoS,True
2913,Fuzzers,True
2914,Reconnaissance,True
2915,DoS,True
2916,Fuzzers,True
2917,Exploits,True
2918,DoS,True
2919,DoS,True
2920,Exploits,True
2921,Fuzzers,True
2922,Exploits,True
2923,Exploits,True
2924,DoS,True
2925,DoS,True
2926,DoS,True
2927,Exploits,True
2928,Exploits,True
2929,Exploits,True
2930,Exploits,True
2931,Exploits,True
2932,Reconnaissance,True
2933,Fuzzers,True
2934,DoS,True
2935,Fuzzers,True
2936,DoS,True
2937,Exploits,True
2938,Exploits,True
2939,DoS,True
2940,Fuzzers,True
2941,DoS,True
2942,Fuzzers,True
2943,Analysis,True
2944,DoS,True
2945,Analysis,True
2946,DoS,True
2947,Exploits,True
2948,DoS,True
2949,DoS,True
2950,Exploits,True
2951,DoS,True
2952,Exploits,True
2953,Reconnaissance,True
2954,DoS,True
2955,DoS,True
2956,DoS,True
2957,Exploits,True
2958,DoS,True
2959,Exploits,True
2960,Exploits,True
2961,DoS,True
2962,Fuzzers,True
2963,DoS,True
2964,Exploits,True
2965,Exploits,True
2966,Reconnaissance,True
2967,DoS,True
2968,Exploits,True
2969,DoS,True
2970,DoS,True
2971,Exploits,True
2972,Reconnaissance,True
2973,Fuzzers,True
2974,DoS,True
2975,DoS,True
2976,Fuzzers,True
2977,Exploits,True
2978,DoS,True
2979,DoS,True
2980,Exploits,True
2981,DoS,True
2982,DoS,True
2983,Exploits,True
2984,Exploits,True
2985,Exploits,True
2986,Analysis,True
2987,Exploits,True
2988,DoS,True
2989,DoS,True
2990,Exploits,True
2991,Exploits,True
2992,Exploits,True
2993,Exploits,True
2994,Exploits,True
2995,DoS,True
2996,Exploits,True
2997,Exploits,True
2998,DoS,True
2999,DoS,True
3000,DoS,True
3001,Exploits,True
3002,DoS,True
3003,Exploits,True
3004,Analysis,True
3005,DoS,True
3006,Exploits,True
3007,DoS,True
3008,Fuzzers,True
3009,Exploits,True
3010,Exploits,True
3011,Backdoor,True
3012,Exploits,True
3013,Exploits,True
3014,DoS,True
3015,Exploits,True
3016,Exploits,True
3017,Exploits,True
3018,Exploits,True
3019,DoS,True
3020,Analysis,True
3021,Fuzzers,True
3022,Fuzzers,True
3023,DoS,True
3024,DoS,True
3025,DoS,True
3026,DoS,True
3027,Exploits,True
3028,DoS,True
3029,DoS,True
3030,Exploits,True
3031,Exploits,True
3032,Exploits,True
3033,DoS,True
3034,Reconnaissance,True
3035,DoS,True
3036,Exploits,True
3037,Exploits,True
3038,DoS,True
3039,Exploits,True
3040,Exploits,True
3041,Exploits,True
3042,Reconnaissance,True
3043,Analysis,True
3044,Reconnaissance,True
3045,Exploits,True
3046,DoS,True
3047,DoS,True
3048,Exploits,True
3049,Reconnaissance,True
3050,DoS,True
3051,Exploits,True
3052,Exploits,True
3053,Reconnaissance,True
3054,DoS,True
3055,Fuzzers,True
3056,Reconnaissance,True
3057,Exploits,True
3058,DoS,True
3059,DoS,True
3060,DoS,True
3061,Exploits,True
3062,DoS,True
3063,Exploits,True
3064,DoS,True
3065,Exploits,True
3066,Exploits,True
3067,DoS,True
3068,Exploits,True
3069,DoS,True
3070,Exploits,True
3071,Exploits,True
3072,Exploits,True
3073,DoS,True
3074,Fuzzers,True
3075,Exploits,True
3076,Exploits,True
3077,DoS,True
3078,Exploits,True
3079,DoS,True
3080,Exploits,True
3081,DoS,True
3082,DoS,True
3083,Exploits,True
3084,Fuzzers,True
3085,Exploits,True
3086,Exploits,True
3087,DoS,True
3088,Fuzzers,True
3089,DoS,True
3090,DoS,True
3091,DoS,True
3092,Reconnaissance,True
3093,DoS,True
3094,Fuzzers,True
3095,Exploits,True
3096,Exploits,True
3097,DoS,True
3098,DoS,True
3099,DoS,True
3100,DoS,True
3101,Fuzzers,True
3102,DoS,True
3103,Exploits,True
3104,Analysis,True
3105,Exploits,True
3106,Fuzzers,True
3107,DoS,True
3108,Reconnaissance,True
3109,DoS,True
3110,Exploits,True
3111,DoS,True
3112,Reconnaissance,True
3113,DoS,True
3114,DoS,True
3115,Exploits,True
3116,DoS,True
3117,Exploits,True
3118,DoS,True
3119,Reconnaissance,True
3120,Exploits,True
3121,DoS,True
3122,Reconnaissance,True
3123,DoS,True
3124,Exploits,True
3125,Exploits,True
3126,DoS,True
3127,Exploits,True
3128,DoS,True
3129,Fuzzers,True
3130,DoS,True
3131,DoS,True
3132,DoS,True
3133,Reconnaissance,True
3134,Exploits,True
3135,Exploits,True
3136,Exploits,True
3137,DoS,True
3138,Exploits,True
3139,Exploits,True
3140,DoS,True
3141,DoS,True
3142,DoS,True
3143,DoS,True
3144,DoS,True
3145,Exploits,True
3146,DoS,True
3147,DoS,True
3148,DoS,True
3149,DoS,True
3150,DoS,True
3151,Exploits,True
3152,Exploits,True
3153,Exploits,True
3154,Exploits,True
3155,Exploits,True
3156,DoS,True
3157,Exploits,True
3158,Exploits,True
3159,Exploits,True
3160,DoS,True
3161,Reconnaissance,True
3162,Exploits,True
3163,Exploits,True
3164,Exploits,True
3165,DoS,True
3166,DoS,True
3167,DoS,True
3168,Exploits,True
3169,Exploits,True
3170,DoS,True
3171,DoS,True
3172,Reconnaissance,True
3173,Exploits,True
3174,Exploits,True
3175,Exploits,True
3176,DoS,True
3177,DoS,True
3178,DoS,True
3179,Exploits,True
3180,Exploits,True
3181,DoS,True
3182,Reconnaissance,True
3183,Fuzzers,True
3184,Exploits,True
3185,Reconnaissance,True
3186,Reconnaissance,True
3187,DoS,True
3188,DoS,True
3189,Exploits,True
3190,Reconnaissance,True
3191,Exploits,True
3192,DoS,True
3193,DoS,True
3194,DoS,True
3195,Exploits,True
3196,Exploits,True
3197,DoS,True
3198,DoS,True
3199,Exploits,True
3200,Reconnaissance,True
3201,DoS,True
3202,Exploits,True
3203,Exploits,True
3204,Reconnaissance,True
3205,DoS,True
3206,DoS,True
3207,Exploits,True
3208,DoS,True
3209,DoS,True
3210,Exploits,True
3211,DoS,True
3212,Exploits,True
3213,Fuzzers,True
3214,DoS,True
3215,Fuzzers,True
3216,DoS,True
3217,DoS,True
3218,DoS,True
3219,Fuzzers,True
3220,Exploits,True
3221,DoS,True
3222,DoS,True
3223,Reconnaissance,True
3224,Exploits,True
3225,Exploits,True
3226,DoS,True
3227,Exploits,True
3228,Exploits,True
3229,DoS,True
3230,Exploits,True
3231,Fuzzers,True
3232,DoS,True
3233,Exploits,True
3234,Fuzzers,True
3235,Reconnaissance,True
3236,Exploits,True
3237,DoS,True
3238,DoS,True
3239,DoS,True
3240,Fuzzers,True
3241,DoS,True
3242,Fuzzers,True
3243,DoS,True
3244,DoS,True
3245,Reconnaissance,True
3246,Fuzzers,True
3247,DoS,True
3248,DoS,True
3249,DoS,True
3250,DoS,True
3251,DoS,True
3252,Exploits,True
3253,DoS,True
3254,DoS,True
3255,DoS,True
3256,Exploits,True
3257,Exploits,True
3258,Exploits,True
3259,DoS,True
3260,DoS,True
3261,Fuzzers,True
3262,Exploits,True
3263,DoS,True
3264,Fuzzers,True
3265,Exploits,True
3266,DoS,True
3267,Exploits,True
3268,Exploits,True
3269,DoS,True
3270,DoS,True
3271,Exploits,True
3272,Fuzzers,True
3273,DoS,True
3274,DoS,True
3275,DoS,True
3276,DoS,True
3277,Backdoor,True
3278,Exploits,True
3279,Exploits,True
3280,Exploits,True
3281,Exploits,True
3282,Exploits,True
3283,DoS,True
3284,Fuzzers,True
3285,Analysis,True
3286,Exploits,True
3287,Reconnaissance,True
3288,DoS,True
3289,DoS,True
3290,Exploits,True
3291,Exploits,True
3292,Exploits,True
3293,DoS,True
3294,Fuzzers,True
3295,DoS,True
3296,Fuzzers,True
3297,Fuzzers,True
3298,Exploits,True
3299,Fuzzers,True
3300,Exploits,True
3301,Exploits,True
3302,Reconnaissance,True
3303,Reconnaissance,True
3304,Fuzzers,True
3305,DoS,True
3306,Fuzzers,True
3307,Exploits,True
3308,Fuzzers,True
3309,DoS,True
3310,Reconnaissance,True
3311,Exploits,True
3312,Exploits,True
3313,DoS,True
3314,DoS,True
3315,Exploits,True
3316,Exploits,True
3317,DoS,True
3318,DoS,True
3319,Exploits,True
3320,Fuzzers,True
3321,DoS,True
3322,Exploits,True
3323,Reconnaissance,True
3324,Exploits,True
3325,DoS,True
3326,DoS,True
3327,DoS,True
3328,Shellcode,True
3329,DoS,True
3330,Exploits,True
3331,Exploits,True
3332,Fuzzers,True
3333,Exploits,True
3334,Exploits,True
3335,Exploits,True
3336,Fuzzers,True
3337,Exploits,True
3338,Exploits,True
3339,Fuzzers,True
3340,Exploits,True
3341,Exploits,True
3342,Exploits,True
3343,Exploits,True
3344,Exploits,True
3345,DoS,True
3346,Exploits,True
3347,Exploits,True
3348,Exploits,True
3349,Exploits,True
3350,Fuzzers,True
3351,Fuzzers,True
3352,Reconnaissance,True
3353,Fuzzers,True
3354,Fuzzers,True
3355,Exploits,True
3356,Reconnaissance,True
3357,DoS,True
3358,Exploits,True
3359,Exploits,True
3360,Fuzzers,True
3361,Exploits,True
3362,DoS,True
3363,Reconnaissance,True
3364,Exploits,True
3365,DoS,True
3366,Exploits,True
3367,DoS,True
3368,Exploits,True
3369,Exploits,True
3370,Fuzzers,True
3371,Exploits,True
3372,Exploits,True
3373,DoS,True
3374,Fuzzers,True
3375,Reconnaissance,True
3376,Analysis,True
3377,Reconnaissance,True
3378,DoS,True
3379,Reconnaissance,True
3380,DoS,True
3381,DoS,True
3382,Shellcode,True
3383,Exploits,True
3384,Exploits,True
3385,DoS,True
3386,Exploits,True
3387,Exploits,True
3388,Exploits,True
3389,DoS,True
3390,Exploits,True
3391,Reconnaissance,True
3392,Fuzzers,True
3393,DoS,True
3394,Exploits,True
3395,Reconnaissance,True
3396,Exploits,True
3397,Exploits,True
3398,Exploits,True
3399,Fuzzers,True
3400,Reconnaissance,True
3401,Exploits,True
3402,Exploits,True
3403,Exploits,True
3404,Exploits,True
3405,Reconnaissance,True
3406,DoS,True
3407,DoS,True
3408,DoS,True
3409,Fuzzers,True
3410,DoS,True
3411,Exploits,True
3412,Fuzzers,True
3413,Exploits,True
3414,DoS,True
3415,Exploits,True
3416,DoS,True
3417,DoS,True
3418,Exploits,True
3419,Reconnaissance,True
3420,Exploits,True
3421,Fuzzers,True
3422,Reconnaissance,True
3423,Analysis,True
3424,Exploits,True
3425,DoS,True
3426,DoS,True
3427,Reconnaissance,True
3428,DoS,True
3429,DoS,True
3430,DoS,True
3431,DoS,True
3432,Exploits,True
3433,DoS,True
3434,Exploits,True
3435,Exploits,True
3436,Exploits,True
3437,Exploits,True
3438,Reconnaissance,True
3439,DoS,True
3440,Exploits,True
3441,Reconnaissance,True
3442,DoS,True
3443,Exploits,True
3444,DoS,True
3445,Reconnaissance,True
3446,Exploits,True
3447,DoS,True
3448,Exploits,True
3449,DoS,True
3450,Exploits,True
3451,Exploits,True
3452,Reconnaissance,True
3453,DoS,True
3454,Exploits,True
3455,Exploits,True
3456,Fuzzers,True
3457,Exploits,True
3458,Reconnaissance,True
3459,Exploits,True
3460,DoS,True
3461,Reconnaissance,True
3462,Exploits,True
3463,Fuzzers,True
3464,Reconnaissance,True
3465,Reconnaissance,True
3466,DoS,True
3467,Exploits,True
3468,Analysis,True
3469,DoS,True
3470,Exploits,True
3471,Exploits,True
3472,Exploits,True
3473,DoS,True
3474,DoS,True
3475,Reconnaissance,True
3476,Exploits,True
3477,DoS,True
3478,Exploits,True
3479,Exploits,True
3480,DoS,True
3481,Reconnaissance,True
3482,Exploits,True
3483,DoS,True
3484,Exploits,True
3485,DoS,True
3486,Reconnaissance,True
3487,DoS,True
3488,DoS,True
3489,Fuzzers,True
3490,DoS,True
3491,Exploits,True
3492,DoS,True
3493,Exploits,True
3494,Fuzzers,True
3495,DoS,True
3496,DoS,True
3497,Exploits,True
3498,Exploits,True
3499,DoS,True
3500,Exploits,True
3501,Exploits,True
3502,Exploits,True
3503,Fuzzers,True
3504,DoS,True
3505,Exploits,True
3506,Reconnaissance,True
3507,Exploits,True
3508,Exploits,True
3509,Exploits,True
3510,Exploits,True
3511,Shellcode,True
3512,Exploits,True
3513,Exploits,True
3514,Reconnaissance,True
3515,Fuzzers,True
3516,Exploits,True
3517,Exploits,True
3518,Fuzzers,True
3519,Fuzzers,True
3520,Exploits,True
3521,Reconnaissance,True
3522,Reconnaissance,True
3523,Fuzzers,True
3524,DoS,True
3525,Fuzzers,True
3526,Exploits,True
3527,Fuzzers,True
3528,DoS,True
3529,DoS,True
3530,Exploits,True
3531,Exploits,True
3532,Fuzzers,True
3533,Exploits,True
3534,Fuzzers,True
3535,Exploits,True
3536,Fuzzers,False
3537,Exploits,True
3538,Exploits,True
3539,Reconnaissance,True
3540,Exploits,True
3541,Fuzzers,True
3542,Fuzzers,True
3543,Exploits,True
3544,Fuzzers,True
3545,Fuzzers,True
3546,Fuzzers,True
3547,Fuzzers,True
3548,Reconnaissance,True
3549,Exploits,True
3550,Exploits,True
3551,DoS,True
3552,Fuzzers,True
3553,Reconnaissance,True
3554,DoS,True
3555,Fuzzers,True
3556,Reconnaissance,True
3557,DoS,True
3558,Exploits,True
3559,Backdoor,True
3560,Exploits,True
3561,Fuzzers,True
3562,DoS,True
3563,Exploits,True
3564,Reconnaissance,True
3565,Exploits,True
3566,Exploits,True
3567,DoS,True
3568,Exploits,True
3569,Fuzzers,True
3570,DoS,True
3571,DoS,True
3572,DoS,True
3573,Exploits,True
3574,DoS,True
3575,Reconnaissance,True
3576,DoS,True
3577,Reconnaissance,True
3578,Reconnaissance,True
3579,Fuzzers,True
3580,Shellcode,True
3581,Exploits,True
3582,Exploits,True
3583,Exploits,True
3584,Reconnaissance,True
3585,Exploits,True
3586,Analysis,True
3587,Exploits,True
3588,Exploits,True
3589,Exploits,True
3590,Exploits,True
3591,Reconnaissance,True
3592,Exploits,True
3593,DoS,True
3594,Reconnaissance,True
3595,Exploits,True
3596,Shellcode,True
3597,DoS,True
3598,DoS,True
3599,DoS,True
3600,Exploits,True
3601,Fuzzers,True
3602,Exploits,True
3603,Exploits,True
3604,Exploits,True
3605,Fuzzers,True
3606,Shellcode,True
3607,Exploits,True
3608,Exploits,True
3609,Exploits,True
3610,Exploits,True
3611,Exploits,True
3612,Fuzzers,True
3613,Fuzzers,True
3614,DoS,True
3615,Fuzzers,True
3616,DoS,True
3617,Fuzzers,True
3618,Exploits,True
3619,Exploits,True
3620,Reconnaissance,True
3621,Fuzzers,True
3622,Fuzzers,True
3623,Exploits,True
3624,Reconnaissance,True
3625,Fuzzers,True
3626,Analysis,True
3627,Analysis,True
3628,Reconnaissance,True
3629,DoS,True
3630,Exploits,True
3631,Exploits,True
3632,DoS,True
3633,Fuzzers,True
3634,Exploits,True
3635,DoS,True
3636,DoS,True
3637,Fuzzers,True
3638,Exploits,True
3639,DoS,True
3640,DoS,True
3641,Exploits,True
3642,Exploits,True
3643,Fuzzers,True
3644,Exploits,True
3645,Exploits,True
3646,Exploits,True
3647,Exploits,True
3648,Exploits,True
3649,DoS,True
3650,Exploits,True
3651,Exploits,True
3652,Analysis,True
3653,Fuzzers,True
3654,Exploits,True
3655,Reconnaissance,True
3656,Fuzzers,True
3657,DoS,True
3658,Fuzzers,True
3659,Exploits,True
3660,Fuzzers,True
3661,DoS,True
3662,Exploits,True
3663,Worms,True
3664,DoS,True
3665,Exploits,True
3666,Fuzzers,True
3667,Exploits,True
3668,Exploits,True
3669,Fuzzers,True
3670,Exploits,True
3671,Exploits,True
3672,Exploits,True
3673,Exploits,True
3674,Reconnaissance,True
3675,Reconnaissance,True
3676,Fuzzers,True
3677,Exploits,True
3678,Exploits,True
3679,Reconnaissance,True
3680,Fuzzers,True
3681,Exploits,True
3682,Fuzzers,True
3683,Reconnaissance,True
3684,Reconnaissance,True
3685,Reconnaissance,True
3686,Exploits,True
3687,Exploits,True
3688,Exploits,True
3689,DoS,True
3690,DoS,True
3691,Exploits,True
3692,Fuzzers,True
3693,Exploits,True
3694,DoS,True
3695,Exploits,True
3696,Exploits,True
3697,Exploits,True
3698,Fuzzers,True
3699,Exploits,True
3700,Exploits,True
3701,Exploits,True
3702,Exploits,True
3703,Exploits,True
3704,Fuzzers,True
3705,Reconnaissance,True
3706,Exploits,True
3707,Fuzzers,True
3708,Exploits,True
3709,Fuzzers,True
3710,Fuzzers,True
3711,Reconnaissance,True
3712,Reconnaissance,True
3713,Fuzzers,True
3714,Exploits,True
3715,DoS,True
3716,Reconnaissance,True
3717,Fuzzers,True
3718,Exploits,True
3719,Exploits,True
3720,Reconnaissance,True
3721,Exploits,True
3722,Reconnaissance,True
3723,Exploits,True
3724,Reconnaissance,True
3725,DoS,True
3726,Reconnaissance,True
3727,DoS,True
3728,DoS,True
3729,Exploits,True
3730,DoS,True
3731,Exploits,True
3732,DoS,True
3733,Exploits,True
3734,Reconnaissance,True
3735,Fuzzers,True
3736,Shellcode,True
3737,DoS,True
3738,Exploits,True
3739,Fuzzers,True
3740,Exploits,True
3741,Fuzzers,True
3742,Exploits,True
3743,Analysis,True
3744,Fuzzers,True
3745,DoS,True
3746,DoS,True
3747,Fuzzers,True
3748,Fuzzers,True
3749,DoS,True
3750,Exploits,True
3751,Exploits,True
3752,Fuzzers,True
3753,Exploits,True
3754,Exploits,True
3755,Fuzzers,True
3756,Fuzzers,True
3757,Exploits,True
3758,Exploits,True
3759,Exploits,True
3760,DoS,True
3761,Fuzzers,True
3762,Exploits,True
3763,Fuzzers,True
3764,DoS,True
3765,Fuzzers,True
3766,Fuzzers,True
3767,Exploits,True
3768,DoS,True
3769,Exploits,True
3770,Fuzzers,True
3771,Exploits,True
3772,Fuzzers,True
3773,Reconnaissance,True
3774,Fuzzers,True
3775,Exploits,True
3776,DoS,True
3777,Fuzzers,True
3778,Reconnaissance,True
3779,Reconnaissance,True
3780,Exploits,True
3781,Fuzzers,True
3782,Fuzzers,True
3783,Fuzzers,True
3784,Fuzzers,True
3785,DoS,True
3786,Exploits,True
3787,DoS,True
3788,Exploits,True
3789,Exploits,True
3790,Exploits,True
3791,Reconnaissance,True
3792,Exploits,True
3793,Fuzzers,True
3794,DoS,True
3795,Exploits,True
3796,Analysis,True
3797,Exploits,True
3798,Exploits,True
3799,DoS,True
3800,Fuzzers,True
3801,Exploits,True
3802,Exploits,True
3803,Fuzzers,True
3804,Exploits,True
3805,DoS,True
3806,Exploits,True
3807,DoS,True
3808,Exploits,True
3809,Fuzzers,True
3810,Fuzzers,True
3811,DoS,True
3812,DoS,True
3813,Exploits,True
3814,Exploits,True
3815,DoS,True
3816,Fuzzers,True
3817,Fuzzers,True
3818,Reconnaissance,True
3819,Fuzzers,True
3820,Fuzzers,True
3821,Fuzzers,True
3822,Fuzzers,True
3823,Exploits,True
3824,DoS,True
3825,Exploits,True
3826,Fuzzers,True
3827,DoS,True
3828,DoS,True
3829,Exploits,True
3830,Exploits,True
3831,Fuzzers,True
3832,Exploits,True
3833,DoS,True
3834,Exploits,True
3835,DoS,True
3836,Exploits,True
3837,DoS,True
3838,Exploits,True
3839,Fuzzers,True
3840,Exploits,True
3841,Exploits,True
3842,Exploits,True
3843,Exploits,True
3844,Exploits,True
3845,Exploits,True
3846,Exploits,True
3847,Fuzzers,True
3848,Exploits,True
3849,Fuzzers,True
3850,Exploits,True
3851,Exploits,True
3852,Exploits,True
3853,Fuzzers,True
3854,Fuzzers,True
3855,DoS,True
3856,Fuzzers,True
3857,Exploits,True
3858,Fuzzers,True
3859,Exploits,True
3860,Exploits,True
3861,Fuzzers,True
3862,Fuzzers,True
3863,Exploits,True
3864,Fuzzers,True
3865,Fuzzers,True
3866,Exploits,True
3867,DoS,True
3868,Fuzzers,True
3869,Fuzzers,True
3870,Reconnaissance,True
3871,Exploits,True
3872,Fuzzers,True
3873,DoS,True
3874,DoS,True
3875,DoS,True
3876,Backdoor,True
3877,DoS,True
3878,Fuzzers,True
3879,DoS,True
3880,Fuzzers,True
3881,Fuzzers,True
3882,Reconnaissance,True
3883,Fuzzers,True
3884,Fuzzers,True
3885,Exploits,True
3886,DoS,True
3887,Exploits,True
3888,Reconnaissance,True
3889,Exploits,True
3890,Fuzzers,True
3891,DoS,True
3892,DoS,True
3893,Exploits,True
3894,DoS,True
3895,Fuzzers,True
3896,Exploits,True
3897,DoS,True
3898,Exploits,True
3899,DoS,True
3900,Exploits,True
3901,Exploits,True
3902,DoS,True
3903,Fuzzers,True
3904,Exploits,True
3905,Fuzzers,True
3906,Exploits,True
3907,DoS,True
3908,DoS,True
3909,Exploits,True
3910,Exploits,True
3911,Exploits,True
3912,Exploits,True
3913,Fuzzers,True
3914,Exploits,True
3915,DoS,True
3916,Shellcode,True
3917,DoS,True
3918,DoS,True
3919,Fuzzers,True
3920,Exploits,True
3921,Exploits,True
3922,DoS,True
3923,Fuzzers,True
3924,DoS,True
3925,Exploits,True
3926,Exploits,True
3927,Fuzzers,True
3928,Exploits,True
3929,Fuzzers,True
3930,Fuzzers,True
3931,Fuzzers,True
3932,Exploits,True
3933,Reconnaissance,True
3934,DoS,True
3935,Fuzzers,True
3936,Fuzzers,True
3937,DoS,True
3938,DoS,True
3939,Fuzzers,True
3940,DoS,True
3941,Exploits,True
3942,Fuzzers,True
3943,Exploits,True
3944,DoS,True
3945,Fuzzers,True
3946,Exploits,True
3947,Exploits,True
3948,Exploits,True
3949,Fuzzers,True
3950,Exploits,True
3951,Exploits,True
3952,Exploits,True
3953,Fuzzers,True
3954,Fuzzers,True
3955,Exploits,True
3956,Fuzzers,True
3957,DoS,True
3958,Reconnaissance,True
3959,Reconnaissance,True
3960,Exploits,True
3961,DoS,True
3962,Fuzzers,True
3963,DoS,True
3964,Fuzzers,True
3965,Fuzzers,True
3966,Reconnaissance,True
3967,Exploits,True
3968,DoS,True
3969,DoS,True
3970,Fuzzers,True
3971,DoS,True
3972,DoS,True
3973,DoS,True
3974,DoS,True
3975,Exploits,True
3976,DoS,True
3977,DoS,True
3978,DoS,True
3979,Reconnaissance,True
3980,Exploits,True
3981,DoS,True
3982,DoS,True
3983,Exploits,True
3984,DoS,True
3985,Exploits,True
3986,DoS,True
3987,Fuzzers,True
3988,Exploits,True
3989,Exploits,True
3990,Shellcode,True
3991,Exploits,True
3992,DoS,True
3993,Exploits,True
3994,DoS,True
3995,Reconnaissance,True
3996,DoS,True
3997,DoS,True
3998,Shellcode,True
3999,Reconnaissance,True
4000,Exploits,True
4001,Exploits,True
4002,Shellcode,True
4003,Fuzzers,True
4004,DoS,True
4005,Exploits,True
4006,Exploits,True
4007,DoS,True
4008,DoS,True
4009,DoS,True
4010,Exploits,True
4011,Exploits,True
4012,Exploits,True
4013,Exploits,True
4014,Reconnaissance,True
4015,Exploits,True
4016,DoS,True
4017,Exploits,True
4018,DoS,True
4019,Fuzzers,True
4020,DoS,True
4021,Reconnaissance,True
4022,DoS,True
4023,Exploits,True
4024,DoS,True
4025,Exploits,True
4026,DoS,True
4027,Exploits,True
4028,Exploits,True
4029,Exploits,True
4030,Exploits,True
4031,Fuzzers,True
4032,Exploits,True
4033,Fuzzers,True
4034,DoS,True
4035,Analysis,True
4036,Exploits,True
4037,Fuzzers,True
4038,DoS,True
4039,DoS,True
4040,DoS,True
4041,Exploits,True
4042,Reconnaissance,True
4043,DoS,True
4044,DoS,True
4045,Fuzzers,True
4046,Fuzzers,True
4047,Exploits,True
4048,Exploits,True
4049,Exploits,True
4050,Exploits,True
4051,Reconnaissance,True
4052,Reconnaissance,True
4053,DoS,True
4054,Exploits,True
4055,Exploits,True
4056,Exploits,True
4057,DoS,True
4058,DoS,True
4059,Exploits,True
4060,DoS,True
4061,Exploits,True
4062,Fuzzers,True
4063,Exploits,True
4064,DoS,True
4065,DoS,True
4066,Fuzzers,True
4067,Exploits,True
4068,DoS,True
4069,Exploits,True
4070,DoS,True
4071,Reconnaissance,True
4072,Exploits,True
4073,Exploits,True
4074,Reconnaissance,True
4075,Exploits,True
4076,Exploits,True
4077,Reconnaissance,True
4078,Reconnaissance,True
4079,DoS,True
4080,DoS,True
4081,Exploits,True
4082,Exploits,True
4083,Reconnaissance,True
4084,Exploits,True
4085,DoS,True
4086,DoS,True
4087,Reconnaissance,True
4088,Exploits,True
4089,Exploits,True
4090,Exploits,True
4091,Exploits,True
4092,DoS,True
4093,Fuzzers,True
4094,Exploits,True
4095,DoS,True
4096,DoS,True
4097,Exploits,True
4098,Exploits,True
4099,Analysis,True
4100,Fuzzers,True
4101,Reconnaissance,True
4102,DoS,True
4103,Reconnaissance,True
4104,DoS,True
4105,Reconnaissance,True
4106,Exploits,True
4107,Exploits,True
4108,Reconnaissance,True
4109,Exploits,True
4110,Reconnaissance,True
4111,Exploits,True
4112,DoS,True
4113,DoS,True
4114,Reconnaissance,True
4115,Exploits,True
4116,Exploits,True
4117,Exploits,True
4118,DoS,True
4119,Fuzzers,True
4120,Reconnaissance,True
4121,Exploits,True
4122,Exploits,True
4123,Exploits,True
4124,Fuzzers,True
4125,Exploits,True
4126,Exploits,True
4127,Exploits,True
4128,Exploits,True
4129,Reconnaissance,True
4130,DoS,True
4131,Exploits,True
4132,Exploits,True
4133,Exploits,True
4134,Exploits,True
4135,Exploits,True
4136,DoS,True
4137,Exploits,True
4138,Exploits,True
4139,Exploits,True
4140,DoS,True
4141,Exploits,True
4142,Exploits,True
4143,DoS,True
4144,Exploits,True
4145,Fuzzers,True
4146,DoS,True
4147,Exploits,True
4148,Reconnaissance,True
4149,Exploits,True
4150,Exploits,True
4151,DoS,True
4152,Exploits,True
4153,Exploits,True
4154,Reconnaissance,True
4155,DoS,True
4156,DoS,True
4157,Exploits,True
4158,Fuzzers,True
4159,DoS,True
4160,Exploits,True
4161,Exploits,True
4162,Reconnaissance,True
4163,Exploits,True
4164,Exploits,True
4165,Analysis,True
4166,Exploits,True
4167,DoS,True
4168,Exploits,True
4169,Exploits,True
4170,Reconnaissance,True
4171,DoS,True
4172,DoS,True
4173,DoS,True
4174,Exploits,True
4175,DoS,True
4176,DoS,True
4177,Exploits,True
4178,Reconnaissance,True
4179,DoS,True
4180,Exploits,True
4181,Exploits,True
4182,DoS,True
4183,Exploits,True
4184,DoS,True
4185,DoS,True
4186,DoS,True
4187,Exploits,True
4188,Exploits,True
4189,Exploits,True
4190,Shellcode,True
4191,Exploits,True
4192,Exploits,True
4193,DoS,True
4194,Analysis,True
4195,Fuzzers,True
4196,DoS,True
4197,DoS,True
4198,Reconnaissance,True
4199,DoS,True
4200,DoS,True
4201,Exploits,True
4202,Exploits,True
4203,DoS,True
4204,Exploits,True
4205,Exploits,True
4206,DoS,True
4207,Reconnaissance,True
4208,DoS,True
4209,Exploits,True
4210,DoS,True
4211,Exploits,True
4212,Fuzzers,True
4213,Exploits,True
4214,Exploits,True
4215,DoS,True
4216,Exploits,True
4217,Exploits,True
4218,DoS,True
4219,Exploits,True
4220,Exploits,True
4221,Exploits,True
4222,Reconnaissance,True
4223,Exploits,True
4224,DoS,True
4225,Exploits,True
4226,Exploits,True
4227,Exploits,True
4228,Exploits,True
4229,Exploits,True
4230,Reconnaissance,True
4231,DoS,True
4232,DoS,True
4233,DoS,True
4234,Exploits,True
4235,Exploits,True
4236,Exploits,True
4237,Fuzzers,True
4238,DoS,True
4239,DoS,True
4240,Exploits,True
4241,DoS,True
4242,Exploits,True
4243,Exploits,True
4244,Exploits,True
4245,Reconnaissance,True
4246,Exploits,True
4247,DoS,True
4248,Exploits,True
4249,Reconnaissance,True
4250,DoS,True
4251,DoS,True
4252,DoS,True
4253,Fuzzers,True
4254,Exploits,True
4255,Exploits,True
4256,DoS,True
4257,Reconnaissance,True
4258,Reconnaissance,True
4259,Exploits,True
4260,Exploits,True
4261,Exploits,True
4262,DoS,True
4263,Worms,True
4264,Exploits,True
4265,DoS,True
4266,Fuzzers,True
4267,DoS,True
4268,Exploits,True
4269,Exploits,True
4270,DoS,True
4271,Exploits,True
4272,Exploits,True
4273,Exploits,True
4274,Exploits,True
4275,Reconnaissance,True
4276,DoS,True
4277,DoS,True
4278,Analysis,True
4279,Exploits,True
4280,DoS,True
4281,DoS,True
4282,Exploits,True
4283,DoS,True
4284,Exploits,True
4285,Exploits,True
4286,Fuzzers,True
4287,Reconnaissance,True
4288,Reconnaissance,True
4289,Fuzzers,True
4290,Reconnaissance,True
4291,Exploits,True
4292,DoS,True
4293,DoS,True
4294,Exploits,True
4295,DoS,True
4296,DoS,True
4297,Fuzzers,True
4298,Fuzzers,True
4299,Exploits,True
4300,Reconnaissance,True
4301,DoS,True
4302,Exploits,True
4303,DoS,True
4304,Exploits,True
4305,Reconnaissance,True
4306,DoS,True
4307,Analysis,True
4308,DoS,True
4309,Analysis,True
4310,DoS,True
4311,Reconnaissance,True
4312,DoS,True
4313,DoS,True
4314,Exploits,True
4315,DoS,True
4316,Reconnaissance,True
4317,DoS,True
4318,Exploits,True
4319,Exploits,True
4320,Reconnaissance,True
4321,Exploits,True
4322,DoS,True
4323,DoS,True
4324,Exploits,True
4325,Reconnaissance,True
4326,Exploits,True
4327,DoS,True
4328,Exploits,True
4329,Exploits,True
4330,DoS,True
4331,Exploits,True
4332,Exploits,True
4333,DoS,True
4334,DoS,True
4335,Shellcode,True
4336,DoS,True
4337,Analysis,True
4338,Exploits,True
4339,Exploits,True
4340,Exploits,True
4341,Reconnaissance,True
4342,Analysis,True
4343,Exploits,True
4344,Exploits,True
4345,Exploits,True
4346,DoS,True
4347,Reconnaissance,True
4348,Exploits,True
4349,DoS,True
4350,Exploits,True
4351,Exploits,True
4352,DoS,True
4353,DoS,True
4354,DoS,True
4355,Fuzzers,True
4356,Exploits,True
4357,Exploits,True
4358,DoS,True
4359,DoS,True
4360,DoS,True
4361,Exploits,True
4362,Exploits,True
4363,Exploits,True
4364,DoS,True
4365,Exploits,True
4366,Analysis,True
4367,Exploits,True
4368,Analysis,True
4369,DoS,True
4370,Exploits,True
4371,Exploits,True
4372,Exploits,True
4373,DoS,True
4374,DoS,True
4375,DoS,True
4376,DoS,True
4377,Exploits,True
4378,Fuzzers,True
4379,Exploits,True
4380,Exploits,True
4381,DoS,True
4382,Exploits,True
4383,DoS,True
4384,Exploits,True
4385,DoS,True
4386,DoS,True
4387,DoS,True
4388,DoS,True
4389,Exploits,True
4390,DoS,True
4391,DoS,True
4392,DoS,True
4393,Exploits,True
4394,DoS,True
4395,Exploits,True
4396,Fuzzers,True
4397,DoS,True
4398,Fuzzers,True
4399,DoS,True
4400,Reconnaissance,True
4401,Exploits,True
4402,Exploits,True
4403,DoS,True
4404,Exploits,True
4405,Fuzzers,True
4406,DoS,True
4407,Exploits,True
4408,DoS,True
4409,Reconnaissance,True
4410,Exploits,True
4411,Fuzzers,True
4412,Exploits,True
4413,Exploits,True
4414,DoS,True
4415,Exploits,True
4416,Exploits,True
4417,DoS,True
4418,DoS,True
4419,Exploits,True
4420,DoS,True
4421,DoS,True
4422,DoS,True
4423,DoS,True
4424,DoS,True
4425,Exploits,True
4426,Exploits,True
4427,Exploits,True
4428,Exploits,True
4429,Exploits,True
4430,Exploits,True
4431,Exploits,True
4432,Fuzzers,True
4433,Reconnaissance,True
4434,DoS,True
4435,Exploits,True
4436,DoS,True
4437,Backdoor,True
4438,DoS,True
4439,DoS,True
4440,DoS,True
4441,DoS,True
4442,Fuzzers,True
4443,DoS,True
4444,Exploits,True
4445,Reconnaissance,True
4446,Exploits,True
4447,Exploits,True
4448,DoS,True
4449,Reconnaissance,True
4450,Analysis,True
4451,Exploits,True
4452,Fuzzers,True
4453,DoS,True
4454,DoS,True
4455,Exploits,True
4456,DoS,True
4457,Exploits,True
4458,DoS,True
4459,Fuzzers,True
4460,Exploits,True
4461,Exploits,True
4462,Shellcode,True
4463,Fuzzers,True
4464,Reconnaissance,True
4465,DoS,True
4466,Reconnaissance,True
4467,DoS,True
4468,Analysis,True
4469,DoS,True
4470,DoS,True
4471,Exploits,True
4472,DoS,True
4473,Analysis,True
4474,DoS,True
4475,DoS,True
4476,DoS,True
4477,Reconnaissance,True
4478,DoS,True
4479,DoS,True
4480,Fuzzers,True
4481,DoS,True
4482,Exploits,True
4483,Exploits,True
4484,Exploits,True
4485,DoS,True
4486,Exploits,True
4487,Exploits,True
4488,Exploits,True
4489,Reconnaissance,True
4490,Exploits,True
4491,Reconnaissance,True
4492,Exploits,True
4493,DoS,True
4494,Fuzzers,True
4495,Exploits,True
4496,Exploits,True
4497,DoS,True
4498,Exploits,True
4499,Exploits,True
4500,Fuzzers,True
4501,DoS,True
4502,Exploits,True
4503,Exploits,True
4504,Exploits,True
4505,Analysis,True
4506,Fuzzers,True
4507,Exploits,True
4508,Exploits,True
4509,Fuzzers,True
4510,Fuzzers,True
4511,DoS,True
4512,Shellcode,True
4513,DoS,True
4514,DoS,True
4515,Exploits,True
4516,DoS,True
4517,DoS,True
4518,Exploits,True
4519,Exploits,True
4520,Exploits,True
4521,Fuzzers,True
4522,DoS,True
4523,DoS,True
4524,Exploits,True
4525,DoS,True
4526,Fuzzers,True
4527,DoS,True
4528,Exploits,True
4529,Reconnaissance,True
4530,Exploits,True
4531,Analysis,True
4532,Exploits,True
4533,DoS,True
4534,DoS,True
4535,Exploits,True
4536,Reconnaissance,True
4537,Exploits,True
4538,DoS,True
4539,Exploits,True
4540,Exploits,True
4541,Fuzzers,True
4542,Exploits,True
4543,DoS,True
4544,DoS,True
4545,DoS,True
4546,Exploits,True
4547,DoS,True
4548,Exploits,True
4549,Exploits,True
4550,Reconnaissance,True
4551,Exploits,True
4552,Exploits,True
4553,Analysis,True
4554,Exploits,True
4555,DoS,True
4556,Exploits,True
4557,Exploits,True
4558,DoS,True
4559,Reconnaissance,True
4560,DoS,True
4561,Exploits,True
4562,Reconnaissance,True
4563,DoS,True
4564,Exploits,True
4565,Exploits,True
4566,Reconnaissance,True
4567,Exploits,True
4568,Exploits,True
4569,DoS,True
4570,Reconnaissance,True
4571,Exploits,True
4572,Exploits,True
4573,Exploits,True
4574,DoS,True
4575,Fuzzers,True
4576,Exploits,True
4577,DoS,True
4578,DoS,True
4579,Fuzzers,True
4580,Reconnaissance,True
4581,DoS,True
4582,Exploits,True
4583,DoS,True
4584,DoS,True
4585,DoS,True
4586,Exploits,True
4587,Reconnaissance,True
4588,Exploits,True
4589,Exploits,True
4590,DoS,True
4591,Fuzzers,True
4592,DoS,True
4593,DoS,True
4594,DoS,True
4595,DoS,True
4596,DoS,True
4597,Exploits,True
4598,Exploits,True
4599,DoS,True
4600,Exploits,True
4601,Exploits,True
4602,Exploits,True
4603,DoS,True
4604,Fuzzers,True
4605,DoS,True
4606,Reconnaissance,True
4607,Reconnaissance,True
4608,DoS,True
4609,DoS,True
4610,DoS,True
4611,DoS,True
4612,Exploits,True
4613,DoS,True
4614,Exploits,True
4615,DoS,True
4616,Exploits,True
4617,Exploits,True
4618,Exploits,True
4619,Exploits,True
4620,Exploits,True
4621,DoS,True
4622,Exploits,True
4623,DoS,True
4624,DoS,True
4625,Exploits,True
4626,DoS,True
4627,Fuzzers,True
4628,Fuzzers,True
4629,DoS,True
4630,Exploits,True
4631,DoS,True
4632,Fuzzers,True
4633,Exploits,True
4634,DoS,True
4635,Exploits,True
4636,Reconnaissance,True
4637,Fuzzers,True
4638,Fuzzers,True
4639,Exploits,True
4640,Fuzzers,True
4641,DoS,True
4642,Exploits,True
4643,Exploits,True
4644,Reconnaissance,True
4645,Fuzzers,True
4646,DoS,True
4647,Fuzzers,True
4648,Fuzzers,True
4649,Fuzzers,True
4650,Exploits,True
4651,Exploits,True
4652,Fuzzers,True
4653,DoS,True
4654,DoS,True
4655,Reconnaissance,True
4656,DoS,True
4657,Exploits,True
4658,Exploits,True
4659,DoS,True
4660,Reconnaissance,True
4661,DoS,True
4662,Reconnaissance,True
4663,DoS,True
4664,DoS,True
4665,Exploits,True
4666,Fuzzers,True
4667,Exploits,True
4668,Exploits,True
4669,Exploits,True
4670,Analysis,True
4671,Exploits,True
4672,Exploits,True
4673,Exploits,True
4674,DoS,True
4675,DoS,True
4676,Exploits,True
4677,DoS,True
4678,Exploits,True
4679,DoS,True
4680,Exploits,True
4681,DoS,True
4682,DoS,True
4683,Reconnaissance,True
4684,Exploits,True
4685,Fuzzers,True
4686,Exploits,True
4687,DoS,True
4688,DoS,True
4689,Reconnaissance,True
4690,Exploits,True
4691,Reconnaissance,True
4692,Exploits,True
4693,DoS,True
4694,Reconnaissance,True
4695,Reconnaissance,True
4696,DoS,True
4697,Exploits,True
4698,Exploits,True
4699,Exploits,True
4700,DoS,True
4701,Exploits,True
4702,DoS,True
4703,DoS,True
4704,Exploits,True
4705,DoS,True
4706,Fuzzers,True
4707,Exploits,True
4708,DoS,True
4709,DoS,True
4710,Exploits,True
4711,Exploits,True
4712,Exploits,True
4713,Exploits,True
4714,DoS,True
4715,Reconnaissance,True
4716,Exploits,True
4717,Exploits,True
4718,Fuzzers,True
4719,Exploits,True
4720,DoS,True
4721,DoS,True
4722,DoS,True
4723,DoS,True
4724,Shellcode,True
4725,DoS,True
4726,DoS,True
4727,DoS,True
4728,DoS,True
4729,Exploits,True
4730,Exploits,True
4731,DoS,True
4732,Reconnaissance,True
4733,DoS,True
4734,DoS,True
4735,Exploits,True
4736,Fuzzers,True
4737,Exploits,True
4738,Exploits,True
4739,DoS,True
4740,Reconnaissance,True
4741,DoS,True
4742,Reconnaissance,True
4743,DoS,True
4744,Reconnaissance,True
4745,Exploits,True
4746,DoS,True
4747,Reconnaissance,True
4748,Shellcode,True
4749,Exploits,True
4750,DoS,True
4751,Fuzzers,True
4752,DoS,True
4753,Backdoor,True
4754,Exploits,True
4755,Reconnaissance,True
4756,DoS,True
4757,Fuzzers,True
4758,Exploits,True
4759,Exploits,True
4760,Analysis,True
4761,DoS,True
4762,DoS,True
4763,DoS,True
4764,Exploits,True
4765,DoS,True
4766,Exploits,True
4767,Reconnaissance,True
4768,Reconnaissance,True
4769,DoS,True
4770,DoS,True
4771,Exploits,True
4772,DoS,True
4773,Fuzzers,True
4774,DoS,True
4775,DoS,True
4776,Reconnaissance,True
4777,DoS,True
4778,DoS,True
4779,Exploits,True
4780,Analysis,True
4781,Analysis,True
4782,Exploits,True
4783,DoS,True
4784,Exploits,True
4785,DoS,True
4786,DoS,True
4787,Exploits,True
4788,Exploits,True
4789,DoS,True
4790,DoS,True
4791,Exploits,True
4792,DoS,True
4793,Fuzzers,True
4794,Exploits,True
4795,Reconnaissance,True
4796,Exploits,True
4797,Exploits,True
4798,Reconnaissance,True
4799,Fuzzers,True
4800,Exploits,True
4801,Exploits,True
4802,Exploits,True
4803,Reconnaissance,True
4804,DoS,True
4805,DoS,True
4806,Exploits,True
4807,Analysis,True
4808,DoS,True
4809,Exploits,True
4810,Exploits,True
4811,DoS,True
4812,Reconnaissance,True
4813,DoS,True
4814,DoS,True
4815,Exploits,True
4816,Exploits,True
4817,Exploits,True
4818,Exploits,True
4819,Reconnaissance,True
4820,Exploits,True
4821,Exploits,True
4822,DoS,True
4823,Exploits,True
4824,DoS,True
4825,Fuzzers,True
4826,Exploits,True
4827,DoS,True
4828,DoS,True
4829,Fuzzers,True
4830,Exploits,True
4831,DoS,True
4832,Fuzzers,True
4833,DoS,True
4834,DoS,True
4835,DoS,True
4836,Fuzzers,True
4837,Exploits,True
4838,Exploits,True
4839,Fuzzers,True
4840,Exploits,True
4841,Exploits,True
4842,Exploits,True
4843,Exploits,True
4844,Exploits,True
4845,Shellcode,True
4846,Exploits,True
4847,DoS,True
4848,DoS,True
4849,Exploits,True
4850,DoS,True
4851,Exploits,True
4852,DoS,True
4853,Exploits,True
4854,Exploits,True
4855,Exploits,True
4856,Exploits,True
4857,Exploits,True
4858,Exploits,True
4859,Reconnaissance,True
4860,Exploits,True
4861,Exploits,True
4862,Exploits,True
4863,DoS,True
4864,Exploits,True
4865,Exploits,True
4866,DoS,True
4867,DoS,True
4868,Exploits,True
4869,Exploits,True
4870,Exploits,True
4871,DoS,True
4872,Exploits,True
4873,Reconnaissance,True
4874,Reconnaissance,True
4875,Exploits,True
4876,Exploits,True
4877,DoS,True
4878,Exploits,True
4879,Exploits,True
4880,Exploits,True
4881,Exploits,True
4882,Exploits,True
4883,Exploits,True
4884,Exploits,True
4885,Exploits,True
4886,DoS,True
4887,Reconnaissance,True
4888,DoS,True
4889,Exploits,True
4890,Exploits,True
4891,Reconnaissance,True
4892,DoS,True
4893,Exploits,True
4894,Exploits,True
4895,Exploits,True
4896,Exploits,True
4897,DoS,True
4898,DoS,True
4899,Exploits,True
4900,DoS,True
4901,Exploits,True
4902,Exploits,True
4903,Exploits,True
4904,Exploits,True
4905,DoS,True
4906,Exploits,True
4907,Exploits,True
4908,DoS,True
4909,Exploits,True
4910,DoS,True
4911,Reconnaissance,True
4912,DoS,True
4913,Exploits,True
4914,DoS,True
4915,Exploits,True
4916,DoS,True
4917,DoS,True
4918,Exploits,True
4919,Exploits,True
4920,Exploits,True
4921,Reconnaissance,True
4922,Reconnaissance,True
4923,DoS,True
4924,Fuzzers,True
4925,Exploits,True
4926,Exploits,True
4927,DoS,True
4928,Analysis,True
4929,Fuzzers,True
4930,Exploits,True
4931,DoS,True
4932,DoS,True
4933,Fuzzers,True
4934,Exploits,True
4935,Fuzzers,True
4936,Reconnaissance,True
4937,DoS,True
4938,Fuzzers,True
4939,Exploits,True
4940,Fuzzers,True
4941,Fuzzers,True
4942,DoS,True
4943,Exploits,True
4944,Exploits,True
4945,Fuzzers,True
4946,Exploits,True
4947,DoS,True
4948,Reconnaissance,True
4949,Exploits,True
4950,Exploits,True
4951,Exploits,True
4952,Exploits,True
4953,Reconnaissance,True
4954,Fuzzers,True
4955,Exploits,True
4956,DoS,True
4957,Fuzzers,True
4958,Reconnaissance,True
4959,DoS,True
4960,Exploits,True
4961,Fuzzers,True
4962,Shellcode,True
4963,Exploits,True
4964,Exploits,True
4965,Fuzzers,True
4966,Exploits,True
4967,Exploits,True
4968,Exploits,True
4969,DoS,True
4970,Exploits,True
4971,Exploits,True
4972,Fuzzers,True
4973,Reconnaissance,True
4974,Exploits,True
4975,Fuzzers,True
4976,Exploits,True
4977,Reconnaissance,True
4978,DoS,True
4979,DoS,True
4980,Exploits,True
4981,Exploits,True
4982,Reconnaissance,True
4983,Fuzzers,True
4984,Exploits,True
4985,DoS,True
4986,DoS,True
4987,Exploits,True
4988,Fuzzers,True
4989,Exploits,True
4990,Exploits,True
4991,Shellcode,True
4992,Reconnaissance,True
4993,Reconnaissance,True
4994,Exploits,True
4995,Exploits,True
4996,Exploits,True
4997,Exploits,True
4998,DoS,True
4999,Fuzzers,True
5000,Reconnaissance,True
5001,DoS,True
5002,Fuzzers,True
5003,Exploits,True
5004,Reconnaissance,True
5005,Exploits,True
5006,DoS,True
5007,Fuzzers,True
5008,Analysis,True
5009,Reconnaissance,True
5010,Exploits,True
5011,DoS,True
5012,Exploits,True
5013,Exploits,True
5014,DoS,True
5015,Exploits,True
5016,DoS,True
5017,Exploits,True
5018,Exploits,True
5019,DoS,True
5020,Exploits,True
5021,Exploits,True
5022,DoS,True
5023,DoS,True
5024,Exploits,True
5025,Exploits,True
5026,DoS,True
5027,Fuzzers,True
5028,DoS,True
5029,Exploits,True
5030,Exploits,True
5031,Reconnaissance,True
5032,DoS,True
5033,DoS,True
5034,Fuzzers,True
5035,Reconnaissance,True
5036,Reconnaissance,True
5037,DoS,True
5038,Exploits,True
5039,Fuzzers,True
5040,Exploits,True
5041,Exploits,True
5042,Reconnaissance,True
5043,Analysis,True
5044,Exploits,True
5045,Exploits,True
5046,Exploits,True
5047,DoS,True
5048,DoS,True
5049,Exploits,True
5050,Exploits,True
5051,Exploits,True
5052,DoS,True
5053,Fuzzers,True
5054,Reconnaissance,True
5055,Exploits,True
5056,DoS,True
5057,Analysis,True
5058,Reconnaissance,True
5059,Reconnaissance,True
5060,Exploits,True
5061,Exploits,True
5062,Exploits,True
5063,DoS,True
5064,DoS,True
5065,DoS,True
5066,Reconnaissance,True
5067,Exploits,True
5068,DoS,True
5069,Exploits,True
5070,Exploits,True
5071,Exploits,True
5072,Exploits,True
5073,Exploits,True
5074,DoS,True
5075,Exploits,True
5076,DoS,True
5077,Fuzzers,True
5078,DoS,True
5079,Exploits,True
5080,Exploits,True
5081,Exploits,True
5082,DoS,True
5083,DoS,True
5084,Exploits,True
5085,Exploits,True
5086,DoS,True
5087,Exploits,True
5088,DoS,True
5089,Exploits,True
5090,Exploits,True
5091,Exploits,True
5092,Exploits,True
5093,Exploits,True
5094,Reconnaissance,True
5095,Exploits,True
5096,Fuzzers,True
5097,Fuzzers,True
5098,Exploits,True
5099,Shellcode,True
5100,DoS,True
5101,DoS,True
5102,DoS,True
5103,Exploits,True
5104,Exploits,True
5105,Fuzzers,True
5106,DoS,True
5107,Exploits,True
5108,Exploits,True
5109,DoS,True
5110,Exploits,True
5111,DoS,True
5112,Fuzzers,True
5113,Exploits,True
5114,Exploits,True
5115,DoS,True
5116,Exploits,True
5117,Exploits,True
5118,DoS,True
5119,DoS,True
5120,Exploits,True
5121,DoS,True
5122,Exploits,True
5123,DoS,True
5124,DoS,True
5125,DoS,True
5126,Exploits,True
5127,DoS,True
5128,DoS,True
5129,DoS,True
5130,Exploits,True
5131,Exploits,True
5132,Exploits,True
5133,DoS,True
5134,Exploits,True
5135,Fuzzers,True
5136,Analysis,True
5137,Exploits,True
5138,Exploits,True
5139,Exploits,True
5140,Exploits,True
5141,Exploits,True
5142,Reconnaissance,True
5143,DoS,True
5144,Exploits,True
5145,Exploits,True
5146,DoS,True
5147,Exploits,True
5148,Exploits,True
5149,Exploits,True
5150,Exploits,True
5151,Exploits,True
5152,Exploits,True
5153,Reconnaissance,True
5154,DoS,True
5155,Exploits,True
5156,Reconnaissance,True
5157,DoS,True
5158,DoS,True
5159,Fuzzers,True
5160,Analysis,True
5161,Exploits,True
5162,Reconnaissance,True
5163,Exploits,True
5164,DoS,True
5165,Exploits,True
5166,DoS,True
5167,Exploits,True
5168,Exploits,True
5169,Exploits,True
5170,Exploits,True
5171,Fuzzers,True
5172,DoS,True
5173,Exploits,True
5174,DoS,True
5175,Analysis,True
5176,DoS,True
5177,Fuzzers,True
5178,Reconnaissance,True
5179,Exploits,True
5180,Exploits,True
5181,Reconnaissance,True
5182,DoS,True
5183,Exploits,True
5184,Exploits,True
5185,Exploits,True
5186,DoS,True
5187,Exploits,True
5188,Reconnaissance,True
5189,DoS,True
5190,Reconnaissance,True
5191,DoS,True
5192,DoS,True
5193,Reconnaissance,True
5194,Exploits,True
5195,DoS,True
5196,DoS,True
5197,Reconnaissance,True
5198,Reconnaissance,True
5199,Analysis,True
5200,DoS,True
5201,DoS,True
5202,Reconnaissance,True
5203,DoS,True
5204,DoS,True
5205,Exploits,True
5206,Exploits,True
5207,DoS,True
5208,DoS,True
5209,Reconnaissance,True
5210,DoS,True
5211,Exploits,True
5212,Fuzzers,True
5213,Exploits,True
5214,Analysis,True
5215,Exploits,True
5216,Exploits,True
5217,Reconnaissance,True
5218,DoS,True
5219,Fuzzers,True
5220,Fuzzers,True
5221,Analysis,True
5222,DoS,True
5223,DoS,True
5224,Exploits,True
5225,DoS,True
5226,DoS,True
5227,DoS,True
5228,DoS,True
5229,Exploits,True
5230,DoS,True
5231,Exploits,True
5232,Exploits,True
5233,Exploits,True
5234,DoS,True
5235,DoS,True
5236,DoS,True
5237,Exploits,True
5238,Exploits,True
5239,DoS,True
5240,Exploits,True
5241,Reconnaissance,True
5242,Exploits,True
5243,Exploits,True
5244,Reconnaissance,True
5245,Exploits,True
5246,DoS,True
5247,Exploits,True
5248,Exploits,True
5249,Exploits,True
5250,Exploits,True
5251,Exploits,True
5252,Exploits,True
5253,Exploits,True
5254,Exploits,True
5255,Exploits,True
5256,Exploits,True
5257,DoS,True
5258,DoS,True
5259,Reconnaissance,True
5260,Exploits,True
5261,DoS,True
5262,DoS,True
5263,DoS,True
5264,DoS,True
5265,Exploits,True
5266,Reconnaissance,True
5267,DoS,True
5268,Exploits,True
5269,Exploits,True
5270,Exploits,True
5271,Exploits,True
5272,Exploits,True
5273,Reconnaissance,True
5274,DoS,True
5275,DoS,True
5276,Exploits,True
5277,Shellcode,True
5278,Exploits,True
5279,Exploits,True
5280,Exploits,True
5281,Reconnaissance,True
5282,Exploits,True
5283,Exploits,True
5284,DoS,True
5285,Reconnaissance,True
5286,Fuzzers,True
5287,Exploits,True
5288,Exploits,True
5289,Reconnaissance,True
5290,Exploits,True
5291,Fuzzers,True
5292,Backdoor,True
5293,DoS,True
5294,DoS,True
5295,DoS,True
5296,DoS,True
5297,DoS,True
5298,Worms,True
5299,Reconnaissance,True
5300,DoS,True
5301,Analysis,True
5302,DoS,True
5303,DoS,True
5304,DoS,True
5305,Analysis,True
5306,DoS,True
5307,DoS,True
5308,DoS,True
5309,Exploits,True
5310,DoS,True
5311,Exploits,True
5312,Exploits,True
5313,DoS,True
5314,DoS,True
5315,Fuzzers,True
5316,Exploits,True
5317,Exploits,True
5318,Exploits,True
5319,Exploits,True
5320,Exploits,True
5321,DoS,True
5322,Reconnaissance,True
5323,DoS,True
5324,Analysis,True
5325,Fuzzers,True
5326,DoS,True
5327,Reconnaissance,True
5328,DoS,True
5329,DoS,True
5330,Exploits,True
5331,Reconnaissance,True
5332,DoS,True
5333,Reconnaissance,True
5334,Reconnaissance,True
5335,Exploits,True
5336,Reconnaissance,True
5337,DoS,True
5338,Exploits,True
5339,Backdoor,True
5340,DoS,True
5341,Exploits,True
5342,DoS,True
5343,Exploits,True
5344,Shellcode,True
5345,Exploits,True
5346,DoS,True
5347,Fuzzers,True
5348,DoS,True
5349,Exploits,True
5350,Analysis,True
5351,DoS,True
5352,Exploits,True
5353,Exploits,True
5354,DoS,True
5355,DoS,True
5356,Exploits,True
5357,DoS,True
5358,Exploits,True
5359,DoS,True
5360,DoS,True
5361,Reconnaissance,True
5362,DoS,True
5363,Exploits,True
5364,Exploits,True
5365,Exploits,True
5366,DoS,True
5367,Exploits,True
5368,Exploits,True
5369,Fuzzers,True
5370,DoS,True
5371,Exploits,True
5372,DoS,True
5373,DoS,True
5374,DoS,True
5375,DoS,True
5376,Exploits,True
5377,DoS,True
5378,Exploits,True
5379,DoS,True
5380,Exploits,True
5381,Exploits,True
5382,Exploits,True
5383,Fuzzers,True
5384,Exploits,True
5385,DoS,True
5386,DoS,True
5387,DoS,True
5388,Fuzzers,True
5389,Exploits,True
5390,DoS,True
5391,Exploits,True
5392,DoS,True
5393,Reconnaissance,True
5394,Exploits,True
5395,Exploits,True
5396,DoS,True
5397,Exploits,True
5398,Exploits,True
5399,DoS,True
5400,Exploits,True
5401,DoS,True
5402,Exploits,True
5403,Exploits,True
5404,Reconnaissance,True
5405,Analysis,True
5406,Exploits,True
5407,Fuzzers,True
5408,DoS,True
5409,Exploits,True
5410,DoS,True
5411,Exploits,True
5412,Exploits,True
5413,DoS,True
5414,DoS,True
5415,Fuzzers,True
5416,DoS,True
5417,Exploits,True
5418,DoS,True
5419,DoS,True
5420,DoS,True
5421,Fuzzers,True
5422,DoS,True
5423,Exploits,True
5424,DoS,True
5425,DoS,True
5426,Exploits,True
5427,Exploits,True
5428,Exploits,True
5429,Fuzzers,True
5430,Exploits,True
5431,Exploits,True
5432,Exploits,True
5433,Exploits,True
5434,Fuzzers,True
5435,Exploits,True
5436,DoS,True
5437,Reconnaissance,True
5438,DoS,True
5439,DoS,True
5440,Backdoor,True
5441,DoS,True
5442,DoS,True
5443,DoS,True
5444,DoS,True
5445,Exploits,True
5446,Exploits,True
5447,DoS,True
5448,Exploits,True
5449,Exploits,True
5450,DoS,True
5451,Exploits,True
5452,Reconnaissance,True
5453,Exploits,True
5454,DoS,True
5455,Exploits,True
5456,DoS,True
5457,DoS,True
5458,Exploits,True
5459,Exploits,True
5460,DoS,True
5461,DoS,True
5462,DoS,True
5463,DoS,True
5464,Exploits,True
5465,DoS,True
5466,DoS,True
5467,DoS,True
5468,Exploits,True
5469,DoS,True
5470,Exploits,True
5471,Exploits,True
5472,Exploits,True
5473,DoS,True
5474,DoS,True
5475,DoS,True
5476,Fuzzers,True
5477,Exploits,True
5478,DoS,True
5479,DoS,True
5480,DoS,True
5481,DoS,True
5482,DoS,True
5483,DoS,True
5484,Exploits,True
5485,Exploits,True
5486,Exploits,True
5487,Exploits,True
5488,Exploits,True
5489,Exploits,True
5490,DoS,True
5491,Exploits,True
5492,Exploits,True
5493,Fuzzers,True
5494,Exploits,True
5495,DoS,True
5496,DoS,True
5497,Exploits,True
5498,DoS,True
5499,Reconnaissance,True
5500,Fuzzers,True
5501,Exploits,True
5502,DoS,True
5503,DoS,True
5504,Exploits,True
5505,DoS,True
5506,Exploits,True
5507,DoS,True
5508,Exploits,True
5509,Exploits,True
5510,Exploits,True
5511,Reconnaissance,True
5512,Exploits,True
5513,Exploits,True
5514,Fuzzers,True
5515,DoS,True
5516,Backdoor,True
5517,Fuzzers,True
5518,DoS,True
5519,DoS,True
5520,Exploits,True
5521,DoS,True
5522,Exploits,True
5523,DoS,True
5524,DoS,True
5525,DoS,True
5526,Exploits,True
5527,Exploits,True
5528,Exploits,True
5529,DoS,True
5530,DoS,True
5531,Exploits,True
5532,DoS,True
5533,DoS,True
5534,DoS,True
5535,DoS,True
5536,Exploits,True
5537,Exploits,True
5538,DoS,True
5539,DoS,True
5540,Exploits,True
5541,Shellcode,True
5542,DoS,True
5543,Exploits,True
5544,Exploits,True
5545,Exploits,True
5546,Exploits,True
5547,Exploits,True
5548,Exploits,True
5549,Exploits,True
5550,Reconnaissance,True
5551,DoS,True
5552,Reconnaissance,True
5553,DoS,True
5554,DoS,True
5555,DoS,True
5556,DoS,True
5557,DoS,True
5558,Exploits,True
5559,DoS,True
5560,Exploits,True
5561,DoS,True
5562,DoS,True
5563,DoS,True
5564,Exploits,True
5565,Exploits,True
5566,DoS,True
5567,Exploits,True
5568,Exploits,True
5569,Exploits,True
5570,Fuzzers,True
5571,DoS,True
5572,DoS,True
5573,Reconnaissance,True
5574,Reconnaissance,True
5575,Exploits,True
5576,Reconnaissance,True
5577,DoS,True
5578,DoS,True
5579,DoS,True
5580,DoS,True
5581,Exploits,True
5582,Exploits,True
5583,Exploits,True
5584,Exploits,True
5585,DoS,True
5586,Exploits,True
5587,DoS,True
5588,DoS,True
5589,Exploits,True
5590,DoS,True
5591,Exploits,True
5592,DoS,True
5593,DoS,True
5594,Exploits,True
5595,Fuzzers,True
5596,DoS,True
5597,Exploits,True
5598,Reconnaissance,True
5599,DoS,True
5600,Reconnaissance,True
5601,Fuzzers,True
5602,Reconnaissance,True
5603,DoS,True
5604,DoS,True
5605,Exploits,True
5606,DoS,True
5607,DoS,True
5608,DoS,True
5609,Exploits,True
5610,Fuzzers,True
5611,Exploits,True
5612,Exploits,True
5613,DoS,True
5614,Reconnaissance,True
5615,Fuzzers,True
5616,Exploits,True
5617,Exploits,True
5618,Exploits,True
5619,Exploits,True
5620,DoS,True
5621,Fuzzers,True
5622,Exploits,True
5623,DoS,True
5624,Reconnaissance,True
5625,DoS,True
5626,DoS,True
5627,DoS,True
5628,Exploits,True
5629,Exploits,True
5630,Exploits,True
5631,Reconnaissance,True
5632,Shellcode,True
5633,DoS,True
5634,Exploits,True
5635,Exploits,True
5636,Reconnaissance,True
5637,Exploits,True
5638,Exploits,True
5639,Reconnaissance,True
5640,Exploits,True
5641,Exploits,True
5642,Exploits,True
5643,Reconnaissance,True
5644,Exploits,True
5645,Exploits,True
5646,Fuzzers,True
5647,Reconnaissance,True
5648,Exploits,True
5649,DoS,True
5650,Exploits,True
5651,Fuzzers,True
5652,DoS,True
5653,Analysis,True
5654,DoS,True
5655,Reconnaissance,True
5656,Exploits,True
5657,DoS,True
5658,Exploits,True
5659,Exploits,True
5660,DoS,True
5661,Exploits,True
5662,Exploits,True
5663,DoS,True
5664,Fuzzers,True
5665,Exploits,True
5666,DoS,True
5667,Reconnaissance,True
5668,Reconnaissance,True
5669,Exploits,True
5670,Exploits,True
5671,Reconnaissance,True
5672,DoS,True
5673,Exploits,True
5674,Exploits,True
5675,Fuzzers,True
5676,Reconnaissance,True
5677,Reconnaissance,True
5678,Reconnaissance,True
5679,DoS,True
5680,DoS,True
5681,Exploits,True
5682,DoS,True
5683,DoS,True
5684,Exploits,True
5685,Fuzzers,True
5686,Exploits,True
5687,Exploits,True
5688,Exploits,True
5689,Reconnaissance,True
5690,Exploits,True
5691,Fuzzers,True
5692,DoS,True
5693,Exploits,True
5694,Reconnaissance,True
5695,Analysis,True
5696,Fuzzers,True
5697,DoS,True
5698,DoS,True
5699,Exploits,True
5700,Reconnaissance,True
5701,Exploits,True
5702,Exploits,True
5703,DoS,True
5704,Exploits,True
5705,Reconnaissance,True
5706,Fuzzers,True
5707,Exploits,True
5708,Exploits,True
5709,Exploits,True
5710,Exploits,True
5711,DoS,True
5712,DoS,True
5713,Exploits,True
5714,Exploits,True
5715,Exploits,True
5716,Exploits,True
5717,Exploits,True
5718,Fuzzers,True
5719,Exploits,True
5720,Exploits,True
5721,DoS,True
5722,Exploits,True
5723,DoS,True
5724,DoS,True
5725,Exploits,True
5726,DoS,True
5727,Exploits,True
5728,Exploits,True
5729,Exploits,True
5730,Exploits,True
5731,Exploits,True
5732,DoS,True
5733,Exploits,True
5734,DoS,True
5735,Reconnaissance,True
5736,Exploits,True
5737,Reconnaissance,True
5738,Exploits,True
5739,DoS,True
5740,DoS,True
5741,Exploits,True
5742,Exploits,True
5743,DoS,True
5744,Reconnaissance,True
5745,Exploits,True
5746,Reconnaissance,True
5747,Shellcode,True
5748,Fuzzers,True
5749,Exploits,True
5750,Exploits,True
5751,Analysis,True
5752,Exploits,True
5753,Exploits,True
5754,DoS,True
5755,Exploits,True
5756,Exploits,True
5757,DoS,True
5758,DoS,True
5759,DoS,True
5760,Exploits,True
5761,Exploits,True
5762,DoS,True
5763,Exploits,True
5764,DoS,True
5765,Fuzzers,True
5766,Exploits,True
5767,Reconnaissance,True
5768,Exploits,True
5769,Exploits,True
5770,Reconnaissance,True
5771,Reconnaissance,True
5772,Reconnaissance,True
5773,Fuzzers,True
5774,DoS,True
5775,DoS,True
5776,Exploits,True
5777,DoS,True
5778,Reconnaissance,True
5779,Fuzzers,True
5780,Exploits,True
5781,Exploits,True
5782,Reconnaissance,True
5783,Reconnaissance,True
5784,Exploits,True
5785,Exploits,True
5786,Exploits,True
5787,Exploits,True
5788,Exploits,True
5789,Exploits,True
5790,DoS,True
5791,Exploits,True
5792,Exploits,True
5793,Reconnaissance,True
5794,DoS,True
5795,Reconnaissance,True
5796,Analysis,True
5797,Reconnaissance,True
5798,Exploits,True
5799,Exploits,True
5800,Exploits,True
5801,DoS,True
5802,Reconnaissance,True
5803,Exploits,True
5804,Exploits,True
5805,DoS,True
5806,Exploits,True
5807,Exploits,True
5808,Exploits,True
5809,Reconnaissance,True
5810,Exploits,True
5811,DoS,True
5812,Exploits,True
5813,Reconnaissance,True
5814,Exploits,True
5815,Analysis,True
5816,Exploits,True
5817,DoS,True
5818,Reconnaissance,True
5819,Exploits,True
5820,DoS,True
5821,Exploits,True
5822,Reconnaissance,True
5823,Exploits,True
5824,Exploits,True
5825,Exploits,True
5826,Exploits,True
5827,Exploits,True
5828,Exploits,True
5829,Reconnaissance,True
5830,Reconnaissance,True
5831,Exploits,True
5832,Exploits,True
5833,Reconnaissance,True
5834,Exploits,True
5835,Exploits,True
5836,Exploits,True
5837,DoS,True
5838,Reconnaissance,True
5839,Reconnaissance,True
5840,DoS,True
5841,Exploits,True
5842,DoS,True
5843,DoS,True
5844,Exploits,True
5845,DoS,True
5846,Exploits,True
5847,DoS,True
5848,Fuzzers,True
5849,Shellcode,True
5850,DoS,True
5851,Exploits,True
5852,DoS,True
5853,Shellcode,True
5854,Exploits,True
5855,Exploits,True
5856,DoS,True
5857,Exploits,True
5858,DoS,True
5859,Exploits,True
5860,Exploits,True
5861,Exploits,True
5862,Analysis,True
5863,Reconnaissance,True
5864,Reconnaissance,True
5865,Exploits,True
5866,Exploits,True
5867,Exploits,True
5868,Exploits,True
5869,DoS,True
5870,Fuzzers,True
5871,Reconnaissance,True
5872,Exploits,True
5873,Fuzzers,True
5874,Exploits,True
5875,Exploits,True
5876,Exploits,True
5877,Shellcode,True
5878,Fuzzers,True
5879,Exploits,True
5880,Reconnaissance,True
5881,DoS,True
5882,Shellcode,True
5883,Fuzzers,True
5884,Exploits,True
5885,Fuzzers,True
5886,Reconnaissance,True
5887,Fuzzers,True
5888,Fuzzers,True
5889,Reconnaissance,True
5890,Exploits,True
5891,DoS,True
5892,DoS,True
5893,Fuzzers,True
5894,Exploits,True
5895,Shellcode,True
5896,Fuzzers,True
5897,DoS,True
5898,DoS,True
5899,Exploits,True
5900,Fuzzers,True
5901,DoS,True
5902,Exploits,True
5903,Exploits,True
5904,Exploits,True
5905,Reconnaissance,True
5906,Reconnaissance,True
5907,DoS,True
5908,Exploits,True
5909,Fuzzers,True
5910,Fuzzers,True
5911,DoS,True
5912,Exploits,True
5913,DoS,True
5914,Fuzzers,True
5915,Reconnaissance,True
5916,DoS,True
5917,Exploits,True
5918,Exploits,True
5919,Exploits,True
5920,Reconnaissance,True
5921,Exploits,True
5922,Exploits,True
5923,Reconnaissance,True
5924,Exploits,True
5925,Exploits,True
5926,Exploits,True
5927,DoS,True
5928,Exploits,True
5929,Exploits,True
5930,DoS,True
5931,Exploits,True
5932,Exploits,True
5933,Fuzzers,True
5934,Reconnaissance,True
5935,Fuzzers,True
5936,Exploits,True
5937,Exploits,True
5938,Exploits,True
5939,Reconnaissance,True
5940,Fuzzers,True
5941,Exploits,True
5942,Exploits,True
5943,DoS,True
5944,Reconnaissance,True
5945,Exploits,True
5946,Exploits,True
5947,DoS,True
5948,Exploits,True
5949,Exploits,True
5950,Exploits,True
5951,Exploits,True
5952,Exploits,True
5953,Exploits,True
5954,Reconnaissance,True
5955,Exploits,True
5956,Reconnaissance,True
5957,Reconnaissance,True
5958,DoS,True
5959,DoS,True
5960,Reconnaissance,True
5961,DoS,True
5962,DoS,True
5963,Exploits,True
5964,Exploits,True
5965,DoS,True
5966,Exploits,True
5967,Shellcode,True
5968,Reconnaissance,True
5969,Exploits,True
5970,Reconnaissance,True
5971,Reconnaissance,True
5972,Exploits,True
5973,Exploits,True
5974,Exploits,True
5975,Exploits,True
5976,Exploits,True
5977,Exploits,True
5978,Exploits,True
5979,Reconnaissance,True
5980,DoS,True
5981,Exploits,True
5982,Exploits,True
5983,Reconnaissance,True
5984,Exploits,True
5985,Exploits,True
5986,Exploits,True
5987,Exploits,True
5988,Exploits,True
5989,Exploits,True
5990,DoS,True
5991,Exploits,True
5992,Fuzzers,True
5993,DoS,True
5994,Exploits,True
5995,DoS,True
5996,Fuzzers,True
5997,Fuzzers,True
5998,Exploits,True
5999,Fuzzers,True
6000,Exploits,True
6001,Analysis,True
6002,Fuzzers,True
6003,Exploits,True
6004,Fuzzers,True
6005,Fuzzers,True
6006,DoS,True
6007,Fuzzers,True
6008,DoS,True
6009,Fuzzers,True
6010,Exploits,True
6011,DoS,True
6012,Exploits,True
6013,Fuzzers,True
6014,Exploits,True
6015,Fuzzers,True
6016,Exploits,True
6017,Reconnaissance,True
6018,Fuzzers,True
6019,Fuzzers,True
6020,Shellcode,True
6021,Reconnaissance,True
6022,Shellcode,True
6023,Reconnaissance,True
6024,DoS,True
6025,Exploits,True
6026,Exploits,True
6027,Exploits,True
6028,Reconnaissance,True
6029,Exploits,True
6030,Fuzzers,True
6031,DoS,True
6032,Exploits,True
6033,Exploits,True
6034,Exploits,True
6035,Exploits,True
6036,Reconnaissance,True
6037,DoS,True
6038,Exploits,True
6039,Exploits,True
6040,Fuzzers,True
6041,Exploits,True
6042,Exploits,True
6043,Reconnaissance,True
6044,DoS,True
6045,Exploits,True
6046,Exploits,True
6047,DoS,True
6048,Reconnaissance,True
6049,Exploits,True
6050,DoS,True
6051,Exploits,True
6052,Reconnaissance,True
6053,Exploits,True
6054,Reconnaissance,True
6055,Exploits,True
6056,Exploits,True
6057,Exploits,True
6058,Exploits,True
6059,Exploits,True
6060,DoS,True
6061,Exploits,True
6062,Exploits,True
6063,Exploits,True
6064,Exploits,True
6065,Reconnaissance,True
6066,Exploits,True
6067,DoS,True
6068,Reconnaissance,True
6069,Exploits,True
6070,Exploits,True
6071,Exploits,True
6072,Exploits,True
6073,Exploits,True
6074,DoS,True
6075,Reconnaissance,True
6076,Reconnaissance,True
6077,Exploits,True
6078,Exploits,True
6079,Exploits,True
6080,Exploits,True
6081,Exploits,True
6082,Exploits,True
6083,Exploits,True
6084,Exploits,True
6085,Exploits,True
6086,Reconnaissance,True
6087,DoS,True
6088,Exploits,True
6089,Reconnaissance,True
6090,Exploits,True
6091,Reconnaissance,True
6092,Reconnaissance,True
6093,Exploits,True
6094,Reconnaissance,True
6095,Exploits,True
6096,Exploits,True
6097,DoS,True
6098,Exploits,True
6099,Exploits,True
6100,Reconnaissance,True
6101,DoS,True
6102,Reconnaissance,True
6103,Exploits,True
6104,Exploits,True
6105,DoS,True
6106,Exploits,True
6107,Exploits,True
6108,Exploits,True
6109,Exploits,True
6110,Exploits,True
6111,Exploits,True
6112,Exploits,True
6113,Exploits,True
6114,Reconnaissance,True
6115,Exploits,True
6116,Exploits,True
6117,DoS,True
6118,Exploits,True
6119,Reconnaissance,True
6120,Exploits,True
6121,Fuzzers,True
6122,DoS,True
6123,DoS,True
6124,Exploits,True
6125,Reconnaissance,True
6126,Exploits,True
6127,Exploits,True
6128,DoS,True
6129,Reconnaissance,True
6130,Exploits,True
6131,Fuzzers,True
6132,DoS,True
6133,DoS,True
6134,Exploits,True
6135,Fuzzers,True
6136,DoS,True
6137,Exploits,True
6138,DoS,True
6139,Exploits,True
6140,Reconnaissance,True
6141,Exploits,True
6142,DoS,True
6143,Reconnaissance,True
6144,Shellcode,True
6145,Exploits,True
6146,DoS,True
6147,DoS,True
6148,Fuzzers,True
6149,Exploits,True
6150,Exploits,True
6151,Exploits,True
6152,Reconnaissance,True
6153,Reconnaissance,True
6154,Exploits,True
6155,Exploits,True
6156,Exploits,True
6157,DoS,True
6158,Exploits,True
6159,Exploits,True
6160,DoS,True
6161,Exploits,True
6162,Reconnaissance,True
6163,DoS,True
6164,Reconnaissance,True
6165,Exploits,True
6166,Analysis,True
6167,Reconnaissance,True
6168,Exploits,True
6169,Exploits,True
6170,DoS,True
6171,DoS,True
6172,Reconnaissance,True
6173,DoS,True
6174,DoS,True
6175,Reconnaissance,True
6176,Fuzzers,True
6177,Exploits,True
6178,DoS,True
6179,Fuzzers,True
6180,Exploits,True
6181,Fuzzers,True
6182,Exploits,True
6183,Exploits,True
6184,Exploits,True
6185,Exploits,True
6186,Exploits,True
6187,Exploits,True
6188,Fuzzers,True
6189,Exploits,True
6190,Fuzzers,True
6191,Exploits,True
6192,Reconnaissance,True
6193,Reconnaissance,True
6194,Exploits,True
6195,Fuzzers,True
6196,Fuzzers,True
6197,Reconnaissance,True
6198,Exploits,True
6199,Exploits,True
6200,DoS,True
6201,DoS,True
6202,Exploits,True
6203,Fuzzers,True
6204,Exploits,True
6205,DoS,True
6206,DoS,True
6207,Exploits,True
6208,Exploits,True
6209,Fuzzers,True
6210,Exploits,True
6211,DoS,True
6212,Exploits,True
6213,Exploits,True
6214,Fuzzers,True
6215,DoS,True
6216,Exploits,True
6217,Reconnaissance,True
6218,Exploits,True
6219,DoS,True
6220,Exploits,True
6221,Exploits,True
6222,Fuzzers,True
6223,Reconnaissance,True
6224,Reconnaissance,True
6225,DoS,True
6226,DoS,True
6227,Exploits,True
6228,Exploits,True
6229,DoS,True
6230,Reconnaissance,True
6231,Reconnaissance,True
6232,Fuzzers,True
6233,Reconnaissance,True
6234,Exploits,True
6235,Reconnaissance,True
6236,Exploits,True
6237,Exploits,True
6238,DoS,True
6239,Exploits,True
6240,Exploits,True
6241,Exploits,True
6242,DoS,True
6243,DoS,True
6244,Reconnaissance,True
6245,DoS,True
6246,DoS,True
6247,Exploits,True
6248,Reconnaissance,True
6249,DoS,True
6250,Shellcode,True
6251,Fuzzers,True
6252,Exploits,True
6253,Reconnaissance,True
6254,Exploits,True
6255,Exploits,True
6256,Exploits,True
6257,Exploits,True
6258,DoS,True
6259,Exploits,True
6260,Exploits,True
6261,Exploits,True
6262,Exploits,True
6263,Exploits,True
6264,DoS,True
6265,Exploits,True
6266,DoS,True
6267,Reconnaissance,True
6268,Fuzzers,True
6269,Exploits,True
6270,Exploits,True
6271,Exploits,True
6272,Exploits,True
6273,Fuzzers,True
6274,Exploits,True
6275,Exploits,True
6276,Reconnaissance,True
6277,DoS,True
6278,DoS,True
6279,Exploits,True
6280,Exploits,True
6281,Exploits,True
6282,DoS,True
6283,Exploits,True
6284,Fuzzers,True
6285,Exploits,True
6286,DoS,True
6287,Exploits,True
6288,DoS,True
6289,Fuzzers,True
6290,Exploits,True
6291,Reconnaissance,True
6292,Exploits,True
6293,Reconnaissance,True
6294,DoS,True
6295,Fuzzers,True
6296,Exploits,True
6297,Exploits,True
6298,DoS,True
6299,Exploits,True
6300,Exploits,True
6301,Exploits,True
6302,Exploits,True
6303,Exploits,True
6304,Worms,True
6305,Exploits,True
6306,Exploits,True
6307,Exploits,True
6308,Fuzzers,True
6309,Exploits,True
6310,DoS,True
6311,Exploits,True
6312,Exploits,True
6313,Fuzzers,True
6314,Exploits,True
6315,DoS,True
6316,Reconnaissance,True
6317,Exploits,True
6318,Exploits,True
6319,DoS,True
6320,Reconnaissance,True
6321,Exploits,True
6322,Reconnaissance,True
6323,Backdoor,True
6324,Exploits,True
6325,Exploits,True
6326,Exploits,True
6327,Reconnaissance,True
6328,Exploits,True
6329,Fuzzers,True
6330,Exploits,True
6331,Reconnaissance,True
6332,Exploits,True
6333,Reconnaissance,True
6334,Reconnaissance,True
6335,Exploits,True
6336,Reconnaissance,True
6337,DoS,True
6338,Fuzzers,True
6339,DoS,True
6340,Exploits,True
6341,Fuzzers,True
6342,Exploits,True
6343,DoS,True
6344,Exploits,True
6345,DoS,True
6346,Exploits,True
6347,Exploits,True
6348,Reconnaissance,True
6349,Exploits,True
6350,Backdoor,True
6351,Reconnaissance,True
6352,Reconnaissance,True
6353,DoS,True
6354,Reconnaissance,True
6355,Exploits,True
6356,Exploits,True
6357,Exploits,True
6358,Reconnaissance,True
6359,Exploits,True
6360,Exploits,True
6361,Exploits,True
6362,Exploits,True
6363,Exploits,True
6364,Reconnaissance,True
6365,Exploits,True
6366,Exploits,True
6367,DoS,True
6368,Exploits,True
6369,Reconnaissance,True
6370,DoS,True
6371,DoS,True
6372,DoS,True
6373,Exploits,True
6374,Exploits,True
6375,Fuzzers,True
6376,Exploits,True
6377,Exploits,True
6378,Exploits,True
6379,Exploits,True
6380,Exploits,True
6381,Exploits,True
6382,DoS,True
6383,Reconnaissance,True
6384,Reconnaissance,True
6385,Exploits,True
6386,Exploits,True
6387,Exploits,True
6388,Fuzzers,True
6389,Reconnaissance,True
6390,DoS,True
6391,Exploits,True
6392,Analysis,True
6393,Exploits,True
6394,Exploits,True
6395,Exploits,True
6396,DoS,True
6397,Exploits,True
6398,Fuzzers,True
6399,DoS,True
6400,Exploits,True
6401,Exploits,True
6402,Exploits,True
6403,Exploits,True
6404,DoS,True
6405,Exploits,True
6406,Exploits,True
6407,Exploits,True
6408,Reconnaissance,True
6409,Fuzzers,True
6410,Shellcode,True
6411,Reconnaissance,True
6412,Reconnaissance,True
6413,DoS,True
6414,Fuzzers,True
6415,Exploits,True
6416,Exploits,True
6417,Reconnaissance,True
6418,Exploits,True
6419,Reconnaissance,True
6420,Exploits,True
6421,Fuzzers,True
6422,Exploits,True
6423,DoS,True
6424,Fuzzers,True
6425,Exploits,True
6426,DoS,True
6427,Fuzzers,True
6428,Fuzzers,True
6429,Exploits,True
6430,Exploits,True
6431,Reconnaissance,True
6432,Fuzzers,True
6433,Exploits,True
6434,Exploits,True
6435,DoS,True
6436,Exploits,True
6437,Exploits,True
6438,Reconnaissance,True
6439,Reconnaissance,True
6440,DoS,True
6441,DoS,True
6442,Fuzzers,True
6443,Reconnaissance,True
6444,Exploits,True
6445,DoS,True
6446,Fuzzers,True
6447,Reconnaissance,True
6448,Backdoor,True
6449,Exploits,True
6450,Exploits,True
6451,Exploits,True
6452,DoS,True
6453,Reconnaissance,True
6454,Exploits,True
6455,Exploits,True
6456,DoS,True
6457,Exploits,True
6458,Exploits,True
6459,Fuzzers,True
6460,DoS,True
6461,Fuzzers,True
6462,Reconnaissance,True
6463,Reconnaissance,True
6464,Fuzzers,True
6465,Reconnaissance,True
6466,Exploits,True
6467,Exploits,True
6468,Exploits,True
6469,Fuzzers,True
6470,Exploits,True
6471,Exploits,True
6472,Fuzzers,True
6473,Reconnaissance,True
6474,Exploits,True
6475,DoS,True
6476,DoS,True
6477,Exploits,True
6478,Exploits,True
6479,Exploits,True
6480,Exploits,True
6481,Reconnaissance,True
6482,Worms,True
6483,Exploits,True
6484,Exploits,True
6485,Exploits,True
6486,Reconnaissance,True
6487,DoS,True
6488,Exploits,True
6489,Exploits,True
6490,DoS,True
6491,Reconnaissance,True
6492,Shellcode,True
6493,Reconnaissance,True
6494,Exploits,True
6495,Reconnaissance,True
6496,Exploits,True
6497,Reconnaissance,True
6498,Exploits,True
6499,Exploits,True
6500,DoS,True
6501,Shellcode,True
6502,Exploits,True
6503,Fuzzers,True
6504,Exploits,True
6505,Exploits,True
6506,Fuzzers,True
6507,Exploits,True
6508,Exploits,True
6509,DoS,True
6510,Reconnaissance,True
6511,Reconnaissance,True
6512,Exploits,True
6513,Exploits,True
6514,Exploits,True
6515,Fuzzers,True
6516,Reconnaissance,True
6517,Reconnaissance,True
6518,DoS,True
6519,Reconnaissance,True
6520,Reconnaissance,True
6521,DoS,True
6522,Reconnaissance,True
6523,DoS,True
6524,Exploits,True
6525,Exploits,True
6526,Exploits,True
6527,Reconnaissance,True
6528,Exploits,True
6529,Exploits,True
6530,Shellcode,True
6531,Exploits,True
6532,Reconnaissance,True
6533,Shellcode,True
6534,DoS,True
6535,Reconnaissance,True
6536,Reconnaissance,True
6537,DoS,True
6538,Exploits,True
6539,Reconnaissance,True
6540,Exploits,True
6541,DoS,True
6542,Exploits,True
6543,Exploits,True
6544,DoS,True
6545,Fuzzers,True
6546,DoS,True
6547,DoS,True
6548,Exploits,True
6549,DoS,True
6550,DoS,True
6551,Exploits,True
6552,Exploits,True
6553,Exploits,True
6554,Reconnaissance,True
6555,Exploits,True
6556,Reconnaissance,True
6557,Analysis,True
6558,Analysis,True
6559,DoS,True
6560,Exploits,True
6561,Exploits,True
6562,Fuzzers,True
6563,DoS,True
6564,Exploits,True
6565,DoS,True
6566,DoS,True
6567,Shellcode,True
6568,Exploits,True
6569,Exploits,True
6570,DoS,True
6571,Exploits,True
6572,DoS,True
6573,Exploits,True
6574,Fuzzers,True
6575,Exploits,True
6576,Exploits,True
6577,Reconnaissance,True
6578,Analysis,True
6579,Fuzzers,True
6580,DoS,True
6581,Exploits,True
6582,Reconnaissance,True
6583,Reconnaissance,True
6584,Exploits,True
6585,DoS,True
6586,DoS,True
6587,Exploits,True
6588,DoS,True
6589,Reconnaissance,True
6590,Exploits,True
6591,Exploits,True
6592,Analysis,True
6593,Exploits,True
6594,DoS,True
6595,DoS,True
6596,Reconnaissance,True
6597,Exploits,True
6598,DoS,True
6599,Backdoor,True
6600,DoS,True
6601,DoS,True
6602,DoS,True
6603,Exploits,True
6604,DoS,True
6605,DoS,True
6606,Exploits,True
6607,Exploits,True
6608,Exploits,True
6609,Exploits,True
6610,Exploits,True
6611,Exploits,True
6612,Exploits,True
6613,Exploits,True
6614,Backdoor,True
6615,Exploits,True
6616,Exploits,True
6617,DoS,True
6618,Exploits,True
6619,Exploits,True
6620,DoS,True
6621,Exploits,True
6622,DoS,True
6623,Exploits,True
6624,Analysis,True
6625,Exploits,True
6626,Exploits,True
6627,Analysis,True
6628,DoS,True
6629,Exploits,True
6630,DoS,True
6631,Exploits,True
6632,DoS,True
6633,Reconnaissance,True
6634,DoS,True
6635,Reconnaissance,True
6636,DoS,True
6637,DoS,True
6638,Exploits,True
6639,DoS,True
6640,Backdoor,True
6641,Exploits,True
6642,Exploits,True
6643,Reconnaissance,True
6644,Exploits,True
6645,Exploits,True
6646,DoS,True
6647,Backdoor,True
6648,Reconnaissance,True
6649,Exploits,True
6650,DoS,True
6651,Fuzzers,True
6652,DoS,True
6653,Backdoor,True
6654,DoS,True
6655,Exploits,True
6656,Exploits,True
6657,DoS,True
6658,Exploits,True
6659,DoS,True
6660,Exploits,True
6661,DoS,True
6662,DoS,True
6663,Analysis,True
6664,DoS,True
6665,Backdoor,True
6666,DoS,True
6667,Exploits,True
6668,Worms,True
6669,DoS,True
6670,DoS,True
6671,DoS,True
6672,DoS,True
6673,Analysis,True
6674,Exploits,True
6675,Exploits,True
6676,DoS,True
6677,Exploits,True
6678,Exploits,True
6679,Exploits,True
6680,Exploits,True
6681,Exploits,True
6682,Exploits,True
6683,Exploits,True
6684,DoS,True
6685,Reconnaissance,True
6686,Exploits,True
6687,DoS,True
6688,DoS,True
6689,DoS,True
6690,DoS,True
6691,DoS,True
6692,Exploits,True
6693,Exploits,True
6694,DoS,True
6695,Exploits,True
6696,Exploits,True
6697,DoS,True
6698,Exploits,True
6699,Exploits,True
6700,Reconnaissance,True
6701,DoS,True
6702,Exploits,True
6703,Reconnaissance,True
6704,Reconnaissance,True
6705,Fuzzers,True
6706,DoS,True
6707,Backdoor,True
6708,Fuzzers,True
6709,Reconnaissance,True
6710,Exploits,True
6711,Exploits,True
6712,Reconnaissance,True
6713,DoS,True
6714,Exploits,True
6715,Exploits,True
6716,DoS,True
6717,DoS,True
6718,Exploits,True
6719,DoS,True
6720,DoS,True
6721,DoS,True
6722,Exploits,True
6723,Exploits,True
6724,Reconnaissance,True
6725,Reconnaissance,True
6726,Exploits,True
6727,DoS,True
6728,Exploits,True
6729,Fuzzers,True
6730,DoS,True
6731,DoS,True
6732,Exploits,True
6733,Analysis,True
6734,Fuzzers,True
6735,DoS,True
6736,Backdoor,True
6737,DoS,True
6738,Analysis,True
6739,DoS,True
6740,Exploits,True
6741,DoS,True
6742,DoS,True
6743,Exploits,True
6744,DoS,True
6745,Reconnaissance,True
6746,DoS,True
6747,Fuzzers,True
6748,Exploits,True
6749,DoS,True
6750,DoS,True
6751,Exploits,True
6752,Exploits,True
6753,Exploits,True
6754,DoS,True
6755,Fuzzers,True
6756,Exploits,True
6757,Fuzzers,True
6758,DoS,True
6759,Exploits,True
6760,Reconnaissance,True
6761,Analysis,True
6762,DoS,True
6763,DoS,True
6764,Fuzzers,True
6765,Backdoor,True
6766,Exploits,True
6767,DoS,True
6768,DoS,True
6769,DoS,True
6770,Exploits,True
6771,Exploits,True
6772,Exploits,True
6773,Analysis,True
6774,Exploits,True
6775,Exploits,True
6776,DoS,True
6777,Exploits,True
6778,Exploits,True
6779,DoS,True
6780,Fuzzers,True
6781,Exploits,True
6782,Reconnaissance,True
6783,DoS,True
6784,Backdoor,True
6785,DoS,True
6786,DoS,True
6787,Exploits,True
6788,DoS,True
6789,Exploits,True
6790,Analysis,True
6791,DoS,True
6792,Fuzzers,True
6793,DoS,True
6794,Fuzzers,True
6795,DoS,True
6796,Exploits,True
6797,DoS,True
6798,DoS,True
6799,Exploits,True
6800,Backdoor,True
6801,Exploits,True
6802,Exploits,True
6803,DoS,True
6804,Backdoor,True
6805,DoS,True
6806,Exploits,True
6807,DoS,True
6808,DoS,True
6809,Fuzzers,True
6810,Exploits,True
6811,Fuzzers,True
6812,Exploits,True
6813,Fuzzers,True
6814,DoS,True
6815,DoS,True
6816,DoS,True
6817,DoS,True
6818,DoS,True
6819,DoS,True
6820,DoS,True
6821,Exploits,True
6822,Exploits,True
6823,DoS,True
6824,Exploits,True
6825,Analysis,True
6826,Reconnaissance,True
6827,DoS,True
6828,DoS,True
6829,Exploits,True
6830,Backdoor,True
6831,DoS,True
6832,DoS,True
6833,Exploits,True
6834,DoS,True
6835,Exploits,True
6836,Exploits,True
6837,Exploits,True
6838,DoS,True
6839,Exploits,True
6840,Fuzzers,True
6841,DoS,True
6842,DoS,True
6843,Exploits,True
6844,DoS,True
6845,Analysis,True
6846,DoS,True
6847,DoS,True
6848,DoS,True
6849,Exploits,True
6850,Exploits,True
6851,Exploits,True
6852,Reconnaissance,True
6853,Exploits,True
6854,Exploits,True
6855,Exploits,True
6856,DoS,True
6857,Fuzzers,True
6858,Exploits,True
6859,Fuzzers,True
6860,DoS,True
6861,Exploits,True
6862,DoS,True
6863,Exploits,True
6864,DoS,True
6865,Exploits,True
6866,Exploits,True
6867,Exploits,True
6868,Reconnaissance,True
6869,DoS,True
6870,DoS,True
6871,Exploits,True
6872,Exploits,True
6873,Analysis,True
6874,DoS,True
6875,Exploits,True
6876,Exploits,True
6877,DoS,True
6878,Exploits,True
6879,Exploits,True
6880,DoS,True
6881,Fuzzers,True
6882,Exploits,True
6883,Exploits,True
6884,Fuzzers,True
6885,Exploits,True
6886,DoS,True
6887,Exploits,True
6888,DoS,True
6889,Fuzzers,True
6890,Fuzzers,True
6891,DoS,True
6892,Exploits,True
6893,DoS,True
6894,DoS,True
6895,Exploits,True
6896,DoS,True
6897,DoS,True
6898,Fuzzers,True
6899,DoS,True
6900,Exploits,True
6901,DoS,True
6902,Exploits,True
6903,Exploits,True
6904,Exploits,True
6905,Exploits,True
6906,Exploits,True
6907,DoS,True
6908,Exploits,True
6909,Fuzzers,True
6910,DoS,True
6911,Exploits,True
6912,DoS,True
6913,Exploits,True
6914,Exploits,True
6915,DoS,True
6916,DoS,True
6917,Fuzzers,True
6918,Reconnaissance,True
6919,DoS,True
6920,Fuzzers,True
6921,DoS,True
6922,Exploits,True
6923,DoS,True
6924,Exploits,True
6925,DoS,True
6926,DoS,True
6927,Reconnaissance,True
6928,Exploits,True
6929,Exploits,True
6930,DoS,True
6931,Fuzzers,True
6932,DoS,True
6933,DoS,True
6934,DoS,True
6935,Exploits,True
6936,Exploits,True
6937,Exploits,True
6938,DoS,True
6939,Exploits,True
6940,DoS,True
6941,DoS,True
6942,Fuzzers,True
6943,Exploits,True
6944,DoS,True
6945,DoS,True
6946,Fuzzers,True
6947,Exploits,True
6948,Reconnaissance,True
6949,Analysis,True
6950,Reconnaissance,True
6951,Exploits,True
6952,DoS,True
6953,DoS,True
6954,Exploits,True
6955,Exploits,True
6956,Exploits,True
6957,DoS,True
6958,Exploits,True
6959,Exploits,True
6960,Exploits,True
6961,Analysis,True
6962,DoS,True
6963,DoS,True
6964,Exploits,True
6965,DoS,True
6966,DoS,True
6967,DoS,True
6968,Analysis,True
6969,DoS,True
6970,DoS,True
6971,Exploits,True
6972,Exploits,True
6973,Exploits,True
6974,DoS,True
6975,Reconnaissance,True
6976,Reconnaissance,True
6977,Exploits,True
6978,Exploits,True
6979,DoS,True
6980,Fuzzers,True
6981,Exploits,True
6982,DoS,True
6983,Exploits,True
6984,DoS,True
6985,Reconnaissance,True
6986,Exploits,True
6987,DoS,True
6988,Exploits,True
6989,Analysis,True
6990,DoS,True
6991,DoS,True
6992,Reconnaissance,True
6993,DoS,True
6994,DoS,True
6995,Exploits,True
6996,DoS,True
6997,Exploits,True
6998,Exploits,True
6999,Exploits,True
7000,Exploits,True
7001,Reconnaissance,True
7002,Reconnaissance,True
7003,DoS,True
7004,Exploits,True
7005,Exploits,True
7006,DoS,True
7007,DoS,True
7008,Fuzzers,True
7009,Analysis,True
7010,Exploits,True
7011,Analysis,True
7012,Reconnaissance,True
7013,DoS,True
7014,DoS,True
7015,DoS,True
7016,Exploits,True
7017,Analysis,True
7018,Exploits,True
7019,DoS,True
7020,Exploits,True
7021,Exploits,True
7022,Exploits,True
7023,Exploits,True
7024,Analysis,True
7025,Exploits,True
7026,Exploits,True
7027,Reconnaissance,True
7028,DoS,True
7029,DoS,True
7030,DoS,True
7031,DoS,True
7032,DoS,True
7033,Exploits,True
7034,Reconnaissance,True
7035,Fuzzers,True
7036,Exploits,True
7037,Reconnaissance,True
7038,DoS,True
7039,DoS,True
7040,DoS,True
7041,Exploits,True
7042,Exploits,True
7043,Exploits,True
7044,DoS,True
7045,Exploits,True
7046,Exploits,True
7047,Exploits,True
7048,Exploits,True
7049,Exploits,True
7050,DoS,True
7051,Exploits,True
7052,DoS,True
7053,Fuzzers,True
7054,DoS,True
7055,Exploits,True
7056,DoS,True
7057,Exploits,True
7058,Fuzzers,True
7059,Exploits,True
7060,Exploits,True
7061,Exploits,True
7062,DoS,True
7063,Exploits,True
7064,DoS,True
7065,Reconnaissance,True
7066,Exploits,True
7067,Reconnaissance,True
7068,DoS,True
7069,Exploits,True
7070,Exploits,True
7071,Exploits,True
7072,DoS,True
7073,Reconnaissance,True
7074,Exploits,True
7075,Reconnaissance,True
7076,Exploits,True
7077,DoS,True
7078,DoS,True
7079,Reconnaissance,True
7080,Exploits,True
7081,DoS,True
7082,DoS,True
7083,DoS,True
7084,DoS,True
7085,Reconnaissance,True
7086,DoS,True
7087,Exploits,True
7088,DoS,True
7089,Exploits,True
7090,DoS,True
7091,DoS,True
7092,DoS,True
7093,Fuzzers,True
7094,Exploits,True
7095,Fuzzers,True
7096,Reconnaissance,True
7097,Analysis,True
7098,Analysis,True
7099,DoS,True
7100,DoS,True
7101,Fuzzers,True
7102,Exploits,True
7103,Exploits,True
7104,Shellcode,True
7105,Exploits,True
7106,Exploits,True
7107,DoS,True
7108,Exploits,True
7109,DoS,True
7110,DoS,True
7111,DoS,True
7112,Analysis,True
7113,Exploits,True
7114,DoS,True
7115,Exploits,True
7116,Exploits,True
7117,Exploits,True
7118,Fuzzers,True
7119,DoS,True
7120,DoS,True
7121,Exploits,True
7122,DoS,True
7123,Analysis,True
7124,DoS,True
7125,Exploits,True
7126,Reconnaissance,True
7127,DoS,True
7128,Exploits,True
7129,DoS,True
7130,Exploits,True
7131,DoS,True
7132,Exploits,True
7133,Reconnaissance,True
7134,DoS,True
7135,DoS,True
7136,Exploits,True
7137,DoS,True
7138,DoS,True
7139,DoS,True
7140,Exploits,True
7141,Exploits,True
7142,DoS,True
7143,Exploits,True
7144,Exploits,True
7145,Fuzzers,True
7146,Exploits,True
7147,DoS,True
7148,Fuzzers,True
7149,DoS,True
7150,DoS,True
7151,DoS,True
7152,Exploits,True
7153,DoS,True
7154,Exploits,True
7155,Analysis,True
7156,DoS,True
7157,DoS,True
7158,Exploits,True
7159,DoS,True
7160,DoS,True
7161,Exploits,True
7162,DoS,True
7163,Exploits,True
7164,Reconnaissance,True
7165,Exploits,True
7166,DoS,True
7167,DoS,True
7168,Exploits,True
7169,DoS,True
7170,DoS,True
7171,Exploits,True
7172,Exploits,True
7173,Reconnaissance,True
7174,Exploits,True
7175,Reconnaissance,True
7176,Reconnaissance,True
7177,DoS,True
7178,Exploits,True
7179,DoS,True
7180,DoS,True
7181,Exploits,True
7182,Exploits,True
7183,DoS,True
7184,DoS,True
7185,Exploits,True
7186,Exploits,True
7187,Reconnaissance,True
7188,Analysis,True
7189,Exploits,True
7190,Exploits,True
7191,Reconnaissance,True
7192,Fuzzers,True
7193,DoS,True
7194,Exploits,True
7195,Exploits,True
7196,Exploits,True
7197,Exploits,True
7198,DoS,True
7199,Fuzzers,True
7200,DoS,True
7201,Exploits,True
7202,Exploits,True
7203,Fuzzers,True
7204,Exploits,True
7205,Fuzzers,True
7206,Exploits,True
7207,Exploits,True
7208,Worms,True
7209,DoS,True
7210,Reconnaissance,True
7211,DoS,True
7212,DoS,True
7213,Exploits,True
7214,DoS,True
7215,DoS,True
7216,Exploits,True
7217,DoS,True
7218,Analysis,True
7219,Reconnaissance,True
7220,DoS,True
7221,DoS,True
7222,Exploits,True
7223,DoS,True
7224,Exploits,True
7225,DoS,True
7226,Analysis,True
7227,Exploits,True
7228,Reconnaissance,True
7229,Exploits,True
7230,DoS,True
7231,Exploits,True
7232,Exploits,True
7233,Shellcode,True
7234,Shellcode,True
7235,DoS,True
7236,Exploits,True
7237,DoS,True
7238,Exploits,True
7239,Exploits,True
7240,DoS,True
7241,Exploits,True
7242,Exploits,True
7243,Exploits,True
7244,DoS,True
7245,Fuzzers,True
7246,Exploits,True
7247,Exploits,True
7248,Exploits,True
7249,DoS,True
7250,Exploits,True
7251,Exploits,True
7252,DoS,True
7253,DoS,True
7254,Exploits,True
7255,Exploits,True
7256,Reconnaissance,True
7257,DoS,True
7258,DoS,True
7259,DoS,True
7260,DoS,True
7261,Reconnaissance,True
7262,Exploits,True
7263,Exploits,True
7264,Reconnaissance,True
7265,Exploits,True
7266,Fuzzers,True
7267,Analysis,True
7268,Exploits,True
7269,DoS,True
7270,Exploits,True
7271,Exploits,True
7272,DoS,True
7273,Exploits,True
7274,Exploits,True
7275,DoS,True
7276,DoS,True
7277,Exploits,True
7278,DoS,True
7279,Exploits,True
7280,Exploits,True
7281,DoS,True
7282,Reconnaissance,True
7283,Exploits,True
7284,Exploits,True
7285,Exploits,True
7286,Exploits,True
7287,Exploits,True
7288,Fuzzers,True
7289,Reconnaissance,True
7290,DoS,True
7291,Exploits,True
7292,Exploits,True
7293,Exploits,True
7294,DoS,True
7295,Exploits,True
7296,DoS,True
7297,DoS,True
7298,DoS,True
7299,DoS,True
7300,DoS,True
7301,Exploits,True
7302,DoS,True
7303,Exploits,True
7304,DoS,True
7305,DoS,True
7306,Exploits,True
7307,Reconnaissance,True
7308,DoS,True
7309,Fuzzers,True
7310,DoS,True
7311,DoS,True
7312,DoS,True
7313,Exploits,True
7314,Reconnaissance,True
7315,DoS,True
7316,Reconnaissance,True
7317,Exploits,True
7318,DoS,True
7319,Exploits,True
7320,Exploits,True
7321,DoS,True
7322,DoS,True
7323,DoS,True
7324,Exploits,True
7325,Reconnaissance,True
7326,Analysis,True
7327,Exploits,True
7328,DoS,True
7329,DoS,True
7330,Fuzzers,True
7331,Reconnaissance,True
7332,Exploits,True
7333,DoS,True
7334,Exploits,True
7335,Reconnaissance,True
7336,DoS,True
7337,Exploits,True
7338,DoS,True
7339,Exploits,True
7340,Reconnaissance,True
7341,Exploits,True
7342,DoS,True
7343,Fuzzers,True
7344,Exploits,True
7345,DoS,True
7346,DoS,True
7347,Exploits,True
7348,Reconnaissance,True
7349,Exploits,True
7350,DoS,True
7351,DoS,True
7352,Exploits,True
7353,Exploits,True
7354,DoS,True
7355,Exploits,True
7356,Exploits,True
7357,DoS,True
7358,Fuzzers,True
7359,Exploits,True
7360,Exploits,True
7361,DoS,True
7362,Exploits,True
7363,DoS,True
7364,DoS,True
7365,Exploits,True
7366,Exploits,True
7367,Shellcode,True
7368,Exploits,True
7369,Exploits,True
7370,DoS,True
7371,Exploits,True
7372,Exploits,True
7373,DoS,True
7374,Exploits,True
7375,Reconnaissance,True
7376,DoS,True
7377,Exploits,True
7378,DoS,True
7379,Exploits,True
7380,Exploits,True
7381,DoS,True
7382,Exploits,True
7383,DoS,True
7384,Exploits,True
7385,Reconnaissance,True
7386,Exploits,True
7387,Fuzzers,True
7388,DoS,True
7389,Exploits,True
7390,DoS,True
7391,Exploits,True
7392,DoS,True
7393,Exploits,True
7394,DoS,True
7395,Fuzzers,True
7396,DoS,True
7397,DoS,True
7398,Exploits,True
7399,DoS,True
7400,Exploits,True
7401,Exploits,True
7402,DoS,True
7403,DoS,True
7404,Analysis,True
7405,Exploits,True
7406,Exploits,True
7407,DoS,True
7408,Exploits,True
7409,DoS,True
7410,Exploits,True
7411,DoS,True
7412,DoS,True
7413,Exploits,True
7414,DoS,True
7415,Exploits,True
7416,Exploits,True
7417,Reconnaissance,True
7418,Exploits,True
7419,Exploits,True
7420,DoS,True
7421,Exploits,True
7422,Exploits,True
7423,DoS,True
7424,Analysis,True
7425,Exploits,True
7426,DoS,True
7427,DoS,True
7428,DoS,True
7429,Exploits,True
7430,Fuzzers,True
7431,Exploits,True
7432,Exploits,True
7433,Exploits,True
7434,Analysis,True
7435,Exploits,True
7436,Exploits,True
7437,Exploits,True
7438,DoS,True
7439,Reconnaissance,True
7440,Exploits,True
7441,DoS,True
7442,DoS,True
7443,DoS,True
7444,DoS,True
7445,DoS,True
7446,DoS,True
7447,Exploits,True
7448,DoS,True
7449,Exploits,True
7450,DoS,True
7451,Exploits,True
7452,Exploits,True
7453,DoS,True
7454,DoS,True
7455,Exploits,True
7456,DoS,True
7457,Exploits,True
7458,DoS,True
7459,Fuzzers,True
7460,DoS,True
7461,Exploits,True
7462,Reconnaissance,True
7463,Exploits,True
7464,DoS,True
7465,Exploits,True
7466,Exploits,True
7467,Fuzzers,True
7468,Exploits,True
7469,Exploits,True
7470,Exploits,True
7471,Reconnaissance,True
7472,DoS,True
7473,DoS,True
7474,Exploits,True
7475,DoS,True
7476,Exploits,True
7477,Exploits,True
7478,Exploits,True
7479,Reconnaissance,True
7480,DoS,True
7481,DoS,True
7482,Exploits,True
7483,DoS,True
7484,Exploits,True
7485,Reconnaissance,True
7486,Reconnaissance,True
7487,DoS,True
7488,Exploits,True
7489,Exploits,True
7490,DoS,True
7491,Exploits,True
7492,DoS,True
7493,Exploits,True
7494,Exploits,True
7495,Reconnaissance,True
7496,Fuzzers,True
7497,Exploits,True
7498,DoS,True
7499,DoS,True
7500,Exploits,True
7501,Fuzzers,True
7502,Exploits,True
7503,Exploits,True
7504,Exploits,True
7505,Reconnaissance,True
7506,Exploits,True
7507,DoS,True
7508,DoS,True
7509,DoS,True
7510,DoS,True
7511,DoS,True
7512,Exploits,True
7513,DoS,True
7514,Exploits,True
7515,DoS,True
7516,Fuzzers,True
7517,Exploits,True
7518,DoS,True
7519,Fuzzers,True
7520,Exploits,True
7521,DoS,True
7522,Exploits,True
7523,Exploits,True
7524,DoS,True
7525,Exploits,True
7526,Fuzzers,True
7527,Exploits,True
7528,Exploits,True
7529,DoS,True
7530,Reconnaissance,True
7531,DoS,True
7532,Exploits,True
7533,Reconnaissance,True
7534,DoS,True
7535,DoS,True
7536,Exploits,True
7537,Exploits,True
7538,DoS,True
7539,Exploits,True
7540,DoS,True
7541,Exploits,True
7542,DoS,True
7543,DoS,True
7544,Exploits,True
7545,Exploits,True
7546,DoS,True
7547,DoS,True
7548,DoS,True
7549,DoS,True
7550,Reconnaissance,True
7551,Exploits,True
7552,Exploits,True
7553,DoS,True
7554,DoS,True
7555,Exploits,True
7556,Exploits,True
7557,Reconnaissance,True
7558,Exploits,True
7559,Exploits,True
7560,Exploits,True
7561,DoS,True
7562,Exploits,True
7563,Exploits,True
7564,Exploits,True
7565,DoS,True
7566,Exploits,True
7567,Exploits,True
7568,Exploits,True
7569,Exploits,True
7570,DoS,True
7571,Exploits,True
7572,Exploits,True
7573,DoS,True
7574,DoS,True
7575,Fuzzers,True
7576,DoS,True
7577,DoS,True
7578,Analysis,True
7579,DoS,True
7580,Exploits,True
7581,Exploits,True
7582,DoS,True
7583,Exploits,True
7584,Reconnaissance,True
7585,DoS,True
7586,DoS,True
7587,Exploits,True
7588,Exploits,True
7589,Exploits,True
7590,Exploits,True
7591,DoS,True
7592,DoS,True
7593,Exploits,True
7594,DoS,True
7595,DoS,True
7596,Exploits,True
7597,Exploits,True
7598,Exploits,True
7599,Reconnaissance,True
7600,Exploits,True
7601,Exploits,True
7602,Exploits,True
7603,Reconnaissance,True
7604,Exploits,True
7605,Exploits,True
7606,DoS,True
7607,DoS,True
7608,DoS,True
7609,Shellcode,True
7610,Exploits,True
7611,Reconnaissance,True
7612,Exploits,True
7613,Exploits,True
7614,DoS,True
7615,Exploits,True
7616,DoS,True
7617,Exploits,True
7618,DoS,True
7619,DoS,True
7620,DoS,True
7621,Exploits,True
7622,Exploits,True
7623,Exploits,True
7624,DoS,True
7625,DoS,True
7626,DoS,True
7627,Exploits,True
7628,DoS,True
7629,Exploits,True
7630,DoS,True
7631,Exploits,True
7632,DoS,True
7633,Exploits,True
7634,DoS,True
7635,Exploits,True
7636,Exploits,True
7637,DoS,True
7638,Exploits,True
7639,Exploits,True
7640,Reconnaissance,True
7641,Exploits,True
7642,Exploits,True
7643,Analysis,True
7644,Reconnaissance,True
7645,DoS,True
7646,DoS,True
7647,DoS,True
7648,DoS,True
7649,Exploits,True
7650,DoS,True
7651,DoS,True
7652,Exploits,True
7653,Fuzzers,True
7654,DoS,True
7655,DoS,True
7656,Exploits,True
7657,Reconnaissance,True
7658,DoS,True
7659,Exploits,True
7660,Exploits,True
7661,DoS,True
7662,DoS,True
7663,DoS,True
7664,Exploits,True
7665,DoS,True
7666,DoS,True
7667,DoS,True
7668,Exploits,True
7669,DoS,True
7670,Exploits,True
7671,Fuzzers,True
7672,Exploits,True
7673,Exploits,True
7674,Reconnaissance,True
7675,Exploits,True
7676,Exploits,True
7677,Exploits,True
7678,DoS,True
7679,DoS,True
7680,DoS,True
7681,DoS,True
7682,Exploits,True
7683,Exploits,True
7684,Exploits,True
7685,Exploits,True
7686,Exploits,True
7687,DoS,True
7688,Exploits,True
7689,Exploits,True
7690,DoS,True
7691,Exploits,True
7692,Fuzzers,True
7693,DoS,True
7694,Analysis,True
7695,DoS,True
7696,DoS,True
7697,DoS,True
7698,Exploits,True
7699,Reconnaissance,True
7700,Fuzzers,True
7701,DoS,True
7702,Exploits,True
7703,Exploits,True
7704,DoS,True
7705,Exploits,True
7706,Reconnaissance,True
7707,Reconnaissance,True
7708,Exploits,True
7709,DoS,True
7710,DoS,True
7711,DoS,True
7712,DoS,True
7713,Exploits,True
7714,Exploits,True
7715,DoS,True
7716,Exploits,True
7717,Exploits,True
7718,Exploits,True
7719,DoS,True
7720,Exploits,True
7721,Exploits,True
7722,DoS,True
7723,DoS,True
7724,Exploits,True
7725,Exploits,True
7726,DoS,True
7727,Shellcode,True
7728,DoS,True
7729,DoS,True
7730,Reconnaissance,True
7731,DoS,True
7732,Fuzzers,True
7733,DoS,True
7734,Reconnaissance,True
7735,DoS,True
7736,DoS,True
7737,DoS,True
7738,Exploits,True
7739,DoS,True
7740,Reconnaissance,True
7741,Exploits,True
7742,Exploits,True
7743,DoS,True
7744,Exploits,True
7745,DoS,True
7746,Exploits,True
7747,DoS,True
7748,Exploits,True
7749,Exploits,True
7750,Exploits,True
7751,Exploits,True
7752,Reconnaissance,True
7753,Exploits,True
7754,DoS,True
7755,DoS,True
7756,Exploits,True
7757,Exploits,True
7758,DoS,True
7759,Exploits,True
7760,Fuzzers,True
7761,DoS,True
7762,Exploits,True
7763,Reconnaissance,True
7764,Exploits,True
7765,Exploits,True
7766,DoS,True
7767,Exploits,True
7768,Exploits,True
7769,DoS,True
7770,Exploits,True
7771,Exploits,True
7772,DoS,True
7773,Exploits,True
7774,Exploits,True
7775,Exploits,True
7776,Reconnaissance,True
7777,DoS,True
7778,Exploits,True
7779,Fuzzers,True
7780,DoS,True
7781,DoS,True
7782,Exploits,True
7783,DoS,True
7784,DoS,True
7785,Exploits,True
7786,Exploits,True
7787,Exploits,True
7788,DoS,True
7789,DoS,True
7790,Exploits,True
7791,Exploits,True
7792,Exploits,True
7793,Exploits,True
7794,Exploits,True
7795,Exploits,True
7796,Reconnaissance,True
7797,Exploits,True
7798,DoS,True
7799,Reconnaissance,True
7800,DoS,True
7801,Exploits,True
7802,DoS,True
7803,DoS,True
7804,DoS,True
7805,Exploits,True
7806,DoS,True
7807,Exploits,True
7808,DoS,True
7809,DoS,True
7810,Exploits,True
7811,Exploits,True
7812,Exploits,True
7813,DoS,True
7814,DoS,True
7815,Exploits,True
7816,Exploits,True
7817,DoS,True
7818,Exploits,True
7819,Exploits,True
7820,DoS,True
7821,Exploits,True
7822,Exploits,True
7823,DoS,True
7824,DoS,True
7825,DoS,True
7826,Exploits,True
7827,DoS,True
7828,DoS,True
7829,Exploits,True
7830,DoS,True
7831,Exploits,True
7832,Exploits,True
7833,DoS,True
7834,DoS,True
7835,Exploits,True
7836,DoS,True
7837,DoS,True
7838,Exploits,True
7839,DoS,True
7840,DoS,True
7841,Reconnaissance,True
7842,DoS,True
7843,DoS,True
7844,Fuzzers,True
7845,DoS,True
7846,DoS,True
7847,Exploits,True
7848,DoS,True
7849,Exploits,True
7850,Exploits,True
7851,Exploits,True
7852,Exploits,True
7853,DoS,True
7854,Exploits,True
7855,Exploits,True
7856,Exploits,True
7857,Exploits,True
7858,Reconnaissance,True
7859,Reconnaissance,True
7860,Shellcode,True
7861,DoS,True
7862,DoS,True
7863,Exploits,True
7864,Fuzzers,True
7865,Fuzzers,True
7866,Reconnaissance,True
7867,Reconnaissance,True
7868,Exploits,True
7869,DoS,True
7870,DoS,True
7871,DoS,True
7872,DoS,True
7873,DoS,True
7874,Exploits,True
7875,DoS,True
7876,Exploits,True
7877,Exploits,True
7878,Exploits,True
7879,DoS,True
7880,Fuzzers,True
7881,Exploits,True
7882,Exploits,True
7883,Exploits,True
7884,DoS,True
7885,Fuzzers,True
7886,Exploits,True
7887,Reconnaissance,True
7888,DoS,True
7889,Exploits,True
7890,Fuzzers,True
7891,Fuzzers,True
7892,DoS,True
7893,Shellcode,True
7894,Exploits,True
7895,DoS,True
7896,DoS,True
7897,DoS,True
7898,Exploits,True
7899,Reconnaissance,True
7900,Exploits,True
7901,DoS,True
7902,Exploits,True
7903,Exploits,True
7904,Exploits,True
7905,Exploits,True
7906,Reconnaissance,True
7907,Fuzzers,True
7908,DoS,True
7909,DoS,True
7910,DoS,True
7911,DoS,True
7912,Exploits,True
7913,Exploits,True
7914,Fuzzers,True
7915,Exploits,True
7916,DoS,True
7917,DoS,True
7918,DoS,True
7919,Exploits,True
7920,Fuzzers,True
7921,Fuzzers,True
7922,DoS,True
7923,DoS,True
7924,DoS,True
7925,DoS,True
7926,DoS,True
7927,DoS,True
7928,Reconnaissance,True
7929,Reconnaissance,True
7930,Exploits,True
7931,Fuzzers,True
7932,DoS,True
7933,Exploits,True
7934,Exploits,True
7935,Exploits,True
7936,Reconnaissance,True
7937,Exploits,True
7938,DoS,True
7939,DoS,True
7940,Fuzzers,True
7941,DoS,True
7942,Exploits,True
7943,Exploits,True
7944,DoS,True
7945,Exploits,True
7946,DoS,True
7947,Exploits,True
7948,Exploits,True
7949,Exploits,True
7950,Exploits,True
7951,Shellcode,True
7952,Exploits,True
7953,Reconnaissance,True
7954,Exploits,True
7955,DoS,True
7956,Exploits,True
7957,Exploits,True
7958,DoS,True
7959,DoS,True
7960,Exploits,True
7961,Reconnaissance,True
7962,DoS,True
7963,DoS,True
7964,Reconnaissance,True
7965,DoS,True
7966,Fuzzers,True
7967,Exploits,True
7968,Exploits,True
7969,DoS,True
7970,Exploits,True
7971,Exploits,True
7972,Exploits,True
7973,Exploits,True
7974,Exploits,True
7975,Exploits,True
7976,Fuzzers,True
7977,Exploits,True
7978,DoS,True
7979,DoS,True
7980,DoS,True
7981,DoS,True
7982,Exploits,True
7983,Exploits,True
7984,Exploits,True
7985,Exploits,True
7986,DoS,True
7987,Fuzzers,True
7988,Exploits,True
7989,Reconnaissance,True
7990,DoS,True
7991,Exploits,True
7992,DoS,True
7993,Exploits,True
7994,Exploits,True
7995,DoS,True
7996,Exploits,True
7997,Exploits,True
7998,Exploits,True
7999,Exploits,True
8000,Exploits,True
8001,Exploits,True
8002,Exploits,True
8003,Exploits,True
8004,Exploits,True
8005,Exploits,True
8006,Reconnaissance,True
8007,Exploits,True
8008,Reconnaissance,True
8009,Reconnaissance,True
8010,DoS,True
8011,Reconnaissance,True
8012,Exploits,True
8013,DoS,True
8014,DoS,True
8015,DoS,True
8016,DoS,True
8017,DoS,True
8018,Exploits,True
8019,Exploits,True
8020,Exploits,True
8021,Exploits,True
8022,Exploits,True
8023,DoS,True
8024,Exploits,True
8025,Fuzzers,True
8026,DoS,True
8027,DoS,True
8028,Exploits,True
8029,Exploits,True
8030,DoS,True
8031,Exploits,True
8032,Reconnaissance,True
8033,DoS,True
8034,Reconnaissance,True
8035,DoS,True
8036,Exploits,True
8037,Exploits,True
8038,Exploits,True
8039,Reconnaissance,True
8040,Reconnaissance,True
8041,Fuzzers,True
8042,Fuzzers,True
8043,DoS,True
8044,DoS,True
8045,DoS,True
8046,DoS,True
8047,Exploits,True
8048,Exploits,True
8049,DoS,True
8050,DoS,True
8051,DoS,True
8052,Exploits,True
8053,Reconnaissance,True
8054,DoS,True
8055,Exploits,True
8056,DoS,True
8057,DoS,True
8058,Exploits,True
8059,Exploits,True
8060,DoS,True
8061,Exploits,True
8062,DoS,True
8063,Exploits,True
8064,DoS,True
8065,Exploits,True
8066,Exploits,True
8067,DoS,True
8068,Exploits,True
8069,Exploits,True
8070,Exploits,True
8071,Exploits,True
8072,DoS,True
8073,DoS,True
8074,DoS,True
8075,DoS,True
8076,DoS,True
8077,Exploits,True
8078,DoS,True
8079,Exploits,True
8080,DoS,True
8081,Exploits,True
8082,Exploits,True
8083,DoS,True
8084,Exploits,True
8085,DoS,True
8086,Exploits,True
8087,Exploits,True
8088,Exploits,True
8089,DoS,True
8090,Exploits,True
8091,Exploits,True
8092,Exploits,True
8093,DoS,True
8094,Exploits,True
8095,Exploits,True
8096,Exploits,True
8097,DoS,True
8098,Exploits,True
8099,DoS,True
8100,Shellcode,True
8101,DoS,True
8102,Exploits,True
8103,DoS,True
8104,Exploits,True
8105,DoS,True
8106,Exploits,True
8107,DoS,True
8108,DoS,True
8109,Fuzzers,True
8110,Exploits,True
8111,DoS,True
8112,Exploits,True
8113,DoS,True
8114,Exploits,True
8115,DoS,True
8116,DoS,True
8117,Exploits,True
8118,Exploits,True
8119,DoS,True
8120,Exploits,True
8121,Exploits,True
8122,Exploits,True
8123,Fuzzers,True
8124,Exploits,True
8125,Fuzzers,True
8126,DoS,True
8127,DoS,True
8128,DoS,True
8129,Exploits,True
8130,Exploits,True
8131,DoS,True
8132,Reconnaissance,True
8133,DoS,True
8134,Reconnaissance,True
8135,Exploits,True
8136,DoS,True
8137,DoS,True
8138,Exploits,True
8139,Exploits,True
8140,Exploits,True
8141,DoS,True
8142,Exploits,True
8143,Exploits,True
8144,Exploits,True
8145,Reconnaissance,True
8146,Exploits,True
8147,Exploits,True
8148,Exploits,True
8149,Reconnaissance,True
8150,Reconnaissance,True
8151,DoS,True
8152,Exploits,True
8153,Exploits,True
8154,Exploits,True
8155,DoS,True
8156,Exploits,True
8157,Exploits,True
8158,DoS,True
8159,Exploits,True
8160,DoS,True
8161,Exploits,True
8162,Exploits,True
8163,Exploits,True
8164,Exploits,True
8165,Exploits,True
8166,Reconnaissance,True
8167,DoS,True
8168,Exploits,True
8169,Exploits,True
8170,Exploits,True
8171,DoS,True
8172,Exploits,True
8173,Reconnaissance,True
8174,DoS,True
8175,DoS,True
8176,Exploits,True
8177,DoS,True
8178,Exploits,True
8179,Exploits,True
8180,DoS,True
8181,Reconnaissance,True
8182,DoS,True
8183,Exploits,True
8184,DoS,True
8185,DoS,True
8186,DoS,True
8187,Exploits,True
8188,DoS,True
8189,Exploits,True
8190,Exploits,True
8191,DoS,True
8192,Exploits,True
8193,Exploits,True
8194,Exploits,True
8195,Exploits,True
8196,Reconnaissance,True
8197,DoS,True
8198,Exploits,True
8199,Exploits,True
8200,Exploits,True
8201,Exploits,True
8202,Exploits,True
8203,DoS,True
8204,DoS,True
8205,DoS,True
8206,DoS,True
8207,Reconnaissance,True
8208,Exploits,True
8209,Exploits,True
8210,DoS,True
8211,DoS,True
8212,Exploits,True
8213,DoS,True
8214,DoS,True
8215,DoS,True
8216,Reconnaissance,True
8217,Exploits,True
8218,DoS,True
8219,Exploits,True
8220,Exploits,True
8221,DoS,True
8222,Reconnaissance,True
8223,Exploits,True
8224,DoS,True
8225,Exploits,True
8226,Exploits,True
8227,Exploits,True
8228,Exploits,True
8229,Exploits,True
8230,DoS,True
8231,DoS,True
8232,DoS,True
8233,DoS,True
8234,Reconnaissance,True
8235,Exploits,True
8236,Exploits,True
8237,DoS,True
8238,DoS,True
8239,Exploits,True
8240,DoS,True
8241,DoS,True
8242,DoS,True
8243,Exploits,True
8244,Exploits,True
8245,DoS,True
8246,Fuzzers,True
8247,Reconnaissance,True
8248,Exploits,True
8249,Exploits,True
8250,Exploits,True
8251,Reconnaissance,True
8252,DoS,True
8253,DoS,True
8254,Reconnaissance,True
8255,DoS,True
8256,Exploits,True
8257,Exploits,True
8258,Reconnaissance,True
8259,Exploits,True
8260,DoS,True
8261,Exploits,True
8262,DoS,True
8263,Shellcode,True
8264,DoS,True
8265,Exploits,True
8266,Exploits,True
8267,Exploits,True
8268,Exploits,True
8269,Exploits,True
8270,Reconnaissance,True
8271,Exploits,True
8272,Exploits,True
8273,Reconnaissance,True
8274,DoS,True
8275,Exploits,True
8276,Exploits,True
8277,DoS,True
8278,Exploits,True
8279,Exploits,True
8280,DoS,True
8281,DoS,True
8282,Exploits,True
8283,Fuzzers,True
8284,Exploits,True
8285,DoS,True
8286,DoS,True
8287,DoS,True
8288,Exploits,True
8289,Exploits,True
8290,Exploits,True
8291,Exploits,True
8292,Reconnaissance,True
8293,Exploits,True
8294,Reconnaissance,True
8295,Exploits,True
8296,Exploits,True
8297,Exploits,True
8298,DoS,True
8299,Exploits,True
8300,Exploits,True
8301,Reconnaissance,True
8302,DoS,True
8303,Exploits,True
8304,Exploits,True
8305,Reconnaissance,True
8306,Exploits,True
8307,Exploits,True
8308,Exploits,True
8309,Reconnaissance,True
8310,DoS,True
8311,Exploits,False
8312,DoS,True
8313,Exploits,True
8314,Exploits,True
8315,Exploits,True
8316,Exploits,True
8317,Exploits,True
8318,Exploits,True
8319,DoS,True
8320,DoS,True
8321,DoS,True
8322,Reconnaissance,True
8323,Exploits,True
8324,Fuzzers,True
8325,Reconnaissance,True
8326,Reconnaissance,True
8327,Exploits,True
8328,Exploits,True
8329,Reconnaissance,True
8330,DoS,True
8331,Exploits,True
8332,Exploits,True
8333,Exploits,True
8334,Exploits,True
8335,Exploits,True
8336,Reconnaissance,True
8337,Exploits,True
8338,Exploits,True
8339,Exploits,True
8340,DoS,True
8341,DoS,True
8342,Reconnaissance,True
8343,Exploits,True
8344,Exploits,True
8345,Exploits,True
8346,Reconnaissance,True
8347,Fuzzers,True
8348,Reconnaissance,True
8349,Exploits,True
8350,Exploits,True
8351,Exploits,True
8352,DoS,True
8353,DoS,True
8354,Reconnaissance,True
8355,DoS,True
8356,DoS,True
8357,Exploits,True
8358,Exploits,True
8359,Exploits,True
8360,Exploits,True
8361,Reconnaissance,True
8362,Exploits,True
8363,Exploits,True
8364,Exploits,True
8365,DoS,True
8366,Exploits,True
8367,Exploits,True
8368,Fuzzers,True
8369,Fuzzers,True
8370,Fuzzers,True
8371,Reconnaissance,True
8372,Fuzzers,True
8373,Exploits,True
8374,DoS,True
8375,Exploits,True
8376,DoS,True
8377,Exploits,True
8378,Exploits,True
8379,DoS,True
8380,Reconnaissance,True
8381,Exploits,True
8382,DoS,True
8383,Exploits,True
8384,Fuzzers,True
8385,Exploits,True
8386,Exploits,True
8387,DoS,True
8388,Exploits,True
8389,Exploits,True
8390,Fuzzers,True
8391,DoS,True
8392,Exploits,True
8393,Exploits,True
8394,Fuzzers,True
8395,Exploits,True
8396,DoS,True
8397,Exploits,True
8398,Shellcode,True
8399,Exploits,True
8400,Exploits,True
8401,Reconnaissance,True
8402,DoS,True
8403,DoS,True
8404,Exploits,True
8405,DoS,True
8406,Exploits,True
8407,Exploits,True
8408,Exploits,True
8409,Reconnaissance,True
8410,Exploits,True
8411,Reconnaissance,True
8412,Fuzzers,True
8413,Reconnaissance,True
8414,Fuzzers,True
8415,Exploits,True
8416,Exploits,True
8417,Exploits,True
8418,Fuzzers,True
8419,Fuzzers,True
8420,Exploits,True
8421,Reconnaissance,True
8422,Exploits,True
8423,Exploits,True
8424,Exploits,True
8425,DoS,True
8426,Exploits,True
8427,Exploits,True
8428,DoS,True
8429,DoS,True
8430,Exploits,True
8431,Reconnaissance,True
8432,Exploits,True
8433,Exploits,True
8434,Exploits,True
8435,DoS,True
8436,Exploits,True
8437,Reconnaissance,True
8438,Reconnaissance,True
8439,Fuzzers,True
8440,Exploits,True
8441,Reconnaissance,True
8442,Exploits,True
8443,Reconnaissance,True
8444,Exploits,True
8445,Reconnaissance,True
8446,Reconnaissance,True
8447,Exploits,True
8448,DoS,True
8449,Exploits,True
8450,Exploits,True
8451,Exploits,True
8452,DoS,True
8453,Exploits,True
8454,Exploits,True
8455,Exploits,True
8456,Exploits,True
8457,Reconnaissance,True
8458,DoS,True
8459,DoS,True
8460,Exploits,True
8461,Reconnaissance,True
8462,DoS,True
8463,DoS,True
8464,Exploits,True
8465,Exploits,True
8466,Reconnaissance,True
8467,Exploits,True
8468,Reconnaissance,True
8469,Reconnaissance,True
8470,Exploits,True
8471,Reconnaissance,True
8472,Exploits,True
8473,Exploits,True
8474,Exploits,True
8475,Exploits,True
8476,Exploits,True
8477,Exploits,True
8478,DoS,True
8479,Exploits,True
8480,Exploits,True
8481,DoS,True
8482,Exploits,True
8483,Exploits,True
8484,Exploits,True
8485,Exploits,True
8486,Exploits,True
8487,Exploits,True
8488,Reconnaissance,True
8489,Exploits,True
8490,DoS,True
8491,Shellcode,True
8492,Exploits,True
8493,Exploits,True
8494,DoS,True
8495,Exploits,True
8496,Exploits,True
8497,Worms,True
8498,Exploits,True
8499,DoS,True
8500,Exploits,True
8501,Exploits,True
8502,Exploits,True
8503,Reconnaissance,True
8504,Exploits,True
8505,Reconnaissance,True
8506,Shellcode,True
8507,Exploits,True
8508,Exploits,True
8509,Exploits,True
8510,Exploits,True
8511,Reconnaissance,True
8512,Exploits,True
8513,Reconnaissance,True
8514,Exploits,True
8515,Fuzzers,True
8516,Exploits,True
8517,Exploits,True
8518,Exploits,True
8519,Exploits,True
8520,DoS,True
8521,Exploits,True
8522,Exploits,True
8523,Exploits,True
8524,DoS,True
8525,Exploits,True
8526,DoS,True
8527,Exploits,True
8528,Exploits,True
8529,Exploits,True
8530,Exploits,True
8531,Exploits,True
8532,Exploits,True
8533,Reconnaissance,True
8534,Exploits,True
8535,Reconnaissance,True
8536,Exploits,True
8537,Exploits,True
8538,Reconnaissance,True
8539,Exploits,True
8540,DoS,True
8541,Exploits,True
8542,Exploits,True
8543,Exploits,True
8544,Shellcode,True
8545,Reconnaissance,True
8546,Exploits,True
8547,Exploits,True
8548,DoS,True
8549,Reconnaissance,True
8550,DoS,True
8551,Exploits,True
8552,Reconnaissance,True
8553,DoS,True
8554,Exploits,True
8555,Exploits,True
8556,Exploits,True
8557,Reconnaissance,True
8558,Reconnaissance,True
8559,Exploits,True
8560,Shellcode,True
8561,Exploits,True
8562,Exploits,True
8563,Exploits,True
8564,Exploits,True
8565,DoS,True
8566,Exploits,True
8567,Reconnaissance,True
8568,Exploits,True
8569,DoS,True
8570,DoS,True
8571,DoS,True
8572,Reconnaissance,True
8573,Exploits,True
8574,Exploits,True
8575,Exploits,True
8576,Exploits,True
8577,Exploits,True
8578,Exploits,True
8579,Exploits,True
8580,Reconnaissance,True
8581,Reconnaissance,True
8582,DoS,True
8583,Exploits,True
8584,Exploits,True
8585,Reconnaissance,True
8586,Reconnaissance,True
8587,Reconnaissance,True
8588,DoS,True
8589,Exploits,True
8590,Exploits,True
8591,Exploits,True
8592,DoS,True
8593,Exploits,True
8594,Exploits,True
8595,Exploits,True
8596,Reconnaissance,True
8597,Exploits,True
8598,Exploits,True
8599,Exploits,True
8600,Exploits,True
8601,Reconnaissance,True
8602,Exploits,True
8603,Exploits,True
8604,Exploits,True
8605,Exploits,True
8606,Exploits,True
8607,Exploits,True
8608,Exploits,True
8609,Exploits,True
8610,Exploits,True
8611,Exploits,True
8612,Exploits,True
8613,Exploits,True
8614,Exploits,True
8615,Exploits,True
8616,DoS,True
8617,DoS,True
8618,Exploits,True
8619,Exploits,True
8620,Exploits,True
8621,Shellcode,True
8622,Reconnaissance,True
8623,Exploits,True
8624,Exploits,True
8625,DoS,True
8626,Reconnaissance,True
8627,Exploits,True
8628,Exploits,True
8629,Reconnaissance,True
8630,Exploits,True
8631,Exploits,True
8632,Reconnaissance,True
8633,DoS,True
8634,Exploits,True
8635,DoS,True
8636,Reconnaissance,True
8637,Shellcode,True
8638,DoS,True
8639,Exploits,True
8640,Exploits,True
8641,Reconnaissance,True
8642,Exploits,True
8643,Exploits,True
8644,Exploits,True
8645,Exploits,True
8646,Exploits,True
8647,Exploits,True
8648,DoS,True
8649,Exploits,True
8650,Exploits,True
8651,Exploits,True
8652,Reconnaissance,True
8653,Exploits,True
8654,Reconnaissance,True
8655,Reconnaissance,True
8656,Reconnaissance,True
8657,Reconnaissance,True
8658,Shellcode,True
8659,Exploits,True
8660,Shellcode,True
8661,Reconnaissance,True
8662,Exploits,True
8663,Reconnaissance,True
8664,Exploits,True
8665,Reconnaissance,True
8666,Exploits,True
8667,Exploits,True
8668,Exploits,True
8669,Exploits,True
8670,Reconnaissance,True
8671,Reconnaissance,True
8672,Exploits,True
8673,Reconnaissance,True
8674,Exploits,True
8675,Reconnaissance,True
8676,Reconnaissance,True
8677,Exploits,True
8678,DoS,True
8679,Shellcode,True
8680,Reconnaissance,True
8681,Exploits,True
8682,Reconnaissance,True
8683,Exploits,True
8684,Exploits,True
8685,Reconnaissance,True
8686,Exploits,True
8687,DoS,True
8688,Reconnaissance,True
8689,Exploits,True
8690,Reconnaissance,True
8691,Reconnaissance,True
8692,Exploits,True
8693,Exploits,True
8694,Exploits,True
8695,Exploits,True
8696,Exploits,True
8697,Exploits,True
8698,DoS,True
8699,Exploits,True
8700,Reconnaissance,True
8701,Reconnaissance,True
8702,Reconnaissance,True
8703,Exploits,True
8704,Exploits,True
8705,Exploits,True
8706,Exploits,True
8707,Exploits,True
8708,Exploits,True
8709,Reconnaissance,True
8710,Exploits,True
8711,Reconnaissance,True
8712,Exploits,True
8713,Reconnaissance,True
8714,Reconnaissance,True
8715,Exploits,True
8716,Reconnaissance,True
8717,Reconnaissance,True
8718,Exploits,True
8719,Exploits,True
8720,Exploits,True
8721,Exploits,True
8722,Exploits,True
8723,Exploits,True
8724,Exploits,True
8725,Exploits,True
8726,Exploits,True
8727,Reconnaissance,True
8728,Reconnaissance,True
8729,Exploits,True
8730,Exploits,True
8731,Reconnaissance,True
8732,Reconnaissance,True
8733,Reconnaissance,True
8734,Exploits,True
8735,Exploits,True
8736,Exploits,True
8737,Exploits,True
8738,Exploits,True
8739,DoS,True
8740,DoS,True
8741,Exploits,True
8742,DoS,True
8743,Reconnaissance,True
8744,Reconnaissance,True
8745,Reconnaissance,True
8746,Exploits,True
8747,Reconnaissance,True
8748,Reconnaissance,True
8749,DoS,True
8750,Exploits,True
8751,Exploits,True
8752,Reconnaissance,True
8753,Reconnaissance,True
8754,DoS,True
8755,Exploits,True
8756,Exploits,True
8757,Exploits,True
8758,Reconnaissance,True
8759,DoS,True
8760,Exploits,True
8761,DoS,True
8762,Exploits,True
8763,Exploits,True
8764,Exploits,True
8765,Reconnaissance,True
8766,Shellcode,True
8767,Reconnaissance,True
8768,DoS,True
8769,Reconnaissance,True
8770,Exploits,True
8771,Exploits,True
8772,DoS,True
8773,Exploits,True
8774,Exploits,True
8775,Exploits,True
8776,Exploits,True
8777,Exploits,True
8778,Reconnaissance,True
8779,Exploits,True
8780,Reconnaissance,True
8781,Reconnaissance,True
8782,DoS,True
8783,Exploits,True
8784,Reconnaissance,True
8785,Exploits,True
8786,Exploits,True
8787,Exploits,True
8788,Exploits,True
8789,Exploits,True
8790,Exploits,True
8791,Exploits,True
8792,DoS,True
8793,Worms,True
8794,DoS,True
8795,Exploits,True
8796,Reconnaissance,True
8797,Exploits,True
8798,Shellcode,True
8799,Reconnaissance,True
8800,Exploits,True
8801,Exploits,True
8802,Exploits,True
8803,Exploits,True
8804,Exploits,True
8805,Reconnaissance,True
8806,Exploits,True
8807,Exploits,True
8808,Exploits,True
8809,Exploits,True
8810,Shellcode,True
8811,Reconnaissance,True
8812,Exploits,True
8813,Exploits,True
8814,Exploits,True
8815,Exploits,True
8816,Exploits,True
8817,Exploits,True
8818,DoS,True
8819,Reconnaissance,True
8820,Reconnaissance,True
8821,Exploits,True
8822,Exploits,True
8823,Exploits,True
8824,Exploits,True
8825,Exploits,True
8826,Exploits,True
8827,Exploits,True
8828,Exploits,True
8829,Exploits,True
8830,Exploits,True
8831,DoS,True
8832,Exploits,True
8833,Reconnaissance,True
8834,Exploits,True
8835,Reconnaissance,True
8836,Exploits,True
8837,Reconnaissance,True
8838,DoS,True
8839,Exploits,True
8840,Shellcode,True
8841,Exploits,True
8842,Reconnaissance,True
8843,Reconnaissance,True
8844,Exploits,True
8845,Exploits,True
8846,Exploits,True
8847,Exploits,True
8848,Exploits,True
8849,Reconnaissance,True
8850,Exploits,True
8851,Exploits,True
8852,Exploits,True
8853,Worms,True
8854,Exploits,True
8855,Exploits,True
8856,Exploits,True
8857,Exploits,True
8858,Exploits,True
8859,Exploits,True
8860,Exploits,True
8861,DoS,True
8862,Reconnaissance,True
8863,Reconnaissance,True
8864,Exploits,True
8865,Exploits,True
8866,Reconnaissance,True
8867,Exploits,True
8868,Shellcode,True
8869,Exploits,True
8870,Exploits,True
8871,Reconnaissance,True
8872,Exploits,True
8873,Exploits,True
8874,Exploits,True
8875,Exploits,True
8876,Exploits,True
8877,Reconnaissance,True
8878,Reconnaissance,True
8879,Exploits,True
8880,Reconnaissance,True
8881,Exploits,True
8882,Reconnaissance,True
8883,Reconnaissance,True
8884,Exploits,True
8885,Exploits,True
8886,Reconnaissance,True
8887,Exploits,True
8888,Exploits,True
8889,Shellcode,True
8890,Reconnaissance,True
8891,Worms,True
8892,Exploits,True
8893,Reconnaissance,True
8894,Exploits,True
8895,Reconnaissance,True
8896,Exploits,True
8897,Reconnaissance,True
8898,Exploits,True
8899,Exploits,True
8900,DoS,True
8901,Exploits,True
8902,DoS,True
8903,Exploits,True
8904,Exploits,True
8905,Exploits,True
8906,DoS,True
8907,Reconnaissance,True
8908,Exploits,True
8909,DoS,True
8910,Reconnaissance,True
8911,Exploits,True
8912,Exploits,True
8913,Exploits,True
8914,Reconnaissance,True
8915,Exploits,True
8916,Exploits,True
8917,Exploits,True
8918,Exploits,True
8919,Exploits,True
8920,DoS,True
8921,Exploits,True
8922,DoS,True
8923,Exploits,True
8924,Exploits,True
8925,Exploits,True
8926,Exploits,True
8927,Exploits,True
8928,Exploits,True
8929,Exploits,True
8930,Shellcode,True
8931,Exploits,True
8932,Exploits,True
8933,Exploits,True
8934,Exploits,True
8935,Exploits,True
8936,Exploits,True
8937,Exploits,True
8938,Reconnaissance,True
8939,Exploits,True
8940,Exploits,True
8941,Exploits,True
8942,Exploits,True
8943,Reconnaissance,True
8944,Exploits,True
8945,Exploits,True
8946,Reconnaissance,True
8947,DoS,True
8948,DoS,True
8949,Exploits,True
8950,Exploits,True
8951,Exploits,True
8952,DoS,True
8953,Exploits,True
8954,DoS,True
8955,Exploits,True
8956,Reconnaissance,True
8957,Exploits,True
8958,Exploits,True
8959,DoS,True
8960,Exploits,True
8961,Exploits,True
8962,DoS,True
8963,Exploits,True
8964,Reconnaissance,True
8965,Exploits,True
8966,Exploits,True
8967,Reconnaissance,True
8968,Exploits,True
8969,Exploits,True
8970,Exploits,True
8971,Exploits,True
8972,DoS,True
8973,Reconnaissance,True
8974,Reconnaissance,True
8975,DoS,True
8976,Reconnaissance,True
8977,Reconnaissance,True
8978,Reconnaissance,True
8979,Reconnaissance,True
8980,Shellcode,True
8981,Exploits,True
8982,Reconnaissance,True
8983,Reconnaissance,True
8984,Exploits,True
8985,Reconnaissance,True
8986,Reconnaissance,True
8987,DoS,True
8988,Reconnaissance,True
8989,Exploits,True
8990,Exploits,True
8991,Exploits,True
8992,Reconnaissance,True
8993,Reconnaissance,True
8994,Exploits,True
8995,Reconnaissance,True
8996,Exploits,True
8997,Exploits,True
8998,Reconnaissance,True
8999,DoS,True
9000,Exploits,True
9001,Exploits,True
9002,Exploits,True
9003,Exploits,True
9004,Worms,True
9005,Reconnaissance,True
9006,Exploits,True
9007,Exploits,True
9008,Exploits,True
9009,Exploits,True
9010,Exploits,True
9011,Exploits,True
9012,Exploits,True
9013,Exploits,True
9014,Reconnaissance,True
9015,Exploits,True
9016,Shellcode,True
9017,Shellcode,True
9018,Shellcode,True
9019,Exploits,True
9020,Exploits,True
9021,Exploits,True
9022,Reconnaissance,True
9023,Exploits,True
9024,Exploits,True
9025,Reconnaissance,True
9026,Exploits,True
9027,Reconnaissance,True
9028,Reconnaissance,True
9029,Exploits,True
9030,Reconnaissance,True
9031,Exploits,True
9032,Reconnaissance,True
9033,Exploits,True
9034,Exploits,True
9035,Reconnaissance,True
9036,Exploits,True
9037,DoS,True
9038,Exploits,True
9039,Exploits,True
9040,Exploits,True
9041,Exploits,True
9042,Reconnaissance,True
9043,DoS,True
9044,Exploits,True
9045,Exploits,True
9046,DoS,True
9047,Exploits,True
9048,Reconnaissance,True
9049,Reconnaissance,True
9050,Reconnaissance,True
9051,DoS,True
9052,Reconnaissance,True
9053,Exploits,True
9054,Exploits,True
9055,Exploits,True
9056,Exploits,True
9057,Exploits,True
9058,Exploits,True
9059,Exploits,True
9060,Exploits,True
9061,Exploits,True
9062,Reconnaissance,True
9063,Exploits,True
9064,Exploits,True
9065,Exploits,True
9066,Exploits,True
9067,Exploits,True
9068,Exploits,True
9069,Shellcode,True
9070,Reconnaissance,True
9071,Exploits,True
9072,Reconnaissance,True
9073,Exploits,True
9074,Exploits,True
9075,Exploits,True
9076,Exploits,True
9077,Exploits,True
9078,Exploits,True
9079,Exploits,True
9080,Reconnaissance,True
9081,Reconnaissance,True
9082,Exploits,True
9083,Exploits,True
9084,Reconnaissance,True
9085,Reconnaissance,True
9086,Exploits,True
9087,DoS,True
9088,Exploits,True
9089,Exploits,True
9090,Exploits,True
9091,Reconnaissance,True
9092,Exploits,True
9093,Exploits,True
9094,Shellcode,True
9095,Exploits,True
9096,Exploits,True
9097,Exploits,True
9098,Exploits,True
9099,Reconnaissance,True
9100,Exploits,True
9101,Exploits,True
9102,Exploits,True
9103,DoS,True
9104,Exploits,True
9105,Reconnaissance,True
9106,Reconnaissance,True
9107,Exploits,True
9108,Reconnaissance,True
9109,Reconnaissance,True
9110,Exploits,True
9111,Exploits,True
9112,Reconnaissance,True
9113,Exploits,True
9114,Exploits,True
9115,Reconnaissance,True
9116,DoS,True
9117,Exploits,True
9118,Reconnaissance,True
9119,Exploits,True
9120,Exploits,True
9121,Exploits,True
9122,Exploits,True
9123,Reconnaissance,True
9124,Exploits,True
9125,Exploits,True
9126,Reconnaissance,True
9127,Exploits,True
9128,Exploits,True
9129,Exploits,True
9130,DoS,True
9131,Exploits,True
9132,Exploits,True
9133,Exploits,True
9134,Reconnaissance,True
9135,Exploits,True
9136,Exploits,True
9137,Exploits,True
9138,Exploits,True
9139,Reconnaissance,True
9140,Exploits,True
9141,Reconnaissance,True
9142,Exploits,True
9143,Shellcode,True
9144,Exploits,True
9145,DoS,True
9146,Reconnaissance,True
9147,Reconnaissance,True
9148,Exploits,True
9149,Exploits,True
9150,Exploits,True
9151,Reconnaissance,True
9152,Exploits,True
9153,Exploits,True
9154,Exploits,True
9155,Exploits,True
9156,Exploits,True
9157,Exploits,True
9158,Exploits,True
9159,Exploits,True
9160,Exploits,True
9161,DoS,True
9162,Exploits,True
9163,Exploits,True
9164,Exploits,True
9165,Exploits,True
9166,Reconnaissance,True
9167,Exploits,True
9168,Exploits,True
9169,Exploits,True
9170,Exploits,True
9171,Exploits,True
9172,Exploits,True
9173,Exploits,True
9174,Exploits,True
9175,DoS,True
9176,Exploits,True
9177,Exploits,True
9178,Exploits,True
9179,Exploits,True
9180,Exploits,True
9181,Reconnaissance,True
9182,Exploits,True
9183,DoS,True
9184,Exploits,True
9185,Exploits,True
9186,Reconnaissance,True
9187,DoS,True
9188,Exploits,True
9189,Exploits,True
9190,Exploits,True
9191,Reconnaissance,True
9192,Exploits,True
9193,Exploits,True
9194,Exploits,True
9195,Exploits,True
9196,Reconnaissance,True
9197,Exploits,True
9198,DoS,True
9199,Exploits,True
9200,Reconnaissance,True
9201,Reconnaissance,True
9202,DoS,True
9203,Reconnaissance,True
9204,Shellcode,True
9205,Exploits,True
9206,Reconnaissance,True
9207,Reconnaissance,True
9208,Exploits,True
9209,Exploits,True
9210,Reconnaissance,True
9211,Reconnaissance,True
9212,Exploits,True
9213,Exploits,True
9214,Exploits,True
9215,Reconnaissance,True
9216,Exploits,True
9217,Exploits,True
9218,Exploits,True
9219,Exploits,True
9220,Exploits,True
9221,DoS,True
9222,Reconnaissance,True
9223,Reconnaissance,True
9224,DoS,True
9225,Reconnaissance,True
9226,Reconnaissance,True
9227,Exploits,True
9228,Reconnaissance,True
9229,Exploits,True
9230,Exploits,True
9231,Exploits,True
9232,Exploits,True
9233,Exploits,True
9234,Exploits,True
9235,Exploits,True
9236,DoS,True
9237,Exploits,True
9238,Exploits,True
9239,Exploits,True
9240,Shellcode,True
9241,Exploits,True
9242,Exploits,True
9243,Reconnaissance,True
9244,Reconnaissance,True
9245,Reconnaissance,True
9246,Exploits,True
9247,Exploits,True
9248,Exploits,True
9249,Exploits,True
9250,DoS,True
9251,Exploits,True
9252,Reconnaissance,True
9253,Exploits,True
9254,Reconnaissance,True
9255,Exploits,True
9256,Exploits,True
9257,Reconnaissance,True
9258,Exploits,True
9259,Exploits,True
9260,Exploits,True
9261,Exploits,True
9262,Shellcode,True
9263,Reconnaissance,True
9264,Exploits,True
9265,Exploits,True
9266,Reconnaissance,True
9267,Exploits,True
9268,Reconnaissance,True
9269,Exploits,True
9270,DoS,True
9271,Exploits,True
9272,Reconnaissance,True
9273,Exploits,True
9274,Exploits,True
9275,Reconnaissance,True
9276,Exploits,True
9277,Exploits,True
9278,Exploits,True
9279,Exploits,True
9280,Reconnaissance,True
9281,Exploits,True
9282,Exploits,True
9283,Reconnaissance,True
9284,Exploits,True
9285,Reconnaissance,True
9286,Exploits,True
9287,Reconnaissance,True
9288,Reconnaissance,True
9289,Reconnaissance,True
9290,DoS,True
9291,Exploits,True
9292,Exploits,True
9293,Exploits,True
9294,Exploits,True
9295,Exploits,True
9296,Exploits,True
9297,Exploits,True
9298,Exploits,True
9299,Reconnaissance,True
9300,Exploits,True
9301,Reconnaissance,True
9302,Exploits,True
9303,Exploits,True
9304,Exploits,True
9305,Exploits,True
9306,Reconnaissance,True
9307,Reconnaissance,True
9308,Exploits,True
9309,Exploits,True
9310,Exploits,True
9311,Shellcode,True
9312,Exploits,True
9313,Reconnaissance,True
9314,Exploits,True
9315,Exploits,True
9316,DoS,True
9317,Reconnaissance,True
9318,Exploits,True
9319,Reconnaissance,True
9320,Reconnaissance,True
9321,Exploits,True
9322,Reconnaissance,True
9323,Exploits,True
9324,Exploits,True
9325,Exploits,True
9326,Exploits,True
9327,Exploits,True
9328,Exploits,True
9329,Exploits,True
9330,Exploits,True
9331,Exploits,True
9332,Exploits,True
9333,Reconnaissance,True
9334,Exploits,True
9335,Exploits,True
9336,Exploits,True
9337,Exploits,True
9338,Exploits,True
9339,Exploits,True
9340,Reconnaissance,True
9341,Reconnaissance,True
9342,Exploits,True
9343,Exploits,True
9344,Exploits,True
9345,Reconnaissance,True
9346,Reconnaissance,True
9347,Reconnaissance,True
9348,Exploits,True
9349,Exploits,True
9350,Reconnaissance,True
9351,Exploits,True
9352,Exploits,True
9353,Reconnaissance,True
9354,Exploits,True
9355,Exploits,True
9356,Exploits,True
9357,Exploits,True
9358,Exploits,True
9359,Exploits,True
9360,Reconnaissance,True
9361,Reconnaissance,True
9362,DoS,True
9363,Reconnaissance,True
9364,DoS,True
9365,Shellcode,True
9366,Reconnaissance,True
9367,Reconnaissance,True
9368,Exploits,True
9369,Exploits,True
9370,Exploits,True
9371,Reconnaissance,True
9372,Exploits,True
9373,Reconnaissance,True
9374,Exploits,True
9375,Exploits,True
9376,Exploits,True
9377,Exploits,True
9378,Exploits,True
9379,Exploits,True
9380,DoS,True
9381,DoS,True
9382,DoS,True
9383,Exploits,True
9384,Reconnaissance,True
9385,Exploits,True
9386,Exploits,True
9387,Exploits,True
9388,Exploits,True
9389,Reconnaissance,True
9390,Exploits,True
9391,Exploits,True
9392,Exploits,True
9393,Reconnaissance,True
9394,Reconnaissance,True
9395,Reconnaissance,True
9396,Exploits,True
9397,Exploits,True
9398,Reconnaissance,True
9399,Exploits,True
9400,Exploits,True
9401,Reconnaissance,True
9402,Exploits,True
9403,Reconnaissance,True
9404,Exploits,True
9405,Exploits,True
9406,Exploits,True
9407,Reconnaissance,True
9408,Exploits,True
9409,Reconnaissance,True
9410,DoS,True
9411,Exploits,True
9412,Reconnaissance,True
9413,Exploits,True
9414,Reconnaissance,True
9415,Exploits,True
9416,Exploits,True
9417,Exploits,True
9418,Exploits,True
9419,Reconnaissance,True
9420,DoS,True
9421,Exploits,True
9422,Reconnaissance,True
9423,Exploits,True
9424,Exploits,True
9425,Exploits,True
9426,Reconnaissance,True
9427,Exploits,True
9428,Exploits,True
9429,Exploits,True
9430,Exploits,True
9431,Exploits,True
9432,Exploits,True
9433,Reconnaissance,True
9434,Exploits,True
9435,Exploits,True
9436,Exploits,True
9437,Exploits,True
9438,Reconnaissance,True
9439,Exploits,True
9440,Reconnaissance,True
9441,DoS,True
9442,Reconnaissance,True
9443,Exploits,True
9444,Exploits,True
9445,Exploits,True
9446,Exploits,True
9447,Exploits,True
9448,DoS,True
9449,Exploits,True
9450,DoS,True
9451,Reconnaissance,True
9452,Exploits,True
9453,Exploits,True
9454,Exploits,True
9455,Shellcode,True
9456,Exploits,True
9457,Reconnaissance,True
9458,Reconnaissance,True
9459,Reconnaissance,True
9460,Exploits,True
9461,Exploits,True
9462,Shellcode,True
9463,Exploits,True
9464,Reconnaissance,True
9465,Reconnaissance,True
9466,Exploits,True
9467,Reconnaissance,True
9468,Exploits,True
9469,Reconnaissance,True
9470,Reconnaissance,True
9471,Reconnaissance,True
9472,Exploits,True
9473,Exploits,True
9474,Reconnaissance,True
9475,Exploits,True
9476,Reconnaissance,True
9477,DoS,True
9478,Exploits,True
9479,DoS,True
9480,Exploits,True
9481,Exploits,True
9482,Exploits,True
9483,Exploits,True
9484,Exploits,True
9485,Reconnaissance,True
9486,Exploits,True
9487,DoS,True
9488,Exploits,True
9489,Exploits,True
9490,Exploits,True
9491,Exploits,True
9492,Exploits,True
9493,Exploits,True
9494,Exploits,True
9495,Reconnaissance,True
9496,DoS,True
9497,Exploits,True
9498,Exploits,True
9499,Reconnaissance,True
9500,Exploits,True
9501,Exploits,True
9502,Exploits,True
9503,DoS,True
9504,Exploits,True
9505,Exploits,True
9506,Exploits,True
9507,Exploits,True
9508,Exploits,True
9509,Exploits,True
9510,Exploits,True
9511,Shellcode,True
9512,Exploits,True
9513,Reconnaissance,True
9514,Exploits,True
9515,Exploits,True
9516,Exploits,True
9517,Reconnaissance,True
9518,Exploits,True
9519,Exploits,True
9520,Exploits,True
9521,Exploits,True
9522,Exploits,True
9523,Reconnaissance,True
9524,Exploits,True
9525,Exploits,True
9526,DoS,True
9527,Exploits,True
9528,Exploits,True
9529,Exploits,True
9530,Exploits,True
9531,Exploits,True
9532,Exploits,True
9533,Exploits,True
9534,Exploits,True
9535,DoS,True
9536,Exploits,True
9537,Exploits,True
9538,Exploits,True
9539,DoS,True
9540,Exploits,True
9541,Exploits,True
9542,DoS,True
9543,Exploits,True
9544,Reconnaissance,True
9545,Reconnaissance,True
9546,Reconnaissance,True
9547,Exploits,True
9548,Exploits,True
9549,DoS,True
9550,Exploits,True
9551,Exploits,True
9552,DoS,True
9553,Exploits,True
9554,Reconnaissance,True
9555,Reconnaissance,True
9556,Exploits,True
9557,DoS,True
9558,Exploits,True
9559,Exploits,True
9560,Exploits,True
9561,Exploits,True
9562,DoS,True
9563,Exploits,True
9564,Exploits,True
9565,DoS,True
9566,DoS,True
9567,Exploits,True
9568,Exploits,True
9569,Exploits,True
9570,Reconnaissance,True
9571,Exploits,True
9572,Exploits,True
9573,Reconnaissance,True
9574,DoS,True
9575,Exploits,True
9576,Exploits,True
9577,Exploits,True
9578,DoS,True
9579,Exploits,True
9580,Exploits,True
9581,Exploits,True
9582,Exploits,True
9583,Exploits,True
9584,DoS,True
9585,Exploits,True
9586,Exploits,True
9587,Reconnaissance,True
9588,Reconnaissance,True
9589,Exploits,True
9590,Exploits,True
9591,Reconnaissance,True
9592,Reconnaissance,True
9593,Exploits,True
9594,Reconnaissance,True
9595,Exploits,True
9596,Exploits,True
9597,Exploits,True
9598,DoS,True
9599,Exploits,True
9600,Exploits,True
9601,Shellcode,True
9602,Exploits,True
9603,DoS,True
9604,Exploits,True
9605,Reconnaissance,True
9606,Reconnaissance,True
9607,Reconnaissance,True
9608,Exploits,True
9609,Exploits,True
9610,Exploits,True
9611,DoS,True
9612,DoS,True
9613,DoS,True
9614,DoS,True
9615,Reconnaissance,True
9616,Exploits,True
9617,Exploits,True
9618,DoS,True
9619,Reconnaissance,True
9620,DoS,True
9621,Exploits,True
9622,Reconnaissance,True
9623,Exploits,True
9624,DoS,True
9625,Exploits,True
9626,DoS,True
9627,Exploits,True
9628,Exploits,True
9629,DoS,True
9630,Exploits,True
9631,Reconnaissance,True
9632,Reconnaissance,True
9633,Reconnaissance,True
9634,Exploits,True
9635,Exploits,True
9636,Reconnaissance,True
9637,Exploits,True
9638,Exploits,True
9639,DoS,True
9640,Exploits,True
9641,Reconnaissance,True
9642,Exploits,True
9643,Exploits,True
9644,Reconnaissance,True
9645,Reconnaissance,True
9646,Exploits,True
9647,Reconnaissance,True
9648,Reconnaissance,True
9649,Exploits,True
9650,Shellcode,True
9651,Exploits,True
9652,DoS,True
9653,Exploits,True
9654,DoS,True
9655,Exploits,True
9656,Reconnaissance,True
9657,DoS,True
9658,Reconnaissance,True
9659,Reconnaissance,True
9660,Exploits,True
9661,Exploits,True
9662,Exploits,True
9663,Reconnaissance,True
9664,Reconnaissance,True
9665,Exploits,True
9666,Exploits,True
9667,Exploits,True
9668,Exploits,True
9669,Exploits,True
9670,Exploits,True
9671,Reconnaissance,True
9672,Reconnaissance,True
9673,Reconnaissance,True
9674,Exploits,True
9675,Reconnaissance,True
9676,Reconnaissance,True
9677,Reconnaissance,True
9678,Exploits,True
9679,Exploits,True
9680,Reconnaissance,True
9681,Exploits,True
9682,Exploits,True
9683,Exploits,True
9684,Exploits,True
9685,Exploits,True
9686,Exploits,True
9687,DoS,True
9688,Exploits,True
9689,Exploits,True
9690,Exploits,True
9691,Exploits,True
9692,Reconnaissance,True
9693,Exploits,True
9694,Exploits,True
9695,Reconnaissance,True
9696,Exploits,True
9697,Exploits,True
9698,Exploits,True
9699,Exploits,True
9700,DoS,True
9701,Exploits,True
9702,DoS,True
9703,DoS,True
9704,Exploits,True
9705,DoS,True
9706,DoS,True
9707,Exploits,True
9708,Exploits,True
9709,Reconnaissance,True
9710,Reconnaissance,True
9711,Exploits,True
9712,Exploits,True
9713,Exploits,True
9714,Reconnaissance,True
9715,DoS,True
9716,Shellcode,True
9717,Exploits,True
9718,Exploits,True
9719,Exploits,True
9720,DoS,True
9721,Reconnaissance,True
9722,Exploits,True
9723,Reconnaissance,True
9724,Exploits,True
9725,Exploits,True
9726,Shellcode,True
9727,Reconnaissance,True
9728,Exploits,True
9729,Exploits,True
9730,Exploits,True
9731,Reconnaissance,True
9732,Exploits,True
9733,DoS,True
9734,Exploits,True
9735,DoS,True
9736,Exploits,True
9737,Exploits,True
9738,Exploits,True
9739,Exploits,True
9740,DoS,True
9741,DoS,True
9742,Exploits,True
9743,Exploits,True
9744,Exploits,True
9745,Exploits,True
9746,Exploits,True
9747,Exploits,True
9748,Reconnaissance,True
9749,Reconnaissance,True
9750,Reconnaissance,True
9751,Exploits,True
9752,Reconnaissance,True
9753,Exploits,True
9754,Reconnaissance,True
9755,Reconnaissance,True
9756,Exploits,True
9757,Reconnaissance,True
9758,Exploits,True
9759,Exploits,True
9760,Exploits,True
9761,Reconnaissance,True
9762,Exploits,True
9763,DoS,True
9764,Exploits,True
9765,DoS,True
9766,Exploits,True
9767,Reconnaissance,True
9768,Exploits,True
9769,Exploits,True
9770,Exploits,True
9771,Exploits,True
9772,Exploits,True
9773,DoS,True
9774,Exploits,True
9775,Exploits,True
9776,Exploits,True
9777,Shellcode,True
9778,Exploits,True
9779,Exploits,True
9780,Exploits,True
9781,Exploits,True
9782,Exploits,True
9783,Exploits,True
9784,Exploits,True
9785,Exploits,True
9786,Exploits,True
9787,Exploits,True
9788,Exploits,True
9789,Exploits,True
9790,Reconnaissance,True
9791,DoS,True
9792,Exploits,True
9793,Exploits,True
9794,Reconnaissance,True
9795,Exploits,True
9796,Exploits,True
9797,Exploits,True
9798,Exploits,True
9799,Reconnaissance,True
9800,Exploits,True
9801,Reconnaissance,True
9802,DoS,True
9803,Exploits,True
9804,Reconnaissance,True
9805,Exploits,True
9806,Exploits,True
9807,Exploits,True
9808,Exploits,True
9809,Exploits,True
9810,Exploits,True
9811,Exploits,True
9812,Exploits,True
9813,Reconnaissance,True
9814,Exploits,True
9815,Reconnaissance,True
9816,Exploits,True
9817,Exploits,True
9818,Exploits,True
9819,Reconnaissance,True
9820,Reconnaissance,True
9821,Exploits,True
9822,Exploits,True
9823,Exploits,True
9824,Exploits,True
9825,Reconnaissance,True
9826,Reconnaissance,True
9827,Exploits,True
9828,Exploits,True
9829,Exploits,True
9830,Exploits,True
9831,Exploits,True
9832,Exploits,True
9833,Exploits,True
9834,Exploits,True
9835,Exploits,True
9836,Reconnaissance,True
9837,Exploits,True
9838,Exploits,True
9839,Exploits,True
9840,Exploits,True
9841,Exploits,True
9842,DoS,True
9843,Reconnaissance,True
9844,Exploits,True
9845,Reconnaissance,True
9846,Exploits,True
9847,Exploits,True
9848,Exploits,True
9849,Exploits,True
9850,Exploits,True
9851,Shellcode,True
9852,Exploits,True
9853,Reconnaissance,True
9854,Exploits,True
9855,Reconnaissance,True
9856,Reconnaissance,True
9857,DoS,True
9858,Exploits,True
9859,Exploits,True
9860,Shellcode,True
9861,Reconnaissance,True
9862,Exploits,True
9863,Reconnaissance,True
9864,Exploits,True
9865,DoS,True
9866,Exploits,True
9867,DoS,True
9868,Exploits,True
9869,Exploits,True
9870,DoS,True
9871,Exploits,True
9872,DoS,True
9873,Exploits,True
9874,Exploits,True
9875,Exploits,True
9876,Exploits,True
9877,Reconnaissance,True
9878,Reconnaissance,True
9879,Exploits,True
9880,Exploits,True
9881,Exploits,True
9882,Exploits,True
9883,Shellcode,True
9884,Exploits,True
9885,DoS,True
9886,DoS,True
9887,Exploits,True
9888,Exploits,True
9889,Exploits,True
9890,Exploits,True
9891,Exploits,True
9892,Exploits,True
9893,Reconnaissance,True
9894,Exploits,True
9895,Reconnaissance,True
9896,Reconnaissance,True
9897,Shellcode,True
9898,Exploits,True
9899,Reconnaissance,True
9900,Reconnaissance,True
9901,Exploits,True
9902,Exploits,True
9903,Exploits,True
9904,Reconnaissance,True
9905,Reconnaissance,True
9906,Exploits,True
9907,DoS,True
9908,Reconnaissance,True
9909,Reconnaissance,True
9910,Exploits,True
9911,Exploits,True
9912,Exploits,True
9913,Exploits,True
9914,Exploits,True
9915,Exploits,True
9916,DoS,True
9917,Reconnaissance,True
9918,Exploits,True
9919,Exploits,True
9920,Exploits,True
9921,Exploits,True
9922,DoS,True
9923,Exploits,True
9924,Reconnaissance,True
9925,DoS,True
9926,DoS,True
9927,Exploits,True
9928,Exploits,True
9929,Exploits,True
9930,Exploits,True
9931,Exploits,True
9932,Exploits,True
9933,Exploits,True
9934,Reconnaissance,True
9935,Reconnaissance,True
9936,Exploits,True
9937,Exploits,True
9938,Exploits,True
9939,Exploits,True
9940,Reconnaissance,True
9941,Exploits,True
9942,Reconnaissance,True
9943,Exploits,True
9944,Exploits,True
9945,Exploits,True
9946,Exploits,True
9947,DoS,True
9948,Exploits,True
9949,Exploits,True
9950,Exploits,True
9951,DoS,True
9952,Exploits,True
9953,Reconnaissance,True
9954,Reconnaissance,True
9955,Exploits,True
9956,Exploits,True
9957,Exploits,True
9958,Exploits,True
9959,DoS,True
9960,Exploits,True
9961,DoS,True
9962,Exploits,True
9963,Exploits,True
9964,Exploits,True
9965,Exploits,True
9966,Exploits,True
9967,DoS,True
9968,DoS,True
9969,Exploits,True
9970,Exploits,True
9971,Exploits,True
9972,Exploits,True
9973,Reconnaissance,True
9974,Exploits,True
9975,Reconnaissance,True
9976,Exploits,True
9977,Shellcode,True
9978,Exploits,True
9979,Exploits,True
9980,Reconnaissance,True
9981,Reconnaissance,True
9982,Exploits,True
9983,Reconnaissance,True
9984,Exploits,True
9985,Exploits,True
9986,Exploits,True
9987,DoS,True
9988,Reconnaissance,True
9989,Reconnaissance,True
9990,Exploits,True
9991,Reconnaissance,True
9992,Reconnaissance,True
9993,Exploits,True
9994,Exploits,True
9995,Reconnaissance,True
9996,DoS,True
9997,Exploits,True
9998,DoS,True
9999,Exploits,True
10000,Exploits,True
10001,Exploits,True
10002,Exploits,True
10003,Reconnaissance,True
10004,Exploits,True
10005,DoS,True
10006,Exploits,True
10007,Reconnaissance,True
10008,DoS,True
10009,DoS,True
10010,Exploits,True
10011,Exploits,True
10012,Exploits,True
10013,Shellcode,True
10014,DoS,True
10015,Shellcode,True
10016,Exploits,True
10017,DoS,True
10018,Exploits,True
10019,Exploits,True
10020,Exploits,True
10021,Exploits,True
10022,Exploits,True
10023,Reconnaissance,True
10024,Reconnaissance,True
10025,Reconnaissance,True
10026,Reconnaissance,True
10027,Exploits,True
10028,Exploits,True
10029,Reconnaissance,True
10030,Exploits,True
10031,Exploits,True
10032,Exploits,True
10033,Reconnaissance,True
10034,Exploits,True
10035,Exploits,True
10036,Exploits,True
10037,Exploits,True
10038,Exploits,True
10039,Exploits,True
10040,Exploits,True
10041,Exploits,True
10042,DoS,True
10043,Reconnaissance,True
10044,Reconnaissance,True
10045,Exploits,True
10046,Reconnaissance,True
10047,Exploits,True
10048,Reconnaissance,True
10049,Reconnaissance,True
10050,Reconnaissance,True
10051,DoS,True
10052,Exploits,True
10053,Exploits,True
10054,Exploits,True
10055,DoS,True
10056,DoS,True
10057,Exploits,True
10058,DoS,True
10059,Exploits,True
10060,Exploits,True
10061,Exploits,True
10062,Reconnaissance,True
10063,Reconnaissance,True
10064,Reconnaissance,True
10065,Exploits,True
10066,Reconnaissance,True
10067,Reconnaissance,True
10068,Exploits,True
10069,DoS,True
10070,Reconnaissance,True
10071,Reconnaissance,True
10072,Exploits,True
10073,Reconnaissance,True
10074,Exploits,True
10075,Exploits,True
10076,Exploits,True
10077,DoS,True
10078,Exploits,True
10079,Exploits,True
10080,Reconnaissance,True
10081,Reconnaissance,True
10082,Exploits,True
10083,Exploits,True
10084,Reconnaissance,True
10085,Exploits,True
10086,Exploits,True
10087,DoS,True
10088,Reconnaissance,True
10089,Exploits,True
10090,DoS,True
10091,Exploits,True
10092,Exploits,True
10093,Exploits,True
10094,Exploits,True
10095,Exploits,True
10096,Exploits,True
10097,DoS,True
10098,DoS,True
10099,Exploits,True
10100,Exploits,True
10101,Exploits,True
10102,Reconnaissance,True
10103,Exploits,True
10104,DoS,True
10105,Reconnaissance,True
10106,DoS,True
10107,DoS,True
10108,DoS,True
10109,DoS,True
10110,Exploits,True
10111,Exploits,True
10112,DoS,True
10113,Reconnaissance,True
10114,Shellcode,True
10115,DoS,True
10116,Exploits,True
10117,DoS,True
10118,DoS,True
10119,Exploits,True
10120,Reconnaissance,True
10121,DoS,True
10122,Exploits,True
10123,Exploits,True
10124,Reconnaissance,True
10125,DoS,True
10126,DoS,True
10127,Exploits,True
10128,Exploits,True
10129,DoS,True
10130,Exploits,True
10131,Exploits,True
10132,DoS,True
10133,Exploits,True
10134,Reconnaissance,True
10135,Exploits,True
10136,Reconnaissance,True
10137,Exploits,True
10138,Reconnaissance,True
10139,Reconnaissance,True
10140,Exploits,True
10141,Reconnaissance,True
10142,Exploits,True
10143,Exploits,True
10144,DoS,True
10145,Exploits,True
10146,DoS,True
10147,Reconnaissance,True
10148,DoS,True
10149,Exploits,True
10150,DoS,True
10151,Exploits,True
10152,Exploits,True
10153,Exploits,True
10154,DoS,True
10155,DoS,True
10156,DoS,True
10157,Reconnaissance,True
10158,Reconnaissance,True
10159,Exploits,True
10160,Exploits,True
10161,Exploits,True
10162,Exploits,True
10163,Exploits,True
10164,Exploits,True
10165,Reconnaissance,True
10166,Reconnaissance,True
10167,DoS,True
10168,Exploits,True
10169,Exploits,True
10170,Exploits,True
10171,Exploits,True
10172,Reconnaissance,True
10173,Exploits,True
10174,Exploits,True
10175,Exploits,True
10176,Exploits,True
10177,Exploits,True
10178,Exploits,True
10179,Reconnaissance,True
10180,Reconnaissance,True
10181,Exploits,True
10182,Exploits,True
10183,Reconnaissance,True
10184,Exploits,True
10185,Exploits,True
10186,Exploits,True
10187,Reconnaissance,True
10188,Exploits,True
10189,Exploits,True
10190,Exploits,True
10191,Exploits,True
10192,Exploits,True
10193,Exploits,True
10194,DoS,True
10195,Exploits,True
10196,Exploits,True
10197,DoS,True
10198,Reconnaissance,True
10199,Reconnaissance,True
10200,Reconnaissance,True
10201,DoS,True
10202,Reconnaissance,True
10203,Exploits,True
10204,Exploits,True
10205,Exploits,True
10206,Exploits,True
10207,Exploits,True
10208,Exploits,True
10209,Exploits,True
10210,Exploits,True
10211,Exploits,True
10212,Reconnaissance,True
10213,Exploits,True
10214,Exploits,True
10215,Exploits,True
10216,Exploits,True
10217,Exploits,True
10218,Exploits,True
10219,Exploits,True
10220,Reconnaissance,True
10221,Reconnaissance,True
10222,Exploits,True
10223,Reconnaissance,True
10224,Exploits,True
10225,Reconnaissance,True
10226,Reconnaissance,True
10227,Exploits,True
10228,Reconnaissance,True
10229,Exploits,True
10230,Exploits,True
10231,DoS,True
10232,DoS,True
10233,Exploits,True
10234,DoS,True
10235,Reconnaissance,True
10236,Reconnaissance,True
10237,DoS,True
10238,Reconnaissance,True
10239,Exploits,True
10240,Exploits,True
10241,DoS,True
10242,Exploits,True
10243,Exploits,True
10244,Exploits,True
10245,Exploits,True
10246,Reconnaissance,True
10247,Reconnaissance,True
10248,Reconnaissance,True
10249,Reconnaissance,True
10250,DoS,True
10251,DoS,True
10252,Exploits,True
10253,Exploits,True
10254,Exploits,True
10255,Exploits,True
10256,Exploits,True
10257,Exploits,True
10258,Exploits,True
10259,Exploits,True
10260,Reconnaissance,True
10261,Reconnaissance,True
10262,Exploits,True
10263,Exploits,True
10264,Exploits,True
10265,Exploits,True
10266,Exploits,True
10267,Exploits,True
10268,Exploits,True
10269,Reconnaissance,True
10270,Exploits,True
10271,Exploits,True
10272,Reconnaissance,True
10273,Exploits,True
10274,Exploits,True
10275,Reconnaissance,True
10276,DoS,True
10277,DoS,True
10278,Reconnaissance,True
10279,Reconnaissance,True
10280,Exploits,True
10281,Exploits,True
10282,Exploits,True
10283,Reconnaissance,True
10284,Reconnaissance,True
10285,Exploits,True
10286,DoS,True
10287,Exploits,True
10288,Exploits,True
10289,Exploits,True
10290,Exploits,True
10291,Exploits,True
10292,Exploits,True
10293,DoS,True
10294,Reconnaissance,True
10295,Reconnaissance,True
10296,Exploits,True
10297,Exploits,True
10298,Exploits,True
10299,DoS,True
10300,Exploits,True
10301,Exploits,True
10302,Reconnaissance,True
10303,Reconnaissance,True
10304,Exploits,True
10305,DoS,True
10306,Exploits,True
10307,Reconnaissance,True
10308,Exploits,True
10309,Exploits,True
10310,Shellcode,True
10311,Exploits,True
10312,DoS,True
10313,Exploits,True
10314,Exploits,True
10315,Reconnaissance,True
10316,Exploits,True
10317,Reconnaissance,True
10318,Exploits,True
10319,Reconnaissance,True
10320,Reconnaissance,True
10321,DoS,True
10322,Exploits,True
10323,Exploits,True
10324,Exploits,True
10325,Reconnaissance,True
10326,Exploits,True
10327,Exploits,True
10328,Exploits,True
10329,Reconnaissance,True
10330,Exploits,True
10331,DoS,True
10332,Exploits,True
10333,Reconnaissance,True
10334,Exploits,True
10335,Reconnaissance,True
10336,Exploits,True
10337,Exploits,True
10338,Reconnaissance,True
10339,Exploits,True
10340,Exploits,True
10341,DoS,True
10342,Exploits,True
10343,Reconnaissance,True
10344,Exploits,True
10345,Exploits,True
10346,Exploits,True
10347,Exploits,True
10348,Exploits,True
10349,Reconnaissance,True
10350,Exploits,True
10351,Reconnaissance,True
10352,Exploits,True
10353,Exploits,True
10354,Exploits,True
10355,Exploits,True
10356,Exploits,True
10357,Exploits,True
10358,Exploits,True
10359,Exploits,True
10360,Exploits,True
10361,Exploits,True
10362,Exploits,True
10363,Exploits,True
10364,Exploits,True
10365,DoS,True
10366,Exploits,True
10367,Exploits,True
10368,Exploits,True
10369,Exploits,True
10370,Exploits,True
10371,Exploits,True
10372,Exploits,True
10373,Exploits,True
10374,Exploits,True
10375,Exploits,True
10376,DoS,True
10377,Exploits,True
10378,Reconnaissance,True
10379,Exploits,True
10380,Exploits,True
10381,DoS,True
10382,Exploits,True
10383,Reconnaissance,True
10384,Exploits,True
10385,Exploits,True
10386,Exploits,True
10387,Exploits,True
10388,Exploits,True
10389,Reconnaissance,True
10390,Exploits,True
10391,Exploits,True
10392,Exploits,True
10393,Exploits,True
10394,Exploits,True
10395,DoS,True
10396,Exploits,True
10397,Exploits,True
10398,Exploits,True
10399,Exploits,True
10400,Exploits,True
10401,DoS,True
10402,Exploits,True
10403,Exploits,True
10404,Shellcode,True
10405,Reconnaissance,True
10406,Reconnaissance,True
10407,Exploits,True
10408,Exploits,True
10409,Exploits,True
10410,Exploits,True
10411,Exploits,True
10412,Exploits,True
10413,DoS,True
10414,Reconnaissance,True
10415,Shellcode,True
10416,Exploits,True
10417,DoS,True
10418,Exploits,True
10419,Exploits,True
10420,Exploits,True
10421,Reconnaissance,True
10422,Exploits,True
10423,Exploits,True
10424,Exploits,True
10425,Exploits,True
10426,Exploits,True
10427,Exploits,True
10428,Exploits,True
10429,Exploits,True
10430,Exploits,True
10431,Exploits,True
10432,Reconnaissance,True
10433,Exploits,True
10434,Exploits,True
10435,Exploits,True
10436,Exploits,True
10437,DoS,True
10438,Exploits,True
10439,Exploits,True
10440,Exploits,True
10441,Exploits,True
10442,Exploits,True
10443,Exploits,True
10444,Exploits,True
10445,Exploits,True
10446,Exploits,True
10447,DoS,True
10448,Exploits,True
10449,DoS,True
10450,Exploits,True
10451,Reconnaissance,True
10452,DoS,True
10453,Exploits,True
10454,Exploits,True
10455,Reconnaissance,True
10456,DoS,True
10457,Exploits,True
10458,Exploits,True
10459,Reconnaissance,True
10460,Exploits,True
10461,Exploits,True
10462,Exploits,True
10463,Exploits,True
10464,Reconnaissance,True
10465,Exploits,True
10466,Reconnaissance,True
10467,Exploits,True
10468,Exploits,True
10469,Exploits,True
10470,DoS,True
10471,Exploits,True
10472,Exploits,True
10473,Exploits,True
10474,Exploits,True
10475,Exploits,True
10476,Exploits,True
10477,Exploits,True
10478,Exploits,True
10479,Shellcode,True
10480,Exploits,True
10481,Exploits,True
10482,DoS,True
10483,Exploits,True
10484,Exploits,True
10485,Exploits,True
10486,Exploits,True
10487,Exploits,True
10488,Exploits,True
10489,Exploits,True
10490,Exploits,True
10491,Exploits,True
10492,Exploits,True
10493,Exploits,True
10494,Exploits,True
10495,Reconnaissance,True
10496,Exploits,True
10497,DoS,True
10498,Exploits,True
10499,Exploits,True
10500,Exploits,True
10501,Exploits,True
10502,Exploits,True
10503,DoS,True
10504,Exploits,True
10505,Exploits,True
10506,Exploits,True
10507,Exploits,True
10508,Exploits,True
10509,DoS,True
10510,Exploits,True
10511,DoS,True
10512,Reconnaissance,True
10513,Exploits,True
10514,Exploits,True
10515,Exploits,True
10516,Exploits,True
10517,Exploits,True
10518,Exploits,True
10519,Reconnaissance,True
10520,Exploits,True
10521,Exploits,True
10522,Exploits,True
10523,DoS,True
10524,Exploits,True
10525,Exploits,True
10526,Exploits,True
10527,Exploits,True
10528,Exploits,True
10529,Reconnaissance,True
10530,Exploits,True
10531,Exploits,True
10532,Exploits,True
10533,Exploits,True
10534,Exploits,True
10535,Exploits,True
10536,Exploits,True
10537,Exploits,True
10538,DoS,True
10539,Exploits,True
10540,Exploits,True
10541,Exploits,True
10542,Exploits,True
10543,Exploits,True
10544,Exploits,True
10545,Exploits,True
10546,Exploits,True
10547,Exploits,True
10548,Exploits,True
10549,Exploits,True
10550,DoS,True
10551,Exploits,True
10552,DoS,True
10553,Exploits,True
10554,Exploits,True
10555,DoS,True
10556,Exploits,True
10557,Exploits,True
10558,Exploits,True
10559,Reconnaissance,True
10560,DoS,True
10561,DoS,True
10562,DoS,True
10563,Exploits,True
10564,Exploits,True
10565,Exploits,True
10566,Exploits,True
10567,DoS,True
10568,Exploits,True
10569,Reconnaissance,True
10570,Reconnaissance,True
10571,Exploits,True
10572,DoS,True
10573,Exploits,True
10574,Exploits,True
10575,Exploits,True
10576,Reconnaissance,True
10577,Exploits,True
10578,Exploits,True
10579,Reconnaissance,True
10580,Reconnaissance,True
10581,Exploits,True
10582,Exploits,True
10583,Exploits,True
10584,Exploits,True
10585,Exploits,True
10586,Exploits,True
10587,Exploits,True
10588,Exploits,True
10589,DoS,True
10590,Exploits,True
10591,Reconnaissance,True
10592,Exploits,True
10593,Exploits,True
10594,Exploits,True
10595,DoS,True
10596,Exploits,True
10597,Exploits,True
10598,Exploits,True
10599,Exploits,True
10600,Exploits,True
10601,Reconnaissance,True
10602,Exploits,True
10603,Exploits,True
10604,Reconnaissance,True
10605,Reconnaissance,True
10606,DoS,True
10607,Exploits,True
10608,DoS,True
10609,Exploits,True
10610,Exploits,True
10611,Exploits,True
10612,DoS,True
10613,Shellcode,True
10614,DoS,True
10615,Exploits,True
10616,DoS,True
10617,Exploits,True
10618,Exploits,True
10619,Exploits,True
10620,DoS,True
10621,Reconnaissance,True
10622,Exploits,True
10623,Shellcode,True
10624,Exploits,True
10625,Exploits,True
10626,Reconnaissance,True
10627,Exploits,True
10628,Exploits,True
10629,Exploits,True
10630,Exploits,True
10631,Reconnaissance,True
10632,Reconnaissance,True
10633,Exploits,True
10634,Exploits,True
10635,Reconnaissance,True
10636,Exploits,True
10637,Exploits,True
10638,DoS,False
10639,Reconnaissance,True
10640,Exploits,True
10641,Exploits,True
10642,Exploits,True
10643,Exploits,True
10644,Exploits,True
10645,Exploits,True
10646,Exploits,True
10647,DoS,True
10648,DoS,True
10649,Exploits,True
10650,Exploits,True
10651,Exploits,True
10652,DoS,True
10653,DoS,True
10654,Exploits,True
10655,Exploits,True
10656,Exploits,True
10657,Exploits,True
10658,DoS,True
10659,Exploits,True
10660,Exploits,True
10661,Exploits,True
10662,Reconnaissance,True
10663,Exploits,True
10664,Exploits,True
10665,Reconnaissance,True
10666,Exploits,True
10667,Exploits,True
10668,Exploits,True
10669,Reconnaissance,True
10670,Exploits,True
10671,Exploits,True
10672,Exploits,True
10673,DoS,True
10674,Exploits,True
10675,Reconnaissance,True
10676,Exploits,True
10677,Exploits,True
10678,Reconnaissance,True
10679,DoS,True
10680,Exploits,True
10681,Reconnaissance,True
10682,Reconnaissance,True
10683,DoS,True
10684,Exploits,True
10685,DoS,True
10686,Reconnaissance,True
10687,Exploits,True
10688,Reconnaissance,True
10689,DoS,True
10690,Worms,True
10691,Exploits,True
10692,Reconnaissance,True
10693,Reconnaissance,True
10694,Exploits,True
10695,Exploits,True
10696,DoS,True
10697,Exploits,True
10698,Reconnaissance,True
10699,Reconnaissance,True
10700,Reconnaissance,True
10701,DoS,True
10702,Reconnaissance,True
10703,Exploits,True
10704,Exploits,True
10705,Exploits,True
10706,Exploits,True
10707,Exploits,True
10708,Exploits,True
10709,Reconnaissance,True
10710,DoS,True
10711,Reconnaissance,True
10712,Exploits,True
10713,Exploits,True
10714,Reconnaissance,True
10715,Reconnaissance,True
10716,Reconnaissance,True
10717,Reconnaissance,True
10718,Exploits,True
10719,DoS,True
10720,Exploits,True
10721,DoS,True
10722,Exploits,True
10723,Exploits,True
10724,Exploits,True
10725,DoS,True
10726,Reconnaissance,True
10727,Exploits,True
10728,Reconnaissance,True
10729,Exploits,True
10730,Exploits,True
10731,Reconnaissance,True
10732,Reconnaissance,True
10733,Exploits,True
10734,Exploits,True
10735,Reconnaissance,True
10736,Exploits,True
10737,DoS,True
10738,DoS,True
10739,Exploits,True
10740,Exploits,True
10741,Exploits,True
10742,Exploits,True
10743,Exploits,True
10744,Reconnaissance,True
10745,Exploits,True
10746,Exploits,True
10747,DoS,True
10748,DoS,True
10749,Reconnaissance,True
10750,Exploits,True
10751,DoS,True
10752,Exploits,True
10753,Exploits,True
10754,Exploits,True
10755,DoS,True
10756,Exploits,True
10757,Exploits,True
10758,Exploits,True
10759,Reconnaissance,True
10760,Exploits,True
10761,Exploits,True
10762,Shellcode,True
10763,Exploits,True
10764,Exploits,True
10765,Exploits,True
10766,Reconnaissance,True
10767,Exploits,True
10768,Exploits,True
10769,Exploits,True
10770,Exploits,True
10771,Reconnaissance,True
10772,Exploits,True
10773,Reconnaissance,True
10774,DoS,True
10775,Exploits,True
10776,Exploits,True
10777,Exploits,True
10778,Reconnaissance,True
10779,Exploits,True
10780,Exploits,True
10781,Exploits,True
10782,Exploits,True
10783,Exploits,True
10784,Exploits,True
10785,Reconnaissance,True
10786,Reconnaissance,True
10787,Exploits,True
10788,Exploits,True
10789,Reconnaissance,True
10790,Exploits,True
10791,DoS,True
10792,DoS,True
10793,Exploits,True
10794,Exploits,True
10795,Reconnaissance,True
10796,DoS,True
10797,DoS,True
10798,Exploits,True
10799,Reconnaissance,True
10800,Exploits,True
10801,Exploits,True
10802,Shellcode,True
10803,Exploits,True
10804,Exploits,True
10805,Reconnaissance,True
10806,Exploits,True
10807,Exploits,True
10808,Exploits,True
10809,Exploits,True
10810,Exploits,True
10811,Exploits,True
10812,Exploits,True
10813,Shellcode,True
10814,Reconnaissance,True
10815,Exploits,True
10816,Shellcode,True
10817,Exploits,True
10818,Shellcode,True
10819,Exploits,True
10820,Exploits,True
10821,Reconnaissance,True
10822,DoS,True
10823,Exploits,True
10824,DoS,True
10825,Exploits,True
10826,Exploits,True
10827,Exploits,True
10828,Reconnaissance,True
10829,Exploits,True
10830,Exploits,True
10831,Reconnaissance,True
10832,DoS,True
10833,Reconnaissance,True
10834,Exploits,True
10835,Exploits,True
10836,Exploits,True
10837,Exploits,True
10838,DoS,True
10839,Exploits,True
10840,Exploits,True
10841,Exploits,True
10842,Exploits,True
10843,Exploits,True
10844,Exploits,True
10845,Exploits,True
10846,Exploits,True
10847,Reconnaissance,True
10848,Exploits,True
10849,DoS,True
10850,DoS,True
10851,Exploits,True
10852,Exploits,True
10853,Exploits,True
10854,Exploits,True
10855,Exploits,True
10856,Reconnaissance,True
10857,DoS,True
10858,DoS,True
10859,Reconnaissance,True
10860,Exploits,True
10861,Exploits,True
10862,Exploits,True
10863,Exploits,True
10864,Exploits,True
10865,DoS,True
10866,Reconnaissance,True
10867,Exploits,True
10868,Reconnaissance,True
10869,Reconnaissance,True
10870,Reconnaissance,True
10871,Exploits,True
10872,Exploits,True
10873,Exploits,True
10874,Reconnaissance,True
10875,Exploits,True
10876,Exploits,True
10877,Exploits,True
10878,Exploits,True
10879,DoS,True
10880,Exploits,True
10881,Exploits,True
10882,Reconnaissance,True
10883,Exploits,True
10884,DoS,True
10885,Exploits,True
10886,Exploits,True
10887,Exploits,True
10888,Reconnaissance,True
10889,DoS,True
10890,Reconnaissance,True
10891,Exploits,True
10892,Reconnaissance,True
10893,Exploits,True
10894,Exploits,True
10895,Exploits,True
10896,Reconnaissance,True
10897,DoS,True
10898,Exploits,True
10899,Reconnaissance,True
10900,Reconnaissance,True
10901,Exploits,True
10902,Exploits,True
10903,Reconnaissance,True
10904,Exploits,True
10905,DoS,True
10906,Exploits,True
10907,Exploits,True
10908,Exploits,True
10909,Reconnaissance,True
10910,Reconnaissance,True
10911,Reconnaissance,True
10912,Reconnaissance,True
10913,Reconnaissance,True
10914,Reconnaissance,True
10915,Reconnaissance,True
10916,Exploits,True
10917,Exploits,True
10918,Exploits,True
10919,Exploits,True
10920,Exploits,True
10921,DoS,True
10922,Exploits,True
10923,Exploits,True
10924,Exploits,True
10925,Reconnaissance,True
10926,Reconnaissance,True
10927,Exploits,True
10928,Exploits,True
10929,Reconnaissance,True
10930,Exploits,True
10931,DoS,True
10932,Exploits,True
10933,Reconnaissance,True
10934,Reconnaissance,True
10935,Reconnaissance,True
10936,DoS,True
10937,Exploits,True
10938,Exploits,True
10939,Exploits,True
10940,Exploits,True
10941,Exploits,True
10942,Exploits,True
10943,Exploits,True
10944,DoS,True
10945,Exploits,True
10946,Exploits,True
10947,DoS,True
10948,Exploits,True
10949,Reconnaissance,True
10950,Exploits,True
10951,Exploits,True
10952,DoS,True
10953,Exploits,True
10954,Reconnaissance,True
10955,Exploits,True
10956,Exploits,True
10957,Reconnaissance,True
10958,Exploits,True
10959,Exploits,True
10960,Exploits,True
10961,Exploits,True
10962,Exploits,True
10963,Exploits,True
10964,DoS,True
10965,Exploits,True
10966,Exploits,True
10967,DoS,True
10968,DoS,True
10969,Exploits,True
10970,Exploits,True
10971,Exploits,True
10972,Exploits,True
10973,Exploits,True
10974,Exploits,True
10975,Exploits,True
10976,Exploits,True
10977,Reconnaissance,True
10978,Exploits,True
10979,Reconnaissance,True
10980,Exploits,True
10981,Reconnaissance,True
10982,Reconnaissance,True
10983,DoS,True
10984,Exploits,True
10985,Exploits,True
10986,Exploits,True
10987,Reconnaissance,True
10988,Reconnaissance,True
10989,Exploits,True
10990,Exploits,True
10991,Reconnaissance,True
10992,Exploits,True
10993,Exploits,True
10994,Exploits,True
10995,Exploits,True
10996,Exploits,True
10997,Reconnaissance,True
10998,DoS,True
10999,Reconnaissance,True
11000,Exploits,True
11001,Exploits,True
11002,DoS,True
11003,Reconnaissance,True
11004,Exploits,True
11005,DoS,True
11006,Exploits,True
11007,Exploits,True
11008,Exploits,True
11009,Reconnaissance,True
11010,Reconnaissance,True
11011,Reconnaissance,True
11012,Exploits,True
11013,Exploits,True
11014,DoS,True
11015,Reconnaissance,True
11016,Exploits,True
11017,Exploits,True
11018,Exploits,True
11019,Exploits,True
11020,Exploits,True
11021,Exploits,True
11022,Exploits,True
11023,Exploits,True
11024,DoS,True
11025,Exploits,True
11026,Exploits,True
11027,Exploits,True
11028,Exploits,True
11029,Exploits,True
11030,DoS,True
11031,Exploits,True
11032,Exploits,True
11033,Exploits,True
11034,Exploits,True
11035,Exploits,True
11036,DoS,True
11037,Exploits,True
11038,DoS,True
11039,Exploits,True
11040,Exploits,True
11041,Exploits,True
11042,DoS,True
11043,Exploits,True
11044,Exploits,True
11045,Exploits,True
11046,Reconnaissance,True
11047,Exploits,True
11048,Exploits,True
11049,Exploits,True
11050,Exploits,True
11051,Reconnaissance,True
11052,Exploits,True
11053,Exploits,True
11054,DoS,True
11055,Exploits,True
11056,Exploits,True
11057,Exploits,True
11058,Exploits,True
11059,Reconnaissance,True
11060,DoS,True
11061,Exploits,True
11062,DoS,True
11063,Exploits,True
11064,Exploits,True
11065,Exploits,True
11066,DoS,True
11067,DoS,True
11068,Exploits,True
11069,Reconnaissance,True
11070,DoS,True
11071,Exploits,True
11072,Exploits,True
11073,Reconnaissance,True
11074,Exploits,True
11075,Exploits,True
11076,DoS,True
11077,Reconnaissance,True
11078,Exploits,True
11079,Exploits,True
11080,Exploits,True
11081,Exploits,True
11082,Exploits,True
11083,Exploits,True
11084,Exploits,True
11085,Exploits,True
11086,DoS,True
11087,Exploits,True
11088,Exploits,True
11089,Exploits,True
11090,Exploits,True
11091,DoS,True
11092,Exploits,True
11093,Exploits,True
11094,Exploits,True
11095,Exploits,True
11096,Exploits,True
11097,Exploits,True
11098,Reconnaissance,True
11099,Exploits,True
11100,Exploits,True
11101,Exploits,True
11102,Exploits,True
11103,Reconnaissance,True
11104,Exploits,True
11105,Exploits,True
11106,Exploits,True
11107,Exploits,True
11108,Reconnaissance,True
11109,Exploits,True
11110,Exploits,True
11111,DoS,True
11112,Exploits,True
11113,Exploits,True
11114,DoS,True
11115,DoS,True
11116,Exploits,True
11117,Exploits,True
11118,Exploits,True
11119,Exploits,True
11120,Exploits,True
11121,Exploits,True
11122,Exploits,True
11123,Reconnaissance,True
11124,Exploits,True
11125,Exploits,True
11126,DoS,True
11127,Exploits,True
11128,Exploits,True
11129,Exploits,True
11130,Reconnaissance,True
11131,Exploits,True
11132,Exploits,True
11133,DoS,True
11134,Reconnaissance,True
11135,Exploits,True
11136,Exploits,True
11137,Exploits,True
11138,Exploits,True
11139,DoS,True
11140,Exploits,True
11141,Exploits,True
11142,Exploits,True
11143,Exploits,True
11144,Exploits,True
11145,DoS,True
11146,Exploits,True
11147,DoS,True
11148,Reconnaissance,True
11149,Reconnaissance,True
11150,Exploits,True
11151,Exploits,True
11152,Reconnaissance,True
11153,Exploits,True
11154,Reconnaissance,True
11155,Exploits,True
11156,Reconnaissance,True
11157,Exploits,True
11158,DoS,True
11159,Reconnaissance,True
11160,Exploits,True
11161,DoS,True
11162,Exploits,True
11163,Exploits,True
11164,Reconnaissance,True
11165,Reconnaissance,True
11166,Reconnaissance,True
11167,DoS,True
11168,Exploits,True
11169,Exploits,True
11170,Exploits,True
11171,DoS,True
11172,DoS,True
11173,Exploits,True
11174,Reconnaissance,True
11175,Reconnaissance,True
11176,DoS,True
11177,Exploits,True
11178,Exploits,True
11179,Exploits,True
11180,Exploits,True
11181,Exploits,True
11182,DoS,True
11183,DoS,True
11184,Exploits,True
11185,DoS,True
11186,Exploits,True
11187,Exploits,True
11188,Exploits,True
11189,DoS,True
11190,Reconnaissance,True
11191,DoS,True
11192,Reconnaissance,True
11193,Exploits,True
11194,Exploits,True
11195,Exploits,True
11196,Exploits,True
11197,Exploits,True
11198,DoS,True
11199,DoS,True
11200,Exploits,True
11201,Exploits,True
11202,Exploits,True
11203,Exploits,True
11204,DoS,True
11205,Exploits,True
11206,Exploits,True
11207,Exploits,True
11208,Exploits,True
11209,DoS,True
11210,DoS,True
11211,Exploits,True
11212,Reconnaissance,True
11213,DoS,True
11214,Reconnaissance,True
11215,Exploits,True
11216,Exploits,True
11217,Reconnaissance,True
11218,Reconnaissance,True
11219,Exploits,True
11220,Exploits,True
11221,Exploits,True
11222,DoS,True
11223,Exploits,True
11224,Exploits,True
11225,Exploits,True
11226,Exploits,True
11227,Exploits,True
11228,Exploits,True
11229,DoS,True
11230,Exploits,True
11231,Exploits,True
11232,Reconnaissance,True
11233,Exploits,True
11234,DoS,True
11235,Exploits,True
11236,Exploits,True
11237,DoS,True
11238,Reconnaissance,True
11239,DoS,True
11240,DoS,True
11241,Exploits,True
11242,Reconnaissance,True
11243,Reconnaissance,True
11244,DoS,True
11245,Exploits,True
11246,Exploits,True
11247,DoS,True
11248,DoS,True
11249,Reconnaissance,True
11250,Exploits,True
11251,Exploits,True
11252,Exploits,True
11253,Exploits,True
11254,DoS,True
11255,Exploits,True
11256,Exploits,True
11257,Exploits,True
11258,Exploits,True
11259,Exploits,True
11260,DoS,True
11261,Exploits,True
11262,Exploits,True
11263,Exploits,True
11264,Exploits,True
11265,DoS,True
11266,DoS,True
11267,Exploits,True
11268,Reconnaissance,True
11269,Exploits,True
11270,Exploits,True
11271,Exploits,True
11272,Exploits,True
11273,DoS,True
11274,Reconnaissance,True
11275,DoS,True
11276,Exploits,True
11277,Reconnaissance,True
11278,Reconnaissance,True
11279,Exploits,True
11280,Exploits,True
11281,Exploits,True
11282,DoS,True
11283,Reconnaissance,True
11284,DoS,True
11285,DoS,True
11286,DoS,True
11287,Exploits,True
11288,DoS,True
11289,Exploits,True
11290,DoS,True
11291,Exploits,True
11292,Exploits,True
11293,Exploits,True
11294,Exploits,True
11295,Exploits,True
11296,DoS,True
11297,Exploits,True
11298,Reconnaissance,True
11299,Exploits,True
11300,Reconnaissance,True
11301,Exploits,True
11302,DoS,True
11303,Reconnaissance,True
11304,DoS,True
11305,Exploits,True
11306,Exploits,True
11307,Exploits,True
11308,Exploits,True
11309,DoS,True
11310,Exploits,True
11311,Exploits,True
11312,Exploits,True
11313,Exploits,True
11314,Exploits,True
11315,Reconnaissance,True
11316,Exploits,True
11317,Exploits,True
11318,Reconnaissance,True
11319,Exploits,True
11320,Reconnaissance,True
11321,DoS,True
11322,Reconnaissance,True
11323,Reconnaissance,True
11324,Exploits,True
11325,Exploits,True
11326,Exploits,True
11327,Exploits,True
11328,Exploits,True
11329,Exploits,True
11330,DoS,True
11331,Reconnaissance,True
11332,Reconnaissance,True
11333,Reconnaissance,True
11334,Exploits,True
11335,DoS,True
11336,DoS,True
11337,Exploits,True
11338,Exploits,True
11339,DoS,True
11340,Exploits,True
11341,DoS,True
11342,DoS,True
11343,Shellcode,True
11344,Exploits,True
11345,DoS,True
11346,Reconnaissance,True
11347,Exploits,True
11348,Exploits,True
11349,Exploits,True
11350,DoS,True
11351,Exploits,True
11352,DoS,True
11353,Reconnaissance,True
11354,Exploits,True
11355,Exploits,True
11356,Exploits,True
11357,DoS,True
11358,Exploits,True
11359,Exploits,True
11360,DoS,True
11361,DoS,True
11362,Exploits,True
11363,DoS,True
11364,DoS,True
11365,DoS,True
11366,Exploits,True
11367,DoS,True
11368,DoS,True
11369,Exploits,True
11370,Reconnaissance,True
11371,Exploits,True
11372,DoS,True
11373,DoS,True
11374,Exploits,True
11375,Exploits,True
11376,Exploits,True
11377,Exploits,True
11378,Reconnaissance,True
11379,Exploits,True
11380,DoS,True
11381,DoS,True
11382,Exploits,True
11383,Exploits,True
11384,Exploits,True
11385,Exploits,True
11386,Exploits,True
11387,DoS,True
11388,Exploits,True
11389,Exploits,True
11390,DoS,True
11391,Exploits,True
11392,DoS,True
11393,DoS,True
11394,Exploits,True
11395,Exploits,True
11396,Exploits,True
11397,DoS,True
11398,Exploits,True
11399,DoS,True
11400,Exploits,True
11401,DoS,True
11402,DoS,True
11403,DoS,True
11404,DoS,True
11405,Exploits,True
11406,DoS,True
11407,Exploits,True
11408,DoS,True
11409,DoS,True
11410,Reconnaissance,True
11411,Exploits,True
11412,DoS,True
11413,DoS,True
11414,Reconnaissance,True
11415,Exploits,True
11416,Reconnaissance,True
11417,Exploits,True
11418,DoS,True
11419,Exploits,True
11420,DoS,True
11421,Exploits,True
11422,DoS,True
11423,DoS,True
11424,Exploits,True
11425,DoS,True
11426,DoS,True
11427,Exploits,True
11428,Reconnaissance,True
11429,DoS,True
11430,DoS,True
11431,DoS,True
11432,DoS,True
11433,DoS,True
11434,Reconnaissance,True
11435,Reconnaissance,True
11436,Exploits,True
11437,DoS,True
11438,Reconnaissance,True
11439,Exploits,True
11440,DoS,True
11441,Exploits,True
11442,Exploits,True
11443,Exploits,True
11444,DoS,True
11445,Exploits,True
11446,Exploits,True
11447,DoS,True
11448,DoS,True
11449,DoS,True
11450,Exploits,True
11451,Exploits,True
11452,Exploits,True
11453,Exploits,True
11454,Exploits,True
11455,DoS,True
11456,DoS,True
11457,Reconnaissance,True
11458,DoS,True
11459,Exploits,True
11460,DoS,True
11461,Exploits,True
11462,DoS,True
11463,Exploits,True
11464,Reconnaissance,True
11465,Exploits,True
11466,DoS,True
11467,Exploits,True
11468,Exploits,True
11469,Exploits,True
11470,DoS,True
11471,DoS,True
11472,Worms,True
11473,DoS,True
11474,DoS,True
11475,DoS,True
11476,Exploits,True
11477,DoS,True
11478,DoS,True
11479,Reconnaissance,True
11480,DoS,True
11481,DoS,True
11482,Exploits,True
11483,DoS,True
11484,DoS,True
11485,Exploits,True
11486,DoS,True
11487,DoS,True
11488,Exploits,True
11489,Reconnaissance,True
11490,Exploits,True
11491,DoS,True
11492,DoS,True
11493,DoS,True
11494,DoS,True
11495,DoS,True
11496,DoS,True
11497,DoS,True
11498,DoS,True
11499,Reconnaissance,True
11500,Exploits,True
11501,Exploits,True
11502,DoS,True
11503,Reconnaissance,True
11504,DoS,True
11505,Exploits,True
11506,DoS,True
11507,Exploits,True
11508,DoS,True
11509,DoS,True
11510,DoS,True
11511,DoS,True
11512,DoS,True
11513,Exploits,True
11514,Exploits,True
11515,DoS,True
11516,Worms,True
11517,Exploits,True
11518,Exploits,True
11519,Exploits,True
11520,Exploits,True
11521,DoS,True
11522,Reconnaissance,True
11523,DoS,True
11524,DoS,True
11525,Exploits,True
11526,DoS,True
11527,Exploits,True
11528,DoS,True
11529,DoS,True
11530,Exploits,True
11531,Exploits,True
11532,Exploits,True
11533,DoS,True
11534,DoS,True
11535,Exploits,True
11536,DoS,True
11537,DoS,True
11538,Reconnaissance,True
11539,Reconnaissance,True
11540,Exploits,True
11541,Exploits,True
11542,Reconnaissance,True
11543,Reconnaissance,True
11544,DoS,True
11545,DoS,True
11546,Exploits,True
11547,Exploits,True
11548,DoS,True
11549,DoS,True
11550,DoS,True
11551,Exploits,True
11552,Exploits,True
11553,DoS,True
11554,Exploits,True
11555,DoS,True
11556,Exploits,True
11557,Exploits,True
11558,Reconnaissance,True
11559,Exploits,True
11560,Reconnaissance,True
11561,DoS,True
11562,Exploits,True
11563,Exploits,True
11564,DoS,True
11565,Reconnaissance,True
11566,Exploits,True
11567,Reconnaissance,True
11568,Exploits,True
11569,Exploits,True
11570,Reconnaissance,True
11571,Exploits,True
11572,DoS,True
11573,Reconnaissance,True
11574,Exploits,True
11575,Exploits,True
11576,Exploits,True
11577,DoS,True
11578,Exploits,True
11579,Reconnaissance,True
11580,Reconnaissance,True
11581,Reconnaissance,True
11582,Reconnaissance,True
11583,Reconnaissance,True
11584,Exploits,True
11585,DoS,True
11586,DoS,True
11587,Exploits,True
11588,Exploits,True
11589,Exploits,True
11590,Exploits,True
11591,Reconnaissance,True
11592,Exploits,True
11593,DoS,True
11594,Exploits,True
11595,Exploits,True
11596,Exploits,True
11597,Exploits,True
11598,DoS,True
11599,DoS,True
11600,Reconnaissance,True
11601,DoS,True
11602,DoS,True
11603,Exploits,True
11604,DoS,True
11605,Exploits,True
11606,Exploits,True
11607,Exploits,True
11608,Reconnaissance,True
11609,DoS,True
11610,DoS,True
11611,DoS,True
11612,Reconnaissance,True
11613,Exploits,True
11614,Shellcode,True
11615,DoS,True
11616,Exploits,True
11617,Exploits,True
11618,Exploits,True
11619,Reconnaissance,True
11620,Reconnaissance,True
11621,Exploits,True
11622,DoS,True
11623,Reconnaissance,True
11624,Exploits,True
11625,DoS,True
11626,Reconnaissance,True
11627,Exploits,True
11628,Exploits,True
11629,Reconnaissance,True
11630,Exploits,True
11631,Exploits,True
11632,Shellcode,True
11633,Exploits,True
11634,Shellcode,True
11635,Reconnaissance,True
11636,Exploits,True
11637,Exploits,True
11638,Exploits,True
11639,DoS,True
11640,Exploits,True
11641,Reconnaissance,True
11642,Exploits,True
11643,DoS,True
11644,Exploits,True
11645,Exploits,True
11646,Exploits,True
11647,Exploits,True
11648,Exploits,True
11649,Reconnaissance,True
11650,Exploits,True
11651,Exploits,True
11652,Exploits,True
11653,Reconnaissance,True
11654,Exploits,True
11655,Exploits,True
11656,Reconnaissance,True
11657,Exploits,True
11658,Exploits,True
11659,Reconnaissance,True
11660,Exploits,True
11661,Reconnaissance,True
11662,DoS,True
11663,Exploits,True
11664,Exploits,True
11665,Exploits,True
11666,Reconnaissance,True
11667,Exploits,True
11668,Exploits,True
11669,Exploits,True
11670,Exploits,True
11671,Exploits,True
11672,Reconnaissance,True
11673,Exploits,True
11674,Exploits,True
11675,Reconnaissance,True
11676,Reconnaissance,True
11677,DoS,True
11678,Reconnaissance,True
11679,Exploits,True
11680,Reconnaissance,True
11681,Exploits,True
11682,Exploits,True
11683,Exploits,True
11684,Reconnaissance,True
11685,DoS,True
11686,Reconnaissance,True
11687,Exploits,True
11688,Exploits,True
11689,Reconnaissance,True
11690,Exploits,True
11691,Exploits,True
11692,Exploits,True
11693,DoS,True
11694,Exploits,True
11695,Exploits,True
11696,Exploits,True
11697,DoS,True
11698,Exploits,True
11699,Shellcode,True
11700,Exploits,True
11701,Reconnaissance,True
11702,Exploits,True
11703,Reconnaissance,True
11704,DoS,True
11705,Exploits,True
11706,DoS,True
11707,Exploits,True
11708,Reconnaissance,True
11709,Exploits,True
11710,Reconnaissance,True
11711,Reconnaissance,True
11712,Exploits,True
11713,Exploits,True
11714,Reconnaissance,True
11715,Exploits,True
11716,Exploits,True
11717,Exploits,True
11718,DoS,True
11719,Exploits,True
11720,Reconnaissance,True
11721,Exploits,True
11722,Exploits,True
11723,Exploits,True
11724,Reconnaissance,True
11725,Exploits,True
11726,Exploits,True
11727,Exploits,True
11728,DoS,True
11729,Exploits,True
11730,Exploits,True
11731,DoS,True
11732,DoS,True
11733,Exploits,True
11734,Reconnaissance,True
11735,Reconnaissance,True
11736,Exploits,True
11737,Reconnaissance,True
11738,DoS,True
11739,Exploits,True
11740,Reconnaissance,True
11741,DoS,True
11742,Exploits,True
11743,Reconnaissance,True
11744,DoS,True
11745,Exploits,True
11746,Exploits,True
11747,Exploits,True
11748,Exploits,True
11749,Exploits,True
11750,Exploits,True
11751,Exploits,True
11752,Exploits,True
11753,Reconnaissance,True
11754,Exploits,True
11755,DoS,True
11756,Exploits,True
11757,Exploits,True
11758,Exploits,True
11759,Exploits,True
11760,Exploits,True
11761,Exploits,True
11762,Exploits,True
11763,Exploits,True
11764,Exploits,True
11765,Exploits,True
11766,Exploits,True
11767,Exploits,True
11768,Exploits,True
11769,Exploits,True
11770,Exploits,True
11771,Exploits,True
11772,DoS,True
11773,DoS,True
11774,Exploits,True
11775,Exploits,True
11776,Exploits,True
11777,Reconnaissance,True
11778,Reconnaissance,True
11779,Exploits,True
11780,Exploits,True
11781,Exploits,True
11782,Exploits,True
11783,Exploits,True
11784,Reconnaissance,True
11785,Exploits,True
11786,Exploits,True
11787,Exploits,True
11788,Exploits,True
11789,Exploits,True
11790,Exploits,True
11791,Exploits,True
11792,DoS,True
11793,Reconnaissance,True
11794,Exploits,True
11795,DoS,True
11796,DoS,True
11797,Exploits,True
11798,Exploits,True
11799,Reconnaissance,True
11800,DoS,True
11801,Exploits,True
11802,Exploits,True
11803,Exploits,True
11804,Exploits,True
11805,Reconnaissance,True
11806,Reconnaissance,True
11807,Exploits,True
11808,Exploits,True
11809,Exploits,True
11810,Reconnaissance,True
11811,DoS,True
11812,Exploits,True
11813,Exploits,True
11814,Reconnaissance,True
11815,Exploits,True
11816,Reconnaissance,True
11817,Exploits,True
11818,DoS,True
11819,Exploits,True
11820,DoS,True
11821,Reconnaissance,True
11822,Exploits,True
11823,Reconnaissance,True
11824,Exploits,True
11825,Exploits,True
11826,Exploits,True
11827,DoS,True
11828,DoS,True
11829,Exploits,True
11830,Exploits,True
11831,Exploits,True
11832,Reconnaissance,True
11833,Exploits,True
11834,Exploits,True
11835,Exploits,True
11836,Exploits,True
11837,Exploits,True
11838,Exploits,True
11839,Exploits,True
11840,Exploits,True
11841,DoS,True
11842,Exploits,True
11843,Exploits,True
11844,Exploits,True
11845,Exploits,True
11846,Exploits,True
11847,Exploits,True
11848,Exploits,True
11849,Exploits,True
11850,Exploits,True
11851,Exploits,True
11852,Exploits,True
11853,DoS,True
11854,Exploits,True
11855,Exploits,True
11856,Reconnaissance,True
11857,Exploits,True
11858,Exploits,True
11859,DoS,True
11860,Reconnaissance,True
11861,Exploits,True
11862,Exploits,True
11863,Exploits,True
11864,Exploits,True
11865,Exploits,True
11866,Exploits,True
11867,Exploits,True
11868,Exploits,True
11869,Exploits,True
11870,Exploits,True
11871,Exploits,True
11872,Exploits,True
11873,Exploits,True
11874,Exploits,True
11875,Exploits,True
11876,Exploits,True
11877,Exploits,True
11878,DoS,True
11879,DoS,True
11880,Exploits,True
11881,Exploits,True
11882,Exploits,True
11883,DoS,True
11884,Exploits,True
11885,Exploits,True
11886,Exploits,True
11887,Exploits,True
11888,Exploits,True
11889,Exploits,True
11890,Exploits,True
11891,Exploits,True
11892,Exploits,True
11893,DoS,True
11894,Exploits,True
11895,Exploits,True
11896,DoS,True
11897,Exploits,True
11898,Exploits,True
11899,Exploits,True
11900,Exploits,True
11901,Exploits,True
11902,DoS,True
11903,Exploits,True
11904,Exploits,True
11905,Exploits,True
11906,Exploits,True
11907,Exploits,True
11908,Exploits,True
11909,Reconnaissance,True
11910,DoS,True
11911,DoS,True
11912,Exploits,True
11913,Exploits,True
11914,Exploits,True
11915,Reconnaissance,True
11916,Reconnaissance,True
11917,DoS,True
11918,Exploits,True
11919,DoS,True
11920,DoS,True
11921,Reconnaissance,True
11922,Exploits,True
11923,Exploits,True
11924,Reconnaissance,True
11925,DoS,True
11926,Exploits,True
11927,DoS,True
11928,Reconnaissance,True
11929,DoS,True
11930,Generic,True
11931,Generic,True
11932,DoS,True
11933,Generic,True
11934,Generic,True
11935,Generic,True
11936,Generic,True
11937,Reconnaissance,True
11938,Generic,True
11939,Generic,True
11940,Generic,True
11941,Generic,True
11942,Generic,True
11943,Generic,True
11944,Generic,True
11945,Generic,True
11946,Generic,True
11947,Generic,True
11948,Generic,True
11949,Generic,True
11950,Generic,True
11951,Generic,True
11952,Generic,True
11953,Generic,True
11954,Generic,True
11955,Generic,True
11956,Generic,True
11957,Generic,True
11958,Generic,True
11959,Generic,True
11960,Generic,True
11961,Generic,True
11962,Generic,True
11963,Generic,True
11964,Generic,True
11965,Generic,True
11966,Generic,True
11967,Generic,True
11968,Generic,True
11969,Generic,True
11970,Generic,True
11971,Generic,True
11972,Generic,True
11973,Generic,True
11974,Generic,True
11975,Exploits,True
11976,Generic,True
11977,Generic,True
11978,Generic,True
11979,Generic,True
11980,Generic,True
11981,Generic,True
11982,Generic,True
11983,Generic,True
11984,Generic,True
11985,Generic,True
11986,Generic,True
11987,Generic,True
11988,Reconnaissance,True
11989,Generic,True
11990,Generic,True
11991,Exploits,True
11992,Generic,True
11993,Generic,True
11994,Generic,True
11995,Generic,True
11996,Generic,True
11997,Generic,True
11998,Generic,True
11999,DoS,True
12000,Generic,True
12001,Generic,True
12002,Generic,True
12003,Generic,True
12004,Generic,True
12005,Generic,True
12006,Generic,True
12007,Generic,True
12008,Generic,True
12009,Generic,True
12010,Generic,True
12011,Generic,True
12012,Generic,True
12013,Generic,True
12014,Generic,True
12015,Generic,True
12016,Generic,True
12017,Generic,True
12018,Generic,True
12019,Generic,True
12020,Generic,True
12021,Generic,True
12022,Generic,True
12023,Generic,True
12024,Generic,True
12025,Generic,True
12026,Generic,True
12027,Generic,True
12028,Generic,True
12029,Generic,True
12030,Reconnaissance,True
12031,Generic,True
12032,Generic,True
12033,Generic,True
12034,Generic,True
12035,Generic,True
12036,Generic,True
12037,Generic,True
12038,Generic,True
12039,Generic,True
12040,Generic,True
12041,Generic,True
12042,Generic,True
12043,Generic,True
12044,Generic,True
12045,Generic,True
12046,Generic,True
12047,Generic,True
12048,Generic,True
12049,Generic,True
12050,Generic,True
12051,Generic,True
12052,Generic,True
12053,Generic,True
12054,Generic,True
12055,Generic,True
12056,Generic,True
12057,Generic,True
12058,Generic,True
12059,Generic,True
12060,Generic,True
12061,Generic,True
12062,Generic,True
12063,Generic,True
12064,Generic,True
12065,Generic,True
12066,Generic,True
12067,Generic,True
12068,Generic,True
12069,Generic,True
12070,Generic,True
12071,Generic,True
12072,Generic,True
12073,Generic,True
12074,Generic,True
12075,Generic,True
12076,Generic,True
12077,Generic,True
12078,Generic,True
12079,Generic,True
12080,Generic,True
12081,Generic,True
12082,Generic,True
12083,Generic,True
12084,Generic,True
12085,Generic,True
12086,Generic,True
12087,Generic,True
12088,Generic,True
12089,Generic,True
12090,Generic,True
12091,Generic,True
12092,Generic,True
12093,Generic,True
12094,Generic,True
12095,Generic,True
12096,Generic,True
12097,Generic,True
12098,Generic,True
12099,Generic,True
12100,Generic,True
12101,Generic,True
12102,Generic,True
12103,Generic,True
12104,Generic,True
12105,Generic,True
12106,Generic,True
12107,Generic,True
12108,Generic,True
12109,Generic,True
12110,Generic,True
12111,Generic,True
12112,Generic,True
12113,Generic,True
12114,Generic,True
12115,Generic,True
12116,Generic,True
12117,Generic,True
12118,Generic,True
12119,Generic,True
12120,Generic,True
12121,Generic,True
12122,Generic,True
12123,Generic,True
12124,Generic,True
12125,Generic,True
12126,Generic,True
12127,Generic,True
12128,Generic,True
12129,Generic,True
12130,Exploits,True
12131,Generic,True
12132,Generic,True
12133,Generic,True
12134,Generic,True
12135,DoS,True
12136,Generic,True
12137,Generic,True
12138,Generic,True
12139,Generic,True
12140,DoS,True
12141,Generic,True
12142,Generic,True
12143,Generic,True
12144,Generic,True
12145,Generic,True
12146,Exploits,True
12147,Generic,True
12148,Generic,True
12149,Generic,True
12150,DoS,True
12151,Generic,True
12152,Generic,True
12153,Generic,True
12154,Generic,True
12155,DoS,True
12156,Generic,True
12157,Generic,True
12158,Generic,True
12159,Generic,True
12160,Generic,True
12161,Generic,True
12162,Generic,True
12163,DoS,True
12164,Generic,True
12165,Exploits,True
12166,Generic,True
12167,Generic,True
12168,Generic,True
12169,Generic,True
12170,Generic,True
12171,Generic,True
12172,Generic,True
12173,Generic,True
12174,Generic,True
12175,Generic,True
12176,Generic,True
12177,Generic,True
12178,Generic,True
12179,Generic,True
12180,Generic,True
12181,Generic,True
12182,Generic,True
12183,Generic,True
12184,Generic,True
12185,Generic,True
12186,Generic,True
12187,Generic,True
12188,Generic,True
12189,Generic,True
12190,Generic,True
12191,Generic,True
12192,Exploits,True
12193,Generic,True
12194,Generic,True
12195,Generic,True
12196,Generic,True
12197,Generic,True
12198,Generic,True
12199,Generic,True
12200,Generic,True
12201,Generic,True
12202,Generic,True
12203,Generic,True
12204,Generic,True
12205,Generic,True
12206,Generic,True
12207,Generic,True
12208,Generic,True
12209,Generic,True
12210,Generic,True
12211,Generic,True
12212,Generic,True
12213,Generic,True
12214,Generic,True
12215,Generic,True
12216,Generic,True
12217,Generic,True
12218,Generic,True
12219,Generic,True
12220,Generic,True
12221,Generic,True
12222,Generic,True
12223,Generic,True
12224,Generic,True
12225,Generic,True
12226,Generic,True
12227,Generic,True
12228,Generic,True
12229,Generic,True
12230,Reconnaissance,True
12231,Generic,True
12232,Generic,True
12233,Generic,True
12234,Generic,True
12235,Generic,True
12236,Generic,True
12237,Generic,True
12238,Generic,True
12239,Generic,True
12240,Generic,True
12241,Generic,True
12242,Generic,True
12243,Generic,True
12244,Generic,True
12245,Generic,True
12246,Generic,True
12247,Generic,True
12248,Generic,True
12249,Generic,True
12250,Generic,True
12251,Generic,True
12252,Generic,True
12253,Generic,True
12254,Generic,True
12255,Generic,True
12256,Generic,True
12257,Generic,True
12258,Generic,True
12259,Generic,True
12260,Generic,True
12261,Generic,True
12262,Generic,True
12263,Generic,True
12264,Reconnaissance,True
12265,Generic,True
12266,Generic,True
12267,Generic,True
12268,Generic,True
12269,DoS,True
12270,Generic,True
12271,Generic,True
12272,Generic,True
12273,Generic,True
12274,Generic,True
12275,DoS,True
12276,Generic,True
12277,Generic,True
12278,Generic,True
12279,Generic,True
12280,Generic,True
12281,Exploits,True
12282,Generic,True
12283,Generic,True
12284,Generic,True
12285,Generic,True
12286,Generic,True
12287,DoS,True
12288,Generic,True
12289,Generic,True
12290,Generic,True
12291,Generic,True
12292,Generic,True
12293,Generic,True
12294,Generic,True
12295,Generic,True
12296,Generic,True
12297,Generic,True
12298,Generic,True
12299,Generic,True
12300,Generic,True
12301,Generic,True
12302,Generic,True
12303,Generic,True
12304,Generic,True
12305,Generic,True
12306,Generic,True
12307,Reconnaissance,True
12308,Generic,True
12309,Generic,True
12310,Exploits,True
12311,Generic,True
12312,Generic,True
12313,Generic,True
12314,Generic,True
12315,Generic,True
12316,Generic,True
12317,Generic,True
12318,Generic,True
12319,Generic,True
12320,Generic,True
12321,Generic,True
12322,Generic,True
12323,Generic,True
12324,Generic,True
12325,Generic,True
12326,Generic,True
12327,DoS,True
12328,Generic,True
12329,Generic,True
12330,Generic,True
12331,Generic,True
12332,Generic,True
12333,Generic,True
12334,Generic,True
12335,Generic,True
12336,Generic,True
12337,Generic,True
12338,Generic,True
12339,Generic,True
12340,Generic,True
12341,Generic,True
12342,Generic,True
12343,Generic,True
12344,Reconnaissance,True
12345,Generic,True
12346,Generic,True
12347,Generic,True
12348,Generic,True
12349,Generic,True
12350,Generic,True
12351,Generic,True
12352,Generic,True
12353,Generic,True
12354,Generic,True
12355,Generic,True
12356,Generic,True
12357,Generic,True
12358,Generic,True
12359,Generic,True
12360,Generic,True
12361,Generic,True
12362,Generic,True
12363,Generic,True
12364,Shellcode,True
12365,Generic,True
12366,Generic,True
12367,Generic,True
12368,Generic,True
12369,Generic,True
12370,Generic,True
12371,Generic,True
12372,Generic,True
12373,Generic,True
12374,Generic,True
12375,Generic,True
12376,Generic,True
12377,Generic,True
12378,Generic,True
12379,Generic,True
12380,Generic,True
12381,Generic,True
12382,Generic,True
12383,Generic,True
12384,Generic,True
12385,Generic,True
12386,Generic,True
12387,Generic,True
12388,Generic,True
12389,Generic,True
12390,Generic,True
12391,Generic,True
12392,Generic,True
12393,Generic,True
12394,Generic,True
12395,Generic,True
12396,Generic,True
12397,Generic,True
12398,Generic,True
12399,Generic,True
12400,Generic,True
12401,Generic,True
12402,Generic,True
12403,Generic,True
12404,Generic,True
12405,Generic,True
12406,Generic,True
12407,Generic,True
12408,Generic,True
12409,Generic,True
12410,Generic,True
12411,Generic,True
12412,Generic,True
12413,Generic,True
12414,Generic,True
12415,Generic,True
12416,Generic,True
12417,Generic,True
12418,Generic,True
12419,Generic,True
12420,Generic,True
12421,Generic,True
12422,Generic,True
12423,Generic,True
12424,Generic,True
12425,Generic,True
12426,Generic,True
12427,Generic,True
12428,Generic,True
12429,Generic,True
12430,Generic,True
12431,Generic,True
12432,Generic,True
12433,Generic,True
12434,Generic,True
12435,Generic,True
12436,Generic,True
12437,Generic,True
12438,Generic,True
12439,Generic,True
12440,Generic,True
12441,Generic,True
12442,Generic,True
12443,Generic,True
12444,Generic,True
12445,Generic,True
12446,Generic,True
12447,Generic,True
12448,Generic,True
12449,Generic,True
12450,Generic,True
12451,Exploits,True
12452,Generic,True
12453,Generic,True
12454,Generic,True
12455,Generic,True
12456,Generic,True
12457,Generic,True
12458,Generic,True
12459,Generic,True
12460,DoS,True
12461,Generic,True
12462,Generic,True
12463,Generic,True
12464,Generic,True
12465,Generic,True
12466,DoS,True
12467,Generic,True
12468,Generic,True
12469,Generic,True
12470,Generic,True
12471,Generic,True
12472,Generic,True
12473,Generic,True
12474,Generic,True
12475,Generic,True
12476,Generic,True
12477,Generic,True
12478,Generic,True
12479,Generic,True
12480,Generic,True
12481,Generic,True
12482,Generic,True
12483,Generic,True
12484,Generic,True
12485,Generic,True
12486,Generic,True
12487,Generic,True
12488,Generic,True
12489,Generic,True
12490,Generic,True
12491,Generic,True
12492,Generic,True
12493,Generic,True
12494,Generic,True
12495,Generic,True
12496,DoS,True
12497,Generic,True
12498,Generic,True
12499,Generic,True
12500,Generic,True
12501,Generic,True
12502,Generic,True
12503,Generic,True
12504,Generic,True
12505,Generic,True
12506,Generic,True
12507,Generic,True
12508,Generic,True
12509,Generic,True
12510,Generic,True
12511,Generic,True
12512,Generic,True
12513,Generic,True
12514,Generic,True
12515,Generic,True
12516,Generic,True
12517,Generic,True
12518,Reconnaissance,True
12519,Generic,True
12520,Generic,True
12521,Generic,True
12522,Generic,True
12523,Generic,True
12524,Generic,True
12525,Generic,True
12526,Generic,True
12527,Generic,True
12528,Generic,True
12529,Generic,True
12530,Generic,True
12531,Generic,True
12532,Generic,True
12533,Generic,True
12534,Generic,True
12535,Generic,True
12536,Generic,True
12537,Generic,True
12538,Generic,True
12539,Generic,True
12540,Generic,True
12541,Generic,True
12542,Generic,True
12543,Generic,True
12544,Generic,True
12545,Generic,True
12546,Generic,True
12547,Generic,True
12548,Generic,True
12549,Generic,True
12550,Generic,True
12551,Generic,True
12552,Exploits,True
12553,Generic,True
12554,Generic,True
12555,Generic,True
12556,Generic,True
12557,Generic,True
12558,Generic,True
12559,Reconnaissance,True
12560,Generic,True
12561,Generic,True
12562,Generic,True
12563,Generic,True
12564,Generic,True
12565,Generic,True
12566,Generic,True
12567,Generic,True
12568,Generic,True
12569,Generic,True
12570,Generic,True
12571,Generic,True
12572,Generic,True
12573,Generic,True
12574,Generic,True
12575,Exploits,True
12576,Generic,True
12577,Generic,True
12578,Generic,True
12579,Generic,True
12580,Exploits,True
12581,Generic,True
12582,Generic,True
12583,Generic,True
12584,Generic,True
12585,Generic,True
12586,Generic,True
12587,Generic,True
12588,Generic,True
12589,Generic,True
12590,Generic,True
12591,Generic,True
12592,Generic,True
12593,Generic,True
12594,Generic,True
12595,Generic,True
12596,Generic,True
12597,Generic,True
12598,Generic,True
12599,Generic,True
12600,Generic,True
12601,Generic,True
12602,Generic,True
12603,Generic,True
12604,Generic,True
12605,Generic,True
12606,Reconnaissance,True
12607,Generic,True
12608,Generic,True
12609,Generic,True
12610,Generic,True
12611,Generic,True
12612,Generic,True
12613,Generic,True
12614,Generic,True
12615,Generic,True
12616,Generic,True
12617,Generic,True
12618,Generic,True
12619,Generic,True
12620,Generic,True
12621,Generic,True
12622,Generic,True
12623,Generic,True
12624,Generic,True
12625,Generic,True
12626,Generic,True
12627,Generic,True
12628,Generic,True
12629,Generic,True
12630,Generic,True
12631,Exploits,True
12632,Generic,True
12633,Generic,True
12634,Generic,True
12635,DoS,True
12636,DoS,True
12637,Generic,True
12638,Generic,True
12639,Generic,True
12640,Generic,True
12641,Generic,True
12642,Generic,True
12643,Generic,True
12644,Generic,True
12645,Generic,True
12646,Generic,True
12647,Generic,True
12648,Generic,True
12649,Generic,True
12650,Generic,True
12651,Generic,True
12652,Generic,True
12653,Generic,True
12654,Reconnaissance,True
12655,Generic,True
12656,Generic,True
12657,Generic,True
12658,Generic,True
12659,Generic,True
12660,Generic,True
12661,Generic,True
12662,Generic,True
12663,Generic,True
12664,Generic,True
12665,Generic,True
12666,Generic,True
12667,Generic,True
12668,Generic,True
12669,DoS,True
12670,Generic,True
12671,Generic,True
12672,Generic,True
12673,Generic,True
12674,Generic,True
12675,Generic,True
12676,Generic,True
12677,Generic,True
12678,Generic,True
12679,Generic,True
12680,Generic,True
12681,Generic,True
12682,Generic,True
12683,Generic,True
12684,Generic,True
12685,Generic,True
12686,Generic,True
12687,Generic,True
12688,Generic,True
12689,Generic,True
12690,Generic,True
12691,Generic,True
12692,Generic,True
12693,Generic,True
12694,Generic,True
12695,Generic,True
12696,Generic,True
12697,Generic,True
12698,Generic,True
12699,Generic,True
12700,Generic,True
12701,Generic,True
12702,Generic,True
12703,Generic,True
12704,Generic,True
12705,Generic,True
12706,Generic,True
12707,Generic,True
12708,Generic,True
12709,Generic,True
12710,Generic,True
12711,Generic,True
12712,Generic,True
12713,Generic,True
12714,Generic,True
12715,Generic,True
12716,Generic,True
12717,Reconnaissance,True
12718,Generic,True
12719,Generic,True
12720,Generic,True
12721,Generic,True
12722,Generic,True
12723,Generic,True
12724,Generic,True
12725,Generic,True
12726,Generic,True
12727,Generic,True
12728,Generic,True
12729,Generic,True
12730,Generic,True
12731,Generic,True
12732,Generic,True
12733,Generic,True
12734,Generic,True
12735,Generic,True
12736,Generic,True
12737,Generic,True
12738,Generic,True
12739,Generic,True
12740,Generic,True
12741,Generic,True
12742,Generic,True
12743,Generic,True
12744,Generic,True
12745,Generic,True
12746,Generic,True
12747,Generic,True
12748,Reconnaissance,True
12749,Generic,True
12750,Generic,True
12751,Generic,True
12752,Generic,True
12753,Generic,True
12754,Generic,True
12755,Generic,True
12756,Generic,True
12757,Generic,True
12758,Generic,True
12759,Generic,True
12760,Generic,True
12761,Generic,True
12762,Generic,True
12763,Generic,True
12764,Generic,True
12765,Generic,True
12766,Generic,True
12767,Reconnaissance,True
12768,Generic,True
12769,Generic,True
12770,Generic,True
12771,Generic,True
12772,Generic,True
12773,Generic,True
12774,Generic,True
12775,Generic,True
12776,Generic,True
12777,Generic,True
12778,Generic,True
12779,Generic,True
12780,Generic,True
12781,Generic,True
12782,Generic,True
12783,Generic,True
12784,Generic,True
12785,Generic,True
12786,Generic,True
12787,Generic,True
12788,Generic,True
12789,Generic,True
12790,Generic,True
12791,Generic,True
12792,Generic,True
12793,Generic,True
12794,Generic,True
12795,Generic,True
12796,Generic,True
12797,Generic,True
12798,Generic,True
12799,Generic,True
12800,Generic,True
12801,Generic,True
12802,Generic,True
12803,Reconnaissance,True
12804,Generic,True
12805,Generic,True
12806,Generic,True
12807,Generic,True
12808,Generic,True
12809,Generic,True
12810,Generic,True
12811,Generic,True
12812,Generic,True
12813,Generic,True
12814,Generic,True
12815,Generic,True
12816,Generic,True
12817,Generic,True
12818,Generic,True
12819,Generic,True
12820,Generic,True
12821,Generic,True
12822,Generic,True
12823,Generic,True
12824,Generic,True
12825,Generic,True
12826,Generic,True
12827,Generic,True
12828,Generic,True
12829,Generic,True
12830,Generic,True
12831,Generic,True
12832,Generic,True
12833,Generic,True
12834,Generic,True
12835,Generic,True
12836,Generic,True
12837,Generic,True
12838,Generic,True
12839,Generic,True
12840,Generic,True
12841,Generic,True
12842,Generic,True
12843,Generic,True
12844,Generic,True
12845,Generic,True
12846,Generic,True
12847,Generic,True
12848,Generic,True
12849,Generic,True
12850,Generic,True
12851,Generic,True
12852,Generic,True
12853,Generic,True
12854,Generic,True
12855,Generic,True
12856,Generic,True
12857,Generic,True
12858,Generic,True
12859,Generic,True
12860,Generic,True
12861,Generic,True
12862,Generic,True
12863,Generic,True
12864,Generic,True
12865,Generic,True
12866,Generic,True
12867,Generic,True
12868,Generic,True
12869,Generic,True
12870,Generic,True
12871,Generic,True
12872,Generic,True
12873,Generic,True
12874,Generic,True
12875,Generic,True
12876,Generic,True
12877,Generic,True
12878,Generic,True
12879,Generic,True
12880,Generic,True
12881,Generic,True
12882,Generic,True
12883,Generic,True
12884,Generic,True
12885,Generic,True
12886,Generic,True
12887,Generic,True
12888,Generic,True
12889,Generic,True
12890,Generic,True
12891,Generic,True
12892,Generic,True
12893,Generic,True
12894,Generic,True
12895,Generic,True
12896,Generic,True
12897,Generic,True
12898,Generic,True
12899,Generic,True
12900,Generic,True
12901,Reconnaissance,True
12902,Generic,True
12903,Generic,True
12904,Generic,True
12905,Generic,True
12906,Generic,True
12907,Generic,True
12908,Generic,True
12909,Generic,True
12910,Generic,True
12911,Generic,True
12912,Generic,True
12913,Generic,True
12914,Generic,True
12915,Generic,True
12916,Generic,True
12917,Generic,True
12918,Generic,True
12919,Generic,True
12920,Generic,True
12921,Generic,True
12922,Generic,True
12923,Generic,True
12924,Generic,True
12925,Generic,True
12926,DoS,True
12927,Generic,True
12928,Generic,True
12929,Generic,True
12930,DoS,True
12931,Generic,True
12932,Generic,True
12933,Generic,True
12934,Generic,True
12935,Exploits,True
12936,Generic,True
12937,Generic,True
12938,Generic,True
12939,Generic,True
12940,Exploits,True
12941,Generic,True
12942,Generic,True
12943,Generic,True
12944,Exploits,True
12945,Generic,True
12946,Generic,True
12947,Generic,True
12948,Generic,True
12949,Generic,True
12950,Exploits,True
12951,Generic,True
12952,Generic,True
12953,Generic,True
12954,Generic,True
12955,Generic,True
12956,Generic,True
12957,Generic,True
12958,Exploits,True
12959,Exploits,True
12960,Exploits,True
12961,Exploits,True
12962,Exploits,True
12963,Exploits,True
12964,Exploits,True
12965,Exploits,True
12966,DoS,True
12967,DoS,True
12968,DoS,True
12969,DoS,True
12970,DoS,True
12971,DoS,True
12972,DoS,True
12973,DoS,True
12974,Generic,True
12975,Generic,True
12976,Generic,True
12977,Generic,True
12978,Generic,True
12979,Generic,True
12980,Generic,True
12981,Generic,True
12982,Generic,True
12983,Generic,True
12984,Generic,True
12985,Generic,True
12986,Generic,True
12987,Generic,True
12988,Generic,True
12989,Generic,True
12990,Generic,True
12991,Generic,True
12992,Generic,True
12993,Generic,True
12994,Generic,True
12995,Generic,True
12996,Generic,True
12997,Generic,True
12998,Generic,True
12999,Generic,True
13000,Generic,True
13001,Generic,True
13002,Generic,True
13003,Generic,True
13004,Generic,True
13005,Generic,True
13006,Generic,True
13007,Generic,True
13008,Generic,True
13009,Generic,True
13010,Generic,True
13011,Generic,True
13012,Generic,True
13013,Generic,True
13014,Generic,True
13015,Generic,True
13016,Generic,True
13017,Generic,True
13018,Generic,True
13019,Generic,True
13020,Generic,True
13021,Generic,True
13022,Generic,True
13023,Generic,True
13024,Generic,True
13025,Generic,True
13026,Generic,True
13027,Generic,True
13028,Generic,True
13029,Generic,True
13030,Generic,True
13031,Generic,True
13032,Generic,True
13033,Generic,True
13034,Generic,True
13035,Generic,True
13036,Generic,True
13037,Generic,True
13038,Generic,True
13039,Generic,True
13040,Generic,True
13041,Generic,True
13042,Generic,True
13043,Generic,True
13044,Generic,True
13045,Generic,True
13046,Generic,True
13047,Generic,True
13048,Generic,True
13049,Generic,True
13050,Generic,True
13051,Generic,True
13052,Generic,True
13053,Generic,True
13054,Generic,True
13055,Generic,True
13056,Generic,True
13057,Generic,True
13058,Generic,True
13059,Generic,True
13060,Generic,True
13061,Generic,True
13062,Generic,True
13063,Generic,True
13064,Generic,True
13065,Generic,True
13066,Generic,True
13067,Generic,True
13068,Generic,True
13069,Generic,True
13070,Generic,True
13071,Generic,True
13072,Generic,True
13073,Generic,True
13074,Generic,True
13075,Generic,True
13076,Generic,True
13077,Generic,True
13078,Generic,True
13079,Generic,True
13080,Generic,True
13081,Generic,True
13082,Generic,True
13083,Generic,True
13084,Generic,True
13085,Generic,True
13086,Generic,True
13087,Generic,True
13088,Generic,True
13089,Generic,True
13090,Generic,True
13091,Generic,True
13092,Generic,True
13093,Generic,True
13094,Generic,True
13095,Generic,True
13096,Generic,True
13097,Generic,True
13098,Generic,True
13099,Generic,True
13100,Generic,True
13101,Generic,True
13102,Generic,True
13103,Generic,True
13104,Generic,True
13105,Generic,True
13106,Generic,True
13107,Generic,True
13108,Generic,True
13109,Generic,True
13110,Generic,True
13111,Generic,True
13112,Generic,True
13113,Generic,True
13114,Generic,True
13115,Generic,True
13116,Generic,True
13117,Generic,True
13118,Generic,True
13119,Generic,True
13120,Generic,True
13121,Generic,True
13122,Generic,True
13123,Generic,True
13124,DoS,True
13125,Generic,True
13126,Generic,True
13127,Generic,True
13128,Generic,True
13129,Generic,True
13130,Generic,True
13131,Generic,True
13132,Generic,True
13133,Generic,True
13134,Generic,True
13135,Generic,True
13136,Generic,True
13137,Generic,True
13138,Generic,True
13139,Generic,True
13140,Generic,True
13141,Generic,True
13142,DoS,True
13143,Generic,True
13144,Generic,True
13145,Generic,True
13146,Generic,True
13147,Generic,True
13148,Generic,True
13149,Generic,True
13150,Generic,True
13151,Generic,True
13152,Generic,True
13153,Generic,True
13154,Generic,True
13155,Generic,True
13156,Generic,True
13157,Generic,True
13158,Generic,True
13159,Generic,True
13160,Generic,True
13161,Generic,True
13162,Generic,True
13163,Generic,True
13164,Generic,True
13165,Generic,True
13166,Generic,True
13167,Generic,True
13168,Generic,True
13169,Generic,True
13170,Generic,True
13171,Generic,True
13172,Generic,True
13173,Generic,True
13174,Generic,True
13175,Generic,True
13176,Generic,True
13177,Generic,True
13178,Generic,True
13179,Generic,True
13180,Generic,True
13181,Generic,True
13182,DoS,True
13183,Generic,True
13184,Generic,True
13185,Generic,True
13186,Generic,True
13187,Generic,True
13188,Generic,True
13189,Generic,True
13190,Generic,True
13191,Generic,True
13192,Generic,True
13193,DoS,True
13194,Generic,True
13195,Generic,True
13196,Generic,True
13197,Generic,True
13198,Generic,True
13199,Generic,True
13200,Generic,True
13201,Generic,True
13202,Generic,True
13203,Generic,True
13204,Generic,True
13205,Generic,True
13206,Generic,True
13207,Generic,True
13208,Generic,True
13209,Generic,True
13210,Generic,True
13211,Generic,True
13212,Generic,True
13213,Generic,True
13214,Generic,True
13215,Generic,True
13216,Generic,True
13217,Generic,True
13218,Generic,True
13219,Generic,True
13220,Generic,True
13221,DoS,True
13222,Generic,True
13223,Generic,True
13224,Generic,True
13225,Generic,True
13226,Generic,True
13227,Generic,True
13228,Generic,True
13229,Generic,True
13230,Generic,True
13231,Generic,True
13232,Generic,True
13233,Generic,True
13234,Generic,True
13235,Generic,True
13236,Generic,True
13237,Generic,True
13238,Generic,True
13239,Generic,True
13240,Generic,True
13241,Generic,True
13242,Generic,True
13243,Generic,True
13244,Generic,True
13245,Generic,True
13246,Generic,True
13247,Generic,True
13248,Generic,True
13249,Generic,True
13250,Generic,True
13251,Generic,True
13252,Generic,True
13253,Generic,True
13254,Generic,True
13255,Generic,True
13256,Generic,True
13257,Generic,True
13258,Generic,True
13259,Generic,True
13260,Generic,True
13261,Generic,True
13262,Generic,True
13263,Generic,True
13264,Generic,True
13265,Generic,True
13266,Generic,True
13267,Generic,True
13268,Generic,True
13269,Generic,True
13270,Generic,True
13271,Generic,True
13272,Generic,True
13273,Generic,True
13274,Generic,True
13275,Generic,True
13276,Generic,True
13277,Generic,True
13278,Generic,True
13279,Generic,True
13280,Generic,True
13281,Generic,True
13282,Generic,True
13283,Generic,True
13284,Generic,True
13285,Generic,True
13286,Generic,True
13287,Generic,True
13288,Generic,True
13289,Generic,True
13290,Generic,True
13291,Generic,True
13292,Generic,True
13293,Generic,True
13294,Generic,True
13295,Generic,True
13296,Generic,True
13297,Generic,True
13298,Generic,True
13299,Generic,True
13300,Generic,True
13301,Generic,True
13302,Generic,True
13303,Generic,True
13304,Generic,True
13305,Generic,True
13306,Generic,True
13307,Generic,True
13308,Generic,True
13309,Generic,True
13310,Generic,True
13311,Generic,True
13312,Generic,True
13313,Generic,True
13314,Generic,True
13315,Generic,True
13316,Generic,True
13317,Generic,True
13318,Generic,True
13319,Generic,True
13320,Generic,True
13321,Generic,True
13322,Generic,True
13323,Generic,True
13324,Generic,True
13325,Generic,True
13326,Generic,True
13327,Generic,True
13328,Generic,True
13329,Generic,True
13330,Generic,True
13331,Generic,True
13332,Generic,True
13333,Generic,True
13334,Generic,True
13335,Generic,True
13336,Generic,True
13337,Generic,True
13338,Generic,True
13339,Generic,True
13340,Generic,True
13341,Generic,True
13342,Generic,True
13343,Generic,True
13344,Generic,True
13345,Generic,True
13346,Generic,True
13347,Generic,True
13348,Generic,True
13349,Generic,True
13350,Generic,True
13351,Generic,True
13352,Generic,True
13353,Generic,True
13354,Generic,True
13355,Generic,True
13356,Generic,True
13357,Generic,True
13358,Generic,True
13359,Generic,True
13360,Generic,True
13361,Generic,True
13362,Generic,True
13363,Generic,True
13364,Generic,True
13365,Generic,True
13366,Generic,True
13367,Generic,True
13368,Generic,True
13369,Generic,True
13370,Generic,True
13371,Generic,True
13372,Generic,True
13373,Generic,True
13374,Generic,True
13375,Generic,True
13376,Generic,True
13377,Generic,True
13378,Generic,True
13379,Generic,True
13380,Generic,True
13381,Generic,True
13382,Generic,True
13383,Generic,True
13384,Generic,True
13385,Generic,True
13386,Generic,True
13387,DoS,True
13388,Generic,True
13389,Generic,True
13390,Generic,True
13391,Generic,True
13392,Generic,True
13393,Generic,True
13394,Generic,True
13395,Generic,True
13396,Generic,True
13397,Generic,True
13398,DoS,True
13399,Generic,True
13400,Generic,True
13401,Generic,True
13402,Generic,True
13403,Generic,True
13404,Generic,True
13405,Generic,True
13406,Generic,True
13407,Generic,True
13408,Generic,True
13409,Generic,True
13410,Generic,True
13411,Generic,True
13412,Generic,True
13413,Generic,True
13414,Generic,True
13415,Generic,True
13416,Generic,True
13417,Generic,True
13418,Generic,True
13419,Generic,True
13420,Generic,True
13421,Generic,True
13422,Generic,True
13423,Generic,True
13424,Generic,True
13425,Generic,True
13426,Generic,True
13427,Generic,True
13428,Generic,True
13429,Generic,True
13430,Generic,True
13431,Generic,True
13432,Generic,True
13433,Generic,True
13434,Generic,True
13435,Generic,True
13436,Generic,True
13437,Generic,True
13438,Generic,True
13439,Generic,True
13440,Generic,True
13441,Generic,True
13442,Generic,True
13443,Generic,True
13444,Generic,True
13445,Generic,True
13446,Generic,True
13447,Generic,True
13448,Generic,True
13449,Generic,True
13450,Generic,True
13451,Generic,True
13452,Generic,True
13453,Generic,True
13454,Generic,True
13455,Generic,True
13456,Generic,True
13457,Generic,True
13458,Generic,True
13459,Generic,True
13460,Generic,True
13461,Generic,True
13462,Generic,True
13463,Generic,True
13464,Generic,True
13465,Generic,True
13466,Generic,True
13467,Generic,True
13468,Generic,True
13469,Generic,True
13470,Generic,True
13471,Generic,True
13472,Generic,True
13473,Generic,True
13474,Generic,True
13475,Generic,True
13476,Generic,True
13477,Generic,True
13478,Generic,True
13479,Generic,True
13480,Generic,True
13481,Generic,True
13482,Generic,True
13483,Generic,True
13484,Generic,True
13485,Generic,True
13486,Generic,True
13487,Generic,True
13488,Generic,True
13489,Generic,True
13490,Generic,True
13491,Generic,True
13492,Generic,True
13493,Generic,True
13494,Generic,True
13495,Generic,True
13496,Generic,True
13497,Generic,True
13498,Generic,True
13499,Generic,True
13500,Generic,True
13501,Generic,True
13502,Generic,True
13503,Generic,True
13504,Generic,True
13505,Generic,True
13506,Generic,True
13507,Generic,True
13508,Generic,True
13509,Generic,True
13510,Generic,True
13511,Generic,True
13512,Generic,True
13513,Generic,True
13514,Generic,True
13515,Generic,True
13516,Generic,True
13517,DoS,True
13518,Generic,True
13519,Generic,True
13520,Generic,True
13521,Generic,True
13522,Generic,True
13523,Generic,True
13524,Generic,True
13525,Generic,True
13526,Generic,True
13527,Generic,True
13528,Generic,True
13529,Generic,True
13530,Generic,True
13531,Generic,True
13532,Generic,True
13533,Generic,True
13534,Generic,True
13535,Generic,True
13536,Generic,True
13537,Generic,True
13538,Generic,True
13539,Generic,True
13540,Generic,True
13541,Generic,True
13542,Generic,True
13543,Generic,True
13544,Generic,True
13545,Generic,True
13546,Generic,True
13547,Generic,True
13548,Generic,True
13549,Generic,True
13550,Generic,True
13551,Generic,True
13552,Generic,True
13553,Generic,True
13554,Generic,True
13555,Generic,True
13556,Generic,True
13557,Generic,True
13558,Generic,True
13559,Generic,True
13560,Generic,True
13561,Generic,True
13562,Generic,True
13563,Generic,True
13564,Generic,True
13565,Generic,True
13566,Generic,True
13567,Generic,True
13568,Generic,True
13569,Generic,True
13570,Generic,True
13571,Generic,True
13572,Generic,True
13573,Generic,True
13574,Generic,True
13575,Generic,True
13576,Generic,True
13577,Generic,True
13578,Generic,True
13579,Generic,True
13580,Generic,True
13581,Generic,True
13582,Generic,True
13583,Generic,True
13584,Generic,True
13585,Generic,True
13586,Generic,True
13587,Generic,True
13588,DoS,True
13589,Generic,True
13590,Generic,True
13591,Generic,True
13592,Generic,True
13593,Generic,True
13594,Generic,True
13595,Generic,True
13596,Generic,True
13597,Generic,True
13598,Generic,True
13599,Generic,True
13600,Generic,True
13601,Generic,True
13602,Generic,True
13603,Generic,True
13604,Generic,True
13605,Generic,True
13606,Generic,True
13607,Generic,True
13608,Generic,True
13609,Generic,True
13610,Generic,True
13611,Generic,True
13612,Generic,True
13613,Generic,True
13614,Generic,True
13615,Generic,True
13616,Generic,True
13617,Generic,True
13618,Generic,True
13619,Generic,True
13620,Generic,True
13621,Generic,True
13622,Generic,True
13623,Generic,True
13624,Generic,True
13625,Generic,True
13626,Generic,True
13627,Generic,True
13628,Generic,True
13629,Generic,True
13630,Generic,True
13631,Generic,True
13632,DoS,True
13633,Generic,True
13634,Generic,True
13635,Generic,True
13636,Generic,True
13637,Generic,True
13638,Generic,True
13639,Generic,True
13640,Generic,True
13641,Generic,True
13642,Generic,True
13643,Generic,True
13644,Generic,True
13645,Generic,True
13646,Generic,True
13647,Generic,True
13648,Generic,True
13649,Generic,True
13650,Generic,True
13651,Generic,True
13652,Generic,True
13653,Generic,True
13654,Generic,True
13655,Generic,True
13656,Generic,True
13657,Generic,True
13658,Generic,True
13659,Generic,True
13660,Generic,True
13661,Generic,True
13662,Generic,True
13663,Generic,True
13664,Generic,True
13665,Generic,True
13666,Generic,True
13667,Generic,True
13668,Generic,True
13669,Generic,True
13670,Generic,True
13671,Generic,True
13672,Generic,True
13673,Generic,True
13674,Generic,True
13675,Generic,True
13676,Generic,True
13677,Generic,True
13678,Generic,True
13679,Generic,True
13680,Generic,True
13681,Generic,True
13682,Generic,True
13683,Generic,True
13684,Generic,True
13685,Generic,True
13686,DoS,True
13687,Generic,True
13688,Generic,True
13689,Generic,True
13690,Generic,True
13691,Generic,True
13692,Generic,True
13693,Generic,True
13694,Generic,True
13695,Generic,True
13696,DoS,True
13697,Generic,True
13698,Generic,True
13699,Generic,True
13700,Generic,True
13701,Generic,True
13702,Generic,True
13703,Generic,True
13704,Generic,True
13705,Generic,True
13706,Generic,True
13707,Generic,True
13708,Generic,True
13709,Generic,True
13710,Generic,True
13711,Generic,True
13712,Generic,True
13713,Generic,True
13714,Generic,True
13715,Generic,True
13716,Generic,True
13717,Generic,True
13718,Generic,True
13719,Generic,True
13720,Generic,True
13721,Generic,True
13722,Generic,True
13723,Generic,True
13724,DoS,True
13725,Generic,True
13726,Generic,True
13727,Generic,True
13728,Generic,True
13729,Generic,True
13730,Generic,True
13731,Generic,True
13732,Generic,True
13733,Generic,True
13734,Generic,True
13735,Generic,True
13736,Generic,True
13737,Generic,True
13738,Generic,True
13739,Generic,True
13740,Generic,True
13741,Generic,True
13742,Generic,True
13743,Generic,True
13744,Generic,True
13745,Generic,True
13746,Generic,True
13747,Generic,True
13748,Generic,True
13749,Generic,True
13750,Generic,True
13751,Generic,True
13752,Generic,True
13753,Generic,True
13754,Generic,True
13755,Generic,True
13756,Generic,True
13757,Generic,True
13758,Generic,True
13759,Generic,True
13760,Generic,True
13761,Generic,True
13762,Generic,True
13763,Generic,True
13764,Generic,True
13765,Generic,True
13766,Generic,True
13767,Generic,True
13768,Generic,True
13769,Generic,True
13770,Generic,True
13771,Generic,True
13772,Generic,True
13773,Generic,True
13774,Generic,True
13775,Generic,True
13776,Generic,True
13777,Generic,True
13778,Generic,True
13779,Generic,True
13780,Generic,True
13781,Generic,True
13782,Generic,True
13783,Generic,True
13784,Generic,True
13785,Generic,True
13786,Generic,True
13787,Generic,True
13788,Generic,True
13789,Generic,True
13790,Generic,True
13791,Generic,True
13792,Generic,True
13793,Generic,True
13794,Generic,True
13795,Generic,True
13796,Generic,True
13797,Generic,True
13798,Generic,True
13799,Generic,True
13800,Generic,True
13801,Generic,True
13802,Generic,True
13803,Generic,True
13804,Generic,True
13805,Generic,True
13806,Generic,True
13807,Generic,True
13808,Generic,True
13809,Generic,True
13810,Generic,True
13811,Generic,True
13812,Generic,True
13813,Generic,True
13814,Generic,True
13815,Generic,True
13816,Generic,True
13817,Generic,True
13818,Generic,True
13819,Generic,True
13820,Generic,True
13821,Generic,True
13822,Generic,True
13823,Generic,True
13824,Generic,True
13825,Generic,True
13826,Generic,True
13827,Generic,True
13828,Generic,True
13829,Generic,True
13830,Generic,True
13831,Generic,True
13832,Generic,True
13833,Generic,True
13834,Generic,True
13835,Generic,True
13836,Generic,True
13837,Generic,True
13838,Generic,True
13839,Generic,True
13840,Generic,True
13841,Generic,True
13842,Generic,True
13843,Generic,True
13844,Generic,True
13845,Generic,True
13846,Generic,True
13847,Generic,True
13848,Generic,True
13849,Generic,True
13850,Generic,True
13851,Generic,True
13852,Generic,True
13853,Generic,True
13854,Generic,True
13855,Generic,True
13856,Generic,True
13857,Generic,True
13858,Generic,True
13859,Generic,True
13860,Generic,True
13861,Generic,True
13862,Generic,True
13863,Generic,True
13864,Generic,True
13865,Generic,True
13866,Generic,True
13867,Generic,True
13868,Generic,True
13869,Generic,True
13870,Generic,True
13871,Generic,True
13872,Generic,True
13873,Generic,True
13874,Generic,True
13875,Generic,True
13876,Generic,True
13877,Generic,True
13878,Generic,True
13879,Generic,True
13880,Generic,True
13881,Generic,True
13882,Generic,True
13883,Generic,True
13884,Generic,True
13885,Generic,True
13886,Generic,True
13887,Generic,True
13888,Generic,True
13889,Generic,True
13890,Generic,True
13891,Generic,True
13892,Generic,True
13893,Generic,True
13894,Generic,True
13895,Generic,True
13896,Generic,True
13897,Generic,True
13898,Generic,True
13899,Generic,True
13900,Generic,True
13901,Generic,True
13902,Generic,True
13903,Generic,True
13904,Generic,True
13905,Generic,True
13906,Generic,True
13907,Generic,True
13908,Generic,True
13909,Generic,True
13910,Generic,True
13911,Generic,True
13912,Generic,True
13913,Generic,True
13914,Generic,True
13915,Generic,True
13916,Generic,True
13917,Generic,True
13918,Generic,True
13919,Generic,True
13920,Generic,True
13921,Generic,True
13922,Generic,True
13923,Generic,True
13924,Generic,True
13925,Generic,True
13926,Generic,True
13927,Generic,True
13928,Generic,True
13929,Generic,True
13930,Generic,True
13931,Generic,True
13932,Generic,True
13933,Generic,True
13934,Generic,True
13935,Generic,True
13936,Generic,True
13937,Generic,True
13938,Generic,True
13939,Generic,True
13940,Generic,True
13941,Generic,True
13942,Generic,True
13943,Generic,True
13944,Generic,True
13945,Generic,True
13946,Generic,True
13947,Generic,True
13948,Generic,True
13949,Generic,True
13950,Generic,True
13951,Generic,True
13952,Generic,True
13953,Generic,True
13954,Generic,True
13955,Generic,True
13956,Generic,True
13957,Generic,True
13958,Generic,True
13959,Generic,True
13960,Generic,True
13961,Generic,True
13962,Generic,True
13963,Generic,True
13964,Generic,True
13965,Generic,True
13966,Generic,True
13967,Generic,True
13968,Generic,True
13969,Generic,True
13970,Generic,True
13971,Generic,True
13972,Generic,True
13973,Generic,True
13974,Generic,True
13975,Generic,True
13976,Generic,True
13977,Generic,True
13978,Generic,True
13979,Generic,True
13980,Generic,True
13981,Generic,True
13982,Generic,True
13983,Generic,True
13984,Generic,True
13985,Generic,True
13986,Generic,True
13987,Generic,True
13988,Generic,True
13989,Generic,True
13990,Generic,True
13991,Generic,True
13992,Generic,True
13993,Generic,True
13994,Generic,True
13995,Generic,True
13996,Generic,True
13997,Generic,True
13998,Generic,True
13999,Generic,True
14000,Generic,True
14001,Generic,True
14002,Generic,True
14003,Generic,True
14004,Generic,True
14005,Generic,True
14006,Generic,True
14007,Generic,True
14008,Generic,True
14009,Generic,True
14010,Generic,True
14011,Generic,True
14012,Generic,True
14013,Generic,True
14014,Generic,True
14015,Generic,True
14016,Generic,True
14017,Generic,True
14018,Generic,True
14019,Generic,True
14020,Generic,True
14021,Generic,True
14022,Generic,True
14023,Generic,True
14024,Generic,True
14025,Generic,True
14026,Generic,True
14027,Generic,True
14028,Generic,True
14029,Generic,True
14030,Generic,True
14031,Generic,True
14032,Generic,True
14033,Generic,True
14034,Generic,True
14035,Generic,True
14036,Generic,True
14037,Generic,True
14038,Generic,True
14039,Generic,True
14040,Generic,True
14041,Generic,True
14042,Generic,True
14043,Generic,True
14044,Generic,True
14045,Generic,True
14046,Generic,True
14047,Generic,True
14048,Generic,True
14049,Generic,True
14050,Generic,True
14051,Generic,True
14052,Generic,True
14053,Generic,True
14054,Generic,True
14055,Generic,True
14056,Generic,True
14057,Generic,True
14058,Generic,True
14059,Generic,True
14060,Generic,True
14061,Generic,True
14062,Generic,True
14063,Generic,True
14064,Generic,True
14065,Generic,True
14066,Generic,True
14067,Generic,True
14068,Generic,True
14069,Generic,True
14070,Generic,True
14071,Generic,True
14072,Generic,True
14073,Generic,True
14074,Generic,True
14075,Generic,True
14076,Generic,True
14077,Generic,True
14078,Generic,True
14079,Generic,True
14080,Generic,True
14081,Generic,True
14082,Generic,True
14083,Generic,True
14084,Generic,True
14085,Generic,True
14086,Generic,True
14087,Generic,True
14088,Generic,True
14089,Generic,True
14090,Generic,True
14091,Generic,True
14092,Generic,True
14093,Generic,True
14094,Generic,True
14095,Generic,True
14096,Generic,True
14097,Generic,True
14098,Generic,True
14099,Generic,True
14100,Generic,True
14101,Generic,True
14102,Generic,True
14103,Generic,True
14104,Generic,True
14105,Generic,True
14106,Generic,True
14107,Generic,True
14108,Generic,True
14109,Generic,True
14110,Generic,True
14111,Generic,True
14112,Generic,True
14113,Generic,True
14114,Generic,True
14115,Generic,True
14116,Generic,True
14117,Generic,True
14118,Generic,True
14119,Generic,True
14120,Generic,True
14121,Generic,True
14122,Generic,True
14123,Generic,True
14124,Generic,True
14125,Generic,True
14126,Generic,True
14127,Generic,True
14128,Generic,True
14129,Generic,True
14130,Generic,True
14131,Generic,True
14132,Generic,True
14133,Generic,True
14134,Generic,True
14135,Generic,True
14136,Generic,True
14137,Generic,True
14138,Generic,True
14139,Generic,True
14140,Generic,True
14141,Generic,True
14142,Generic,True
14143,Generic,True
14144,Generic,True
14145,Generic,True
14146,Generic,True
14147,Generic,True
14148,Generic,True
14149,Generic,True
14150,Generic,True
14151,Generic,True
14152,Generic,True
14153,Generic,True
14154,Generic,True
14155,Generic,True
14156,Generic,True
14157,Generic,True
14158,Generic,True
14159,Generic,True
14160,Generic,True
14161,Generic,True
14162,Generic,True
14163,Generic,True
14164,Generic,True
14165,Generic,True
14166,Generic,True
14167,Generic,True
14168,Generic,True
14169,Generic,True
14170,Generic,True
14171,Generic,True
14172,Generic,True
14173,Generic,True
14174,Generic,True
14175,Generic,True
14176,Generic,True
14177,Generic,True
14178,Generic,True
14179,Generic,True
14180,Generic,True
14181,Generic,True
14182,Generic,True
14183,Generic,True
14184,Generic,True
14185,Generic,True
14186,Generic,True
14187,Generic,True
14188,Generic,True
14189,Generic,True
14190,Generic,True
14191,Generic,True
14192,Generic,True
14193,Generic,True
14194,Generic,True
14195,Generic,True
14196,Generic,True
14197,Generic,True
14198,Generic,True
14199,Generic,True
14200,Generic,True
14201,Generic,True
14202,Generic,True
14203,Generic,True
14204,Generic,True
14205,Generic,True
14206,Generic,True
14207,Generic,True
14208,Generic,True
14209,Generic,True
14210,Generic,True
14211,Generic,True
14212,Generic,True
14213,Generic,True
14214,Generic,True
14215,Generic,True
14216,Generic,True
14217,Generic,True
14218,Generic,True
14219,Generic,True
14220,Generic,True
14221,Generic,True
14222,Generic,True
14223,Generic,True
14224,Generic,True
14225,Generic,True
14226,Generic,True
14227,Generic,True
14228,Generic,True
14229,Generic,True
14230,Generic,True
14231,Generic,True
14232,Generic,True
14233,Generic,True
14234,Generic,True
14235,Generic,True
14236,Generic,True
14237,Generic,True
14238,Generic,True
14239,Generic,True
14240,Generic,True
14241,Generic,True
14242,Generic,True
14243,Generic,True
14244,Generic,True
14245,Generic,True
14246,Generic,True
14247,Generic,True
14248,Generic,True
14249,Generic,True
14250,Generic,True
14251,Generic,True
14252,Generic,True
14253,Generic,True
14254,Generic,True
14255,Generic,True
14256,Generic,True
14257,Generic,True
14258,Generic,True
14259,Generic,True
14260,Generic,True
14261,Generic,True
14262,Generic,True
14263,Generic,True
14264,Generic,True
14265,Generic,True
14266,Generic,True
14267,Generic,True
14268,Generic,True
14269,Generic,True
14270,Generic,True
14271,Generic,True
14272,Generic,True
14273,Generic,True
14274,Generic,True
14275,Generic,True
14276,Generic,True
14277,Generic,True
14278,Generic,True
14279,Generic,True
14280,Generic,True
14281,Generic,True
14282,Generic,True
14283,Generic,True
14284,Generic,True
14285,Generic,True
14286,Generic,True
14287,Generic,True
14288,Generic,True
14289,Generic,True
14290,Generic,True
14291,Generic,True
14292,Generic,True
14293,Generic,True
14294,Generic,True
14295,Generic,True
14296,Generic,True
14297,Generic,True
14298,Generic,True
14299,Generic,True
14300,Generic,True
14301,Generic,True
14302,Generic,True
14303,Generic,True
14304,Generic,True
14305,Generic,True
14306,Generic,True
14307,Generic,True
14308,Generic,True
14309,Generic,True
14310,Generic,True
14311,Generic,True
14312,Generic,True
14313,Generic,True
14314,Generic,True
14315,Generic,True
14316,Generic,True
14317,Generic,True
14318,Generic,True
14319,Generic,True
14320,Generic,True
14321,Generic,True
14322,Generic,True
14323,Generic,True
14324,Generic,True
14325,Generic,True
14326,Generic,True
14327,Generic,True
14328,Generic,True
14329,Generic,True
14330,Generic,True
14331,Generic,True
14332,Generic,True
14333,Generic,True
14334,Generic,True
14335,Generic,True
14336,Generic,True
14337,Generic,True
14338,Generic,True
14339,Generic,True
14340,Generic,True
14341,Generic,True
14342,Generic,True
14343,Generic,True
14344,Generic,True
14345,Generic,True
14346,Generic,True
14347,Generic,True
14348,Generic,True
14349,Generic,True
14350,Generic,True
14351,Generic,True
14352,Generic,True
14353,Generic,True
14354,Generic,True
14355,Generic,True
14356,Generic,True
14357,Generic,True
14358,Generic,True
14359,Generic,True
14360,Generic,True
14361,Generic,True
14362,Generic,True
14363,Generic,True
14364,Generic,True
14365,Generic,True
14366,Generic,True
14367,Generic,True
14368,Generic,True
14369,Generic,True
14370,Generic,True
14371,Generic,True
14372,Generic,True
14373,Generic,True
14374,Generic,True
14375,Generic,True
14376,Generic,True
14377,Generic,True
14378,Generic,True
14379,Generic,True
14380,Generic,True
14381,Generic,True
14382,Generic,True
14383,Generic,True
14384,Generic,True
14385,Generic,True
14386,Generic,True
14387,Generic,True
14388,Generic,True
14389,Generic,True
14390,Generic,True
14391,Generic,True
14392,Generic,True
14393,Generic,True
14394,Generic,True
14395,Generic,True
14396,Generic,True
14397,Generic,True
14398,Generic,True
14399,Generic,True
14400,Generic,True
14401,Generic,True
14402,Generic,True
14403,Generic,True
14404,Generic,True
14405,Generic,True
14406,Generic,True
14407,Generic,True
14408,Generic,True
14409,Generic,True
14410,Generic,True
14411,Generic,True
14412,Generic,True
14413,Generic,True
14414,Generic,True
14415,Generic,True
14416,Generic,True
14417,Generic,True
14418,Generic,True
14419,Generic,True
14420,Generic,True
14421,Generic,True
14422,Generic,True
14423,Generic,True
14424,Generic,True
14425,Generic,True
14426,Generic,True
14427,Generic,True
14428,Generic,True
14429,Generic,True
14430,Generic,True
14431,Generic,True
14432,Generic,True
14433,Generic,True
14434,Generic,True
14435,Generic,True
14436,Generic,True
14437,Generic,True
14438,Generic,True
14439,Generic,True
14440,Generic,True
14441,Generic,True
14442,Generic,True
14443,Generic,True
14444,Generic,True
14445,Generic,True
14446,Generic,True
14447,Generic,True
14448,Generic,True
14449,Generic,True
14450,Generic,True
14451,Generic,True
14452,Generic,True
14453,Generic,True
14454,Generic,True
14455,Generic,True
14456,Generic,True
14457,Generic,True
14458,Generic,True
14459,Generic,True
14460,Generic,True
14461,Generic,True
14462,Generic,True
14463,Generic,True
14464,Generic,True
14465,Generic,True
14466,Generic,True
14467,Generic,True
14468,Generic,True
14469,Generic,True
14470,Generic,True
14471,Generic,True
14472,Generic,True
14473,Generic,True
14474,Generic,True
14475,Generic,True
14476,Generic,True
14477,Generic,True
14478,Generic,True
14479,Generic,True
14480,Generic,True
14481,Generic,True
14482,Generic,True
14483,Generic,True
14484,Generic,True
14485,Generic,True
14486,Generic,True
14487,Generic,True
14488,Generic,True
14489,Generic,True
14490,Generic,True
14491,Generic,True
14492,Generic,True
14493,Generic,True
14494,Generic,True
14495,Generic,True
14496,Generic,True
14497,Generic,True
14498,Generic,True
14499,Generic,True
14500,Generic,True
14501,Generic,True
14502,Generic,True
14503,Generic,True
14504,Generic,True
14505,Generic,True
14506,Generic,True
14507,Generic,True
14508,Generic,True
14509,Generic,True
14510,Generic,True
14511,Generic,True
14512,Generic,True
14513,Generic,True
14514,Generic,True
14515,Generic,True
14516,Generic,True
14517,Generic,True
14518,Generic,True
14519,Generic,True
14520,Generic,True
14521,Generic,True
14522,Generic,True
14523,Generic,False
14524,Generic,True
14525,Generic,True
14526,Generic,True
14527,Generic,True
14528,Generic,True
14529,Generic,True
14530,Generic,True
14531,Generic,True
14532,Generic,True
14533,Generic,True
14534,Generic,True
14535,Generic,True
14536,Generic,True
14537,Generic,True
14538,Generic,True
14539,Generic,True
14540,Generic,True
14541,Generic,True
14542,Generic,True
14543,Generic,True
14544,Generic,True
14545,Generic,True
14546,Generic,True
14547,Generic,True
14548,Generic,True
14549,Generic,True
14550,Generic,True
14551,Generic,True
14552,Generic,True
14553,Generic,True
14554,Generic,True
14555,Generic,True
14556,Generic,True
14557,Generic,True
14558,Generic,True
14559,Generic,True
14560,Generic,True
14561,Generic,True
14562,Generic,True
14563,Generic,True
14564,Generic,True
14565,Generic,True
14566,Generic,True
14567,Generic,True
14568,Generic,True
14569,Generic,True
14570,Generic,True
14571,Generic,True
14572,Generic,True
14573,Generic,True
14574,Generic,True
14575,Generic,True
14576,Generic,True
14577,Generic,True
14578,Generic,True
14579,Generic,True
14580,Generic,True
14581,Generic,True
14582,Generic,True
14583,Generic,True
14584,Generic,True
14585,Generic,True
14586,Generic,True
14587,Generic,True
14588,Generic,True
14589,Generic,True
14590,Generic,True
14591,Generic,True
14592,Generic,True
14593,Generic,True
14594,Generic,True
14595,Generic,True
14596,Generic,True
14597,Generic,True
14598,Generic,True
14599,Generic,True
14600,Generic,True
14601,Generic,True
14602,Generic,True
14603,Generic,True
14604,Generic,True
14605,Generic,True
14606,Generic,True
14607,Generic,True
14608,Generic,True
14609,Generic,True
14610,Generic,True
14611,Generic,True
14612,Generic,True
14613,Generic,True
14614,Generic,True
14615,Generic,True
14616,Generic,True
14617,Generic,True
14618,Generic,True
14619,Generic,True
14620,Generic,True
14621,Generic,True
14622,Generic,True
14623,Generic,True
14624,Generic,True
14625,Generic,True
14626,Generic,True
14627,Generic,True
14628,Generic,True
14629,Generic,True
14630,Generic,True
14631,Generic,True
14632,Generic,True
14633,Generic,True
14634,Generic,True
14635,Generic,True
14636,Generic,True
14637,Generic,True
14638,Generic,True
14639,Generic,True
14640,Generic,True
14641,Generic,True
14642,Generic,True
14643,Generic,True
14644,Generic,True
14645,Generic,True
14646,Generic,True
14647,Generic,True
14648,Generic,True
14649,Generic,True
14650,Generic,True
14651,Generic,True
14652,Generic,True
14653,Generic,True
14654,Generic,True
14655,Generic,True
14656,Generic,True
14657,Generic,True
14658,Generic,True
14659,Generic,True
14660,Generic,True
14661,Generic,True
14662,Generic,True
14663,Generic,True
14664,Generic,True
14665,Generic,True
14666,Generic,True
14667,Generic,True
14668,Generic,True
14669,Generic,True
14670,Generic,True
14671,Generic,True
14672,Generic,True
14673,Generic,True
14674,Generic,True
14675,Generic,True
14676,Generic,True
14677,Generic,True
14678,Generic,True
14679,Generic,True
14680,Generic,True
14681,Generic,True
14682,Generic,True
14683,Generic,True
14684,Generic,True
14685,Generic,True
14686,Generic,True
14687,Generic,True
14688,Generic,True
14689,Generic,True
14690,Generic,True
14691,Generic,True
14692,Generic,True
14693,Generic,True
14694,Generic,True
14695,Generic,True
14696,Generic,True
14697,Generic,True
14698,Generic,True
14699,Generic,True
14700,Generic,True
14701,Generic,True
14702,Generic,True
14703,Generic,True
14704,Generic,True
14705,Generic,True
14706,Generic,True
14707,Generic,True
14708,Generic,True
14709,Generic,True
14710,Generic,True
14711,Generic,True
14712,Generic,True
14713,Generic,True
14714,Generic,True
14715,Generic,True
14716,Generic,True
14717,Generic,True
14718,Generic,True
14719,Generic,True
14720,Generic,True
14721,Generic,True
14722,Generic,True
14723,Generic,True
14724,Generic,True
14725,Generic,True
14726,Generic,True
14727,Generic,True
14728,Generic,True
14729,Generic,True
14730,Generic,True
14731,Generic,True
14732,Generic,True
14733,Generic,True
14734,Generic,True
14735,Generic,True
14736,Generic,True
14737,Generic,True
14738,Generic,True
14739,Generic,True
14740,Generic,True
14741,Generic,True
14742,Generic,True
14743,Generic,True
14744,Generic,True
14745,Generic,True
14746,Generic,True
14747,Generic,True
14748,Generic,True
14749,Generic,True
14750,Generic,True
14751,Generic,True
14752,Generic,True
14753,Generic,True
14754,Generic,True
14755,Generic,True
14756,Generic,True
14757,Generic,True
14758,Generic,True
14759,Generic,True
14760,Generic,True
14761,Generic,True
14762,Generic,True
14763,Generic,True
14764,Generic,True
14765,Generic,True
14766,Generic,True
14767,Generic,True
14768,Generic,True
14769,Generic,True
14770,Generic,True
14771,Generic,True
14772,Generic,True
14773,Generic,True
14774,Generic,True
14775,Generic,True
14776,Generic,True
14777,Generic,True
14778,Generic,True
14779,Generic,True
14780,Generic,True
14781,Generic,True
14782,Generic,True
14783,Generic,True
14784,Generic,True
14785,Generic,True
14786,Generic,True
14787,Generic,True
14788,Generic,True
14789,Generic,True
14790,Generic,True
14791,Generic,True
14792,Generic,True
14793,Generic,True
14794,Generic,True
14795,Generic,True
14796,Generic,True
14797,Generic,True
14798,Generic,True
14799,Generic,True
14800,Generic,True
14801,Generic,True
14802,Generic,True
14803,Generic,True
14804,Generic,True
14805,Generic,True
14806,Generic,True
14807,Generic,True
14808,Generic,True
14809,Generic,True
14810,Generic,True
14811,Generic,True
14812,Generic,True
14813,Generic,True
14814,Generic,True
14815,Generic,True
14816,Generic,True
14817,Generic,True
14818,Generic,True
14819,Generic,True
14820,Generic,True
14821,Generic,True
14822,Generic,True
14823,Generic,True
14824,Generic,True
14825,Generic,True
14826,Generic,True
14827,Generic,True
14828,Generic,True
14829,Generic,True
14830,Generic,True
14831,Generic,True
14832,Generic,True
14833,Generic,True
14834,Generic,True
14835,Generic,True
14836,Generic,True
14837,Generic,True
14838,Generic,True
14839,Generic,True
14840,Generic,True
14841,Generic,True
14842,Generic,True
14843,Generic,True
14844,Generic,True
14845,Generic,True
14846,Generic,True
14847,Generic,True
14848,Generic,True
14849,Generic,True
14850,Generic,True
14851,Generic,True
14852,Generic,True
14853,Generic,True
14854,Generic,True
14855,Generic,True
14856,Generic,True
14857,Generic,True
14858,Generic,True
14859,Generic,True
14860,Generic,True
14861,Generic,True
14862,Generic,True
14863,Generic,True
14864,Generic,True
14865,Generic,True
14866,Generic,True
14867,Generic,True
14868,Generic,True
14869,Generic,True
14870,Generic,True
14871,Generic,True
14872,Generic,True
14873,Generic,True
14874,Generic,True
14875,Generic,True
14876,Generic,True
14877,Generic,True
14878,Generic,True
14879,Generic,True
14880,Generic,True
14881,Generic,True
14882,Generic,True
14883,Generic,True
14884,Generic,True
14885,Generic,True
14886,Generic,True
14887,Generic,True
14888,Generic,True
14889,Generic,True
14890,Generic,True
14891,Generic,True
14892,Generic,True
14893,Generic,True
14894,Generic,True
14895,Generic,True
14896,Generic,True
14897,Generic,True
14898,Generic,True
14899,Generic,True
14900,Generic,True
14901,Generic,True
14902,Generic,True
14903,Generic,True
14904,Generic,True
14905,Generic,True
14906,Generic,True
14907,Generic,True
14908,Generic,True
14909,Generic,True
14910,Generic,True
14911,Generic,True
14912,Generic,True
14913,Generic,True
14914,Generic,True
14915,Generic,True
14916,Generic,True
14917,Generic,True
14918,Generic,True
14919,Generic,True
14920,Generic,True
14921,Generic,True
14922,Generic,True
14923,Generic,True
14924,Generic,True
14925,Generic,True
14926,Generic,True
14927,Generic,True
14928,Generic,True
14929,Generic,True
14930,Generic,True
14931,Generic,True
14932,Generic,True
14933,Generic,True
14934,Generic,True
14935,Generic,True
14936,Generic,True
14937,Generic,True
14938,Generic,True
14939,Generic,True
14940,Generic,True
14941,Generic,True
14942,Generic,True
14943,Generic,True
14944,Generic,True
14945,Generic,True
14946,Generic,True
14947,Generic,True
14948,Generic,True
14949,Generic,True
14950,Generic,True
14951,Generic,True
14952,Generic,True
14953,Generic,True
14954,Generic,True
14955,Generic,True
14956,Generic,True
14957,Generic,True
14958,Generic,True
14959,Generic,True
14960,Generic,True
14961,Generic,True
14962,Generic,True
14963,Generic,True
14964,Generic,True
14965,Generic,True
14966,Generic,True
14967,Generic,True
14968,Generic,True
14969,Generic,True
14970,Generic,True
14971,Generic,True
14972,Generic,True
14973,Generic,True
14974,Generic,True
14975,Generic,True
14976,Generic,True
14977,Generic,True
14978,Generic,True
14979,Generic,True
14980,Generic,True
14981,Generic,True
14982,Generic,True
14983,Generic,True
14984,Generic,True
14985,Generic,True
14986,Generic,True
14987,Generic,True
14988,Generic,True
14989,Generic,True
14990,Generic,True
14991,Generic,True
14992,Generic,True
14993,Generic,True
14994,Generic,True
14995,Generic,True
14996,Generic,True
14997,Generic,True
14998,Generic,True
14999,Generic,True
15000,Generic,True
15001,Generic,True
15002,Generic,True
15003,Generic,True
15004,Generic,True
15005,Generic,True
15006,Generic,True
15007,Generic,True
15008,Generic,True
15009,Generic,True
15010,Generic,True
15011,Generic,True
15012,Generic,True
15013,Generic,True
15014,Generic,True
15015,Generic,True
15016,Generic,True
15017,Generic,True
15018,Generic,True
15019,Generic,True
15020,Generic,True
15021,Generic,True
15022,Generic,True
15023,Generic,True
15024,Generic,True
15025,Generic,True
15026,Generic,True
15027,Generic,True
15028,Generic,True
15029,Generic,True
15030,Generic,True
15031,Generic,True
15032,Generic,True
15033,Generic,True
15034,Generic,True
15035,Generic,True
15036,Generic,True
15037,Generic,True
15038,Generic,True
15039,Generic,True
15040,Generic,True
15041,Generic,True
15042,Generic,True
15043,Generic,True
15044,Generic,True
15045,Generic,True
15046,Generic,True
15047,Generic,True
15048,Generic,True
15049,Generic,True
15050,Generic,True
15051,Generic,True
15052,Generic,True
15053,Generic,True
15054,Generic,True
15055,Generic,True
15056,Generic,True
15057,Generic,True
15058,Generic,True
15059,Generic,True
15060,Generic,True
15061,Generic,True
15062,Generic,True
15063,Generic,True
15064,Generic,True
15065,Generic,True
15066,Generic,True
15067,Generic,True
15068,Generic,True
15069,Generic,True
15070,Generic,True
15071,Generic,True
15072,Generic,True
15073,Generic,True
15074,Generic,True
15075,Generic,True
15076,Generic,True
15077,Generic,True
15078,Generic,True
15079,Generic,True
15080,Generic,True
15081,Generic,True
15082,Generic,True
15083,Generic,True
15084,Generic,True
15085,Generic,True
15086,Generic,True
15087,Generic,True
15088,Generic,True
15089,Generic,True
15090,Generic,True
15091,Generic,True
15092,Generic,True
15093,Generic,True
15094,Generic,True
15095,Generic,True
15096,Generic,True
15097,Generic,True
15098,Generic,True
15099,Generic,True
15100,Generic,True
15101,Generic,True
15102,Generic,True
15103,Generic,True
15104,Generic,True
15105,Generic,True
15106,Generic,True
15107,Generic,True
15108,Generic,True
15109,Generic,True
15110,Generic,True
15111,Generic,True
15112,Generic,True
15113,Generic,True
15114,Generic,True
15115,Generic,True
15116,Generic,True
15117,Generic,True
15118,Generic,True
15119,Generic,True
15120,Generic,True
15121,Generic,True
15122,Generic,True
15123,Generic,True
15124,Generic,True
15125,Generic,True
15126,Generic,True
15127,Generic,True
15128,Generic,True
15129,Generic,True
15130,Generic,True
15131,Generic,True
15132,Generic,True
15133,Generic,True
15134,Generic,True
15135,Generic,True
15136,Generic,True
15137,Generic,True
15138,Generic,True
15139,Generic,True
15140,Generic,True
15141,Generic,True
15142,Generic,True
15143,Generic,True
15144,Generic,True
15145,Generic,True
15146,Generic,True
15147,Generic,True
15148,Generic,True
15149,Generic,True
15150,Generic,True
15151,Generic,True
15152,Generic,True
15153,Generic,True
15154,Generic,True
15155,Generic,True
15156,Generic,True
15157,Generic,True
15158,Generic,True
15159,Generic,True
15160,Generic,True
15161,Generic,True
15162,Generic,True
15163,Generic,True
15164,Generic,True
15165,Generic,True
15166,Generic,True
15167,Generic,True
15168,Generic,True
15169,Generic,True
15170,Generic,True
15171,Generic,True
15172,Generic,True
15173,Generic,True
15174,Generic,True
15175,Generic,True
15176,Generic,True
15177,Generic,True
15178,Generic,True
15179,Generic,True
15180,Generic,True
15181,Generic,True
15182,Generic,True
15183,Generic,True
15184,Generic,True
15185,Generic,True
15186,Generic,True
15187,Generic,True
15188,Generic,True
15189,Generic,True
15190,Generic,True
15191,Generic,True
15192,Generic,True
15193,Generic,True
15194,Generic,True
15195,Generic,True
15196,Generic,True
15197,Generic,True
15198,Generic,True
15199,Generic,True
15200,Generic,True
15201,Generic,True
15202,Generic,True
15203,Generic,True
15204,Generic,True
15205,Generic,True
15206,Generic,True
15207,Generic,True
15208,Generic,True
15209,Generic,True
15210,Generic,True
15211,Generic,True
15212,Generic,True
15213,Generic,True
15214,Generic,True
15215,Generic,True
15216,Generic,True
15217,Generic,True
15218,Generic,True
15219,Generic,True
15220,Generic,True
15221,Generic,True
15222,Generic,True
15223,Generic,True
15224,Generic,True
15225,Generic,True
15226,Generic,True
15227,Generic,True
15228,Generic,True
15229,Generic,True
15230,Generic,True
15231,Generic,True
15232,Generic,True
15233,Generic,True
15234,Generic,True
15235,Generic,True
15236,Generic,True
15237,Generic,True
15238,Generic,True
15239,Generic,True
15240,Generic,True
15241,Generic,True
15242,Generic,True
15243,Generic,True
15244,Generic,True
15245,Generic,True
15246,Generic,True
15247,Generic,True
15248,Generic,True
15249,Generic,True
15250,Generic,True
15251,Generic,True
15252,Generic,True
15253,Generic,True
15254,Generic,True
15255,Generic,True
15256,Generic,True
15257,Generic,True
15258,Generic,True
15259,Generic,True
15260,Generic,True
15261,Generic,True
15262,Generic,True
15263,Generic,True
15264,Generic,True
15265,Generic,True
15266,Generic,True
15267,Generic,True
15268,Generic,True
15269,Generic,True
15270,Generic,True
15271,Generic,True
15272,Generic,True
15273,Generic,True
15274,Generic,True
15275,Generic,True
15276,Generic,True
15277,Generic,True
15278,Generic,True
15279,Generic,True
15280,Generic,True
15281,Generic,True
15282,Generic,True
15283,Generic,True
15284,Generic,True
15285,Generic,True
15286,Generic,True
15287,Generic,True
15288,Generic,True
15289,Generic,True
15290,Generic,True
15291,Generic,True
15292,Generic,True
15293,Generic,True
15294,Generic,True
15295,Generic,True
15296,Generic,True
15297,Generic,True
15298,Generic,True
15299,Generic,True
15300,Generic,True
15301,Generic,True
15302,Generic,True
15303,Generic,True
15304,Generic,True
15305,Generic,True
15306,Generic,True
15307,Generic,True
15308,Generic,True
15309,Generic,True
15310,Generic,True
15311,Generic,True
15312,Generic,True
15313,Generic,True
15314,Generic,True
15315,Generic,True
15316,Generic,True
15317,Generic,True
15318,Generic,True
15319,Generic,True
15320,Generic,True
15321,Generic,True
15322,Generic,True
15323,Generic,True
15324,Generic,True
15325,Generic,True
15326,Generic,True
15327,Generic,True
15328,Generic,True
15329,Generic,True
15330,Generic,True
15331,Generic,True
15332,Generic,True
15333,Generic,True
15334,Generic,True
15335,Generic,True
15336,Generic,True
15337,Generic,True
15338,Generic,True
15339,Generic,True
15340,Generic,True
15341,Generic,True
15342,Generic,True
15343,Generic,True
15344,Generic,True
15345,Generic,True
15346,Generic,True
15347,Generic,True
15348,Generic,True
15349,Generic,True
15350,Generic,True
15351,Generic,True
15352,Generic,True
15353,Generic,True
15354,Generic,True
15355,Generic,True
15356,Generic,True
15357,Generic,True
15358,Generic,True
15359,Generic,True
15360,Generic,True
15361,Generic,True
15362,Generic,True
15363,Generic,True
15364,Generic,True
15365,Generic,True
15366,Generic,True
15367,Generic,True
15368,Generic,True
15369,Generic,True
15370,Generic,True
15371,Generic,True
15372,Generic,True
15373,Generic,True
15374,Generic,True
15375,Generic,True
15376,Generic,True
15377,Generic,True
15378,Generic,True
15379,Generic,True
15380,Generic,True
15381,Generic,True
15382,Generic,True
15383,Generic,True
15384,Generic,True
15385,Generic,True
15386,Generic,True
15387,Generic,True
15388,Generic,True
15389,Generic,True
15390,Generic,True
15391,Generic,True
15392,Generic,True
15393,Generic,True
15394,Generic,True
15395,Generic,True
15396,Generic,True
15397,Generic,True
15398,Generic,True
15399,Generic,True
15400,Generic,True
15401,Generic,True
15402,Generic,True
15403,Generic,True
15404,Generic,True
15405,Generic,True
15406,Generic,True
15407,Generic,True
15408,Generic,True
15409,Generic,True
15410,Generic,True
15411,Generic,True
15412,Generic,True
15413,Generic,True
15414,Generic,True
15415,Generic,True
15416,Generic,True
15417,Generic,True
15418,Generic,True
15419,Generic,True
15420,Generic,True
15421,Generic,True
15422,Generic,True
15423,Generic,True
15424,Generic,True
15425,Generic,True
15426,Generic,True
15427,Generic,True
15428,Generic,True
15429,Generic,True
15430,Generic,True
15431,Generic,True
15432,Generic,True
15433,Generic,True
15434,Generic,True
15435,Generic,True
15436,Generic,True
15437,Generic,True
15438,Generic,True
15439,Generic,True
15440,Generic,True
15441,Generic,True
15442,Generic,True
15443,Generic,True
15444,Generic,True
15445,Generic,True
15446,Generic,True
15447,Generic,True
15448,Generic,True
15449,Generic,True
15450,Generic,True
15451,Generic,True
15452,Generic,True
15453,Generic,True
15454,Generic,True
15455,Generic,True
15456,Generic,True
15457,Generic,True
15458,Generic,True
15459,Generic,True
15460,Generic,True
15461,Generic,True
15462,Generic,True
15463,Generic,True
15464,Generic,True
15465,Generic,True
15466,Generic,True
15467,Generic,True
15468,Generic,True
15469,Generic,True
15470,Generic,True
15471,Generic,True
15472,Generic,True
15473,Generic,True
15474,Generic,True
15475,Generic,True
15476,Generic,True
15477,Generic,True
15478,Generic,True
15479,Generic,True
15480,Generic,True
15481,Generic,True
15482,Generic,True
15483,Generic,True
15484,Generic,True
15485,Generic,True
15486,Generic,True
15487,Generic,True
15488,Generic,True
15489,Generic,True
15490,Generic,True
15491,Generic,True
15492,Generic,True
15493,Generic,True
15494,Generic,True
15495,Generic,True
15496,Generic,True
15497,Generic,True
15498,Generic,True
15499,Generic,True
15500,Generic,True
15501,Generic,True
15502,Generic,True
15503,Generic,True
15504,Generic,True
15505,Generic,True
15506,Generic,True
15507,Generic,True
15508,Generic,True
15509,Generic,True
15510,Generic,True
15511,Generic,True
15512,Generic,True
15513,Generic,True
15514,Generic,True
15515,Generic,True
15516,Generic,True
15517,Generic,True
15518,Generic,True
15519,Generic,True
15520,Generic,True
15521,Generic,True
15522,Generic,True
15523,Generic,True
15524,Generic,True
15525,Generic,True
15526,Generic,True
15527,Generic,True
15528,Generic,True
15529,Generic,True
15530,Generic,True
15531,Generic,True
15532,Generic,True
15533,Generic,True
15534,Generic,True
15535,Generic,True
15536,Generic,True
15537,Generic,True
15538,Generic,True
15539,Generic,True
15540,Generic,True
15541,Generic,True
15542,Generic,True
15543,Generic,True
15544,Generic,True
15545,Generic,True
15546,Generic,True
15547,Generic,True
15548,Generic,True
15549,Generic,True
15550,Generic,True
15551,Generic,True
15552,Generic,True
15553,Generic,True
15554,Generic,True
15555,Generic,True
15556,Generic,True
15557,Generic,True
15558,Generic,True
15559,Generic,True
15560,Generic,True
15561,Generic,True
15562,Generic,True
15563,Generic,True
15564,Generic,True
15565,Generic,True
15566,Generic,True
15567,Generic,True
15568,Generic,True
15569,Generic,True
15570,Generic,True
15571,Generic,True
15572,Generic,True
15573,Generic,True
15574,Generic,True
15575,Generic,True
15576,Generic,True
15577,Generic,True
15578,Generic,True
15579,Generic,True
15580,Generic,True
15581,Generic,True
15582,Generic,True
15583,Generic,True
15584,Generic,True
15585,Generic,True
15586,Generic,True
15587,Generic,True
15588,Generic,True
15589,Generic,True
15590,Generic,True
15591,Generic,True
15592,Generic,True
15593,Generic,True
15594,Generic,True
15595,Generic,True
15596,Generic,True
15597,Generic,True
15598,Generic,True
15599,Generic,True
15600,Generic,True
15601,Generic,True
15602,Generic,True
15603,Generic,True
15604,Generic,True
15605,Generic,True
15606,Generic,True
15607,Generic,True
15608,Generic,True
15609,Generic,True
15610,Generic,True
15611,Generic,True
15612,Generic,True
15613,Generic,True
15614,Generic,True
15615,Generic,True
15616,Generic,True
15617,Generic,True
15618,Generic,True
15619,Generic,True
15620,Generic,True
15621,Generic,True
15622,Generic,True
15623,Generic,True
15624,Generic,True
15625,Generic,True
15626,Generic,True
15627,Generic,True
15628,Generic,True
15629,Generic,True
15630,Generic,True
15631,Generic,True
15632,Generic,True
15633,Generic,True
15634,Generic,True
15635,Generic,True
15636,Generic,True
15637,Generic,True
15638,Generic,True
15639,Generic,True
15640,Generic,True
15641,Generic,True
15642,Generic,True
15643,Generic,True
15644,Generic,True
15645,Generic,True
15646,Generic,True
15647,Generic,True
15648,Generic,True
15649,Generic,True
15650,Generic,True
15651,Generic,True
15652,Generic,True
15653,Generic,True
15654,Generic,True
15655,Generic,True
15656,Generic,True
15657,Generic,True
15658,Generic,True
15659,Generic,True
15660,Generic,True
15661,Generic,True
15662,Generic,True
15663,Generic,True
15664,Generic,True
15665,Generic,True
15666,Generic,True
15667,Generic,True
15668,Generic,True
15669,Generic,True
15670,Generic,True
15671,Generic,True
15672,Generic,True
15673,Generic,True
15674,Generic,True
15675,Generic,True
15676,Generic,True
15677,Generic,True
15678,Generic,True
15679,Generic,True
15680,Generic,True
15681,Generic,True
15682,Generic,True
15683,Generic,True
15684,Generic,True
15685,Generic,True
15686,Generic,True
15687,Generic,True
15688,Generic,True
15689,Generic,True
15690,Generic,True
15691,Generic,True
15692,Generic,True
15693,Generic,True
15694,Generic,True
15695,Generic,True
15696,Generic,True
15697,Generic,True
15698,Generic,True
15699,Generic,True
15700,Generic,True
15701,Generic,True
15702,Generic,True
15703,Generic,True
15704,Generic,True
15705,Generic,True
15706,Generic,True
15707,Generic,True
15708,Generic,True
15709,Generic,True
15710,Generic,True
15711,Generic,True
15712,Generic,True
15713,Generic,True
15714,Generic,True
15715,Generic,True
15716,Generic,True
15717,Generic,True
15718,Generic,True
15719,Generic,True
15720,Generic,True
15721,Generic,True
15722,Generic,True
15723,Generic,True
15724,Generic,True
15725,Generic,True
15726,Generic,True
15727,Generic,True
15728,Generic,True
15729,Generic,True
15730,Generic,True
15731,Generic,True
15732,Generic,True
15733,Generic,True
15734,Generic,True
15735,Generic,True
15736,Generic,True
15737,Generic,True
15738,Generic,True
15739,Generic,True
15740,Generic,True
15741,Generic,True
15742,Generic,True
15743,Generic,True
15744,Generic,True
15745,Generic,True
15746,Generic,True
15747,Generic,True
15748,Generic,True
15749,Generic,True
15750,Generic,True
15751,Generic,True
15752,Generic,True
15753,Generic,True
15754,Generic,True
15755,Generic,True
15756,Generic,True
15757,Generic,True
15758,Generic,True
15759,Generic,True
15760,Generic,True
15761,Generic,True
15762,Generic,True
15763,Generic,True
15764,Generic,True
15765,Generic,True
15766,Generic,True
15767,Generic,True
15768,Generic,True
15769,Generic,True
15770,Generic,True
15771,Generic,True
15772,Generic,True
15773,Generic,True
15774,Generic,True
15775,Generic,True
15776,Generic,True
15777,Generic,True
15778,Generic,True
15779,Generic,True
15780,Generic,True
15781,Generic,True
15782,Generic,True
15783,Generic,True
15784,Generic,True
15785,Generic,True
15786,Generic,True
15787,Generic,True
15788,Generic,True
15789,Generic,True
15790,Generic,True
15791,Generic,True
15792,Generic,True
15793,Generic,True
15794,Generic,True
15795,Generic,True
15796,Generic,True
15797,Generic,True
15798,Generic,True
15799,Generic,True
15800,Generic,True
15801,Generic,True
15802,Generic,True
15803,Generic,True
15804,Generic,True
15805,Generic,True
15806,Generic,True
15807,Generic,True
15808,Generic,True
15809,Generic,True
15810,Generic,True
15811,Generic,True
15812,Generic,True
15813,Generic,True
15814,Generic,True
15815,Generic,True
15816,Generic,True
15817,Generic,True
15818,Generic,True
15819,Generic,True
15820,Generic,True
15821,Generic,True
15822,Generic,True
15823,Generic,True
15824,Generic,True
15825,Generic,True
15826,Generic,True
15827,Generic,True
15828,Generic,True
15829,Generic,True
15830,Generic,True
15831,Generic,True
15832,Generic,True
15833,Generic,True
15834,Generic,True
15835,Generic,True
15836,Generic,True
15837,Generic,True
15838,Generic,True
15839,Generic,True
15840,Generic,True
15841,Generic,True
15842,Generic,True
15843,Generic,True
15844,Generic,True
15845,Generic,True
15846,Generic,True
15847,Generic,True
15848,Generic,True
15849,Generic,True
15850,Generic,True
15851,Generic,True
15852,Generic,True
15853,Generic,True
15854,Generic,True
15855,Generic,True
15856,Generic,True
15857,Generic,True
15858,Generic,True
15859,Generic,True
15860,Generic,True
15861,Generic,True
15862,Generic,True
15863,Generic,True
15864,Generic,True
15865,Generic,True
15866,Generic,True
15867,Generic,True
15868,Generic,True
15869,Generic,True
15870,Generic,True
15871,Generic,True
15872,Generic,True
15873,Generic,True
15874,Generic,True
15875,Generic,True
15876,Generic,True
15877,Generic,True
15878,Generic,True
15879,Generic,True
15880,Generic,True
15881,Generic,True
15882,Generic,True
15883,Generic,True
15884,Generic,True
15885,Generic,True
15886,Generic,True
15887,Generic,True
15888,Generic,True
15889,Generic,True
15890,Generic,True
15891,Generic,True
15892,Generic,True
15893,Generic,True
15894,Generic,True
15895,Generic,True
15896,Generic,True
15897,Generic,True
15898,Generic,True
15899,Generic,True
15900,Generic,True
15901,Generic,True
15902,Generic,True
15903,Generic,True
15904,Generic,True
15905,Generic,True
15906,Generic,True
15907,Generic,True
15908,Generic,True
15909,Generic,True
15910,Generic,True
15911,Generic,True
15912,Generic,True
15913,Generic,True
15914,Generic,True
15915,Generic,True
15916,Generic,True
15917,Generic,True
15918,Generic,True
15919,Generic,True
15920,Generic,True
15921,Generic,True
15922,Generic,True
15923,Generic,True
15924,Generic,True
15925,Generic,True
15926,Generic,True
15927,Generic,True
15928,Generic,True
15929,Generic,True
15930,Generic,True
15931,Generic,True
15932,Generic,True
15933,Generic,True
15934,Generic,True
15935,Generic,True
15936,Generic,True
15937,Generic,True
15938,Generic,True
15939,Generic,True
15940,Generic,True
15941,Generic,True
15942,Generic,True
15943,Generic,True
15944,Generic,True
15945,Generic,True
15946,Generic,True
15947,Generic,True
15948,Generic,True
15949,Generic,True
15950,Generic,True
15951,Generic,True
15952,Generic,True
15953,Generic,True
15954,Generic,True
15955,Generic,True
15956,Generic,True
15957,Generic,True
15958,Generic,True
15959,Generic,True
15960,Generic,True
15961,Generic,True
15962,Generic,True
15963,Generic,True
15964,Generic,True
15965,Generic,True
15966,Generic,True
15967,Generic,True
15968,Generic,True
15969,Generic,True
15970,Generic,True
15971,Generic,True
15972,Generic,True
15973,Generic,True
15974,Generic,True
15975,Generic,True
15976,Generic,True
15977,Generic,True
15978,Generic,True
15979,Generic,True
15980,Generic,True
15981,Generic,True
15982,Generic,True
15983,Generic,True
15984,Generic,True
15985,Generic,True
15986,Generic,True
15987,Generic,True
15988,Generic,True
15989,Generic,True
15990,Generic,True
15991,Generic,True
15992,Generic,True
15993,Generic,True
15994,Generic,True
15995,Generic,True
15996,Generic,True
15997,Generic,True
15998,Generic,True
15999,Generic,True
16000,Generic,True
16001,Generic,True
16002,Generic,True
16003,Generic,True
16004,Generic,True
16005,Generic,True
16006,Generic,True
16007,Generic,True
16008,Generic,True
16009,Generic,True
16010,Generic,True
16011,Generic,True
16012,Generic,True
16013,Generic,True
16014,Generic,True
16015,Generic,True
16016,Generic,True
16017,Generic,True
16018,Generic,True
16019,Generic,True
16020,Generic,True
16021,Generic,True
16022,Generic,True
16023,Generic,True
16024,Generic,True
16025,Generic,True
16026,Generic,True
16027,Generic,True
16028,Generic,True
16029,Generic,True
16030,Generic,True
16031,Generic,True
16032,Generic,True
16033,Generic,True
16034,Generic,True
16035,Generic,True
16036,Generic,True
16037,Generic,True
16038,Generic,True
16039,Generic,True
16040,Generic,True
16041,Generic,True
16042,Generic,True
16043,Generic,True
16044,Generic,True
16045,Generic,True
16046,Generic,True
16047,Generic,True
16048,Generic,True
16049,Generic,True
16050,Generic,True
16051,Generic,True
16052,Generic,True
16053,Generic,True
16054,Generic,True
16055,Generic,True
16056,Generic,True
16057,Generic,True
16058,Generic,True
16059,Generic,True
16060,Generic,True
16061,Generic,True
16062,Generic,True
16063,Generic,True
16064,Generic,True
16065,Generic,True
16066,Generic,True
16067,Generic,True
16068,Generic,True
16069,Generic,True
16070,Generic,True
16071,Generic,True
16072,Generic,True
16073,Generic,True
16074,Generic,True
16075,Generic,True
16076,Generic,True
16077,Generic,True
16078,Generic,True
16079,Generic,True
16080,Generic,True
16081,Generic,True
16082,Generic,True
16083,Generic,True
16084,Generic,True
16085,Generic,True
16086,Generic,True
16087,Generic,True
16088,Generic,True
16089,Generic,True
16090,Generic,True
16091,Generic,True
16092,Generic,True
16093,Generic,True
16094,Generic,True
16095,Generic,True
16096,Generic,True
16097,Generic,True
16098,Generic,True
16099,Generic,True
16100,Generic,True
16101,Generic,True
16102,Generic,True
16103,Generic,True
16104,Generic,True
16105,Generic,True
16106,Generic,True
16107,Generic,True
16108,Generic,True
16109,Generic,True
16110,Generic,True
16111,Generic,True
16112,Generic,True
16113,Generic,True
16114,Generic,True
16115,Generic,True
16116,Generic,True
16117,Generic,True
16118,Generic,True
16119,Generic,True
16120,Generic,True
16121,Generic,True
16122,Generic,True
16123,Generic,True
16124,Generic,True
16125,Generic,True
16126,Generic,True
16127,Generic,True
16128,Generic,True
16129,Generic,True
16130,Generic,True
16131,Generic,True
16132,Generic,True
16133,Generic,True
16134,Generic,True
16135,Generic,True
16136,Generic,True
16137,Generic,True
16138,Generic,True
16139,Generic,True
16140,Generic,True
16141,Generic,True
16142,Generic,True
16143,Generic,True
16144,Generic,True
16145,Generic,True
16146,Generic,True
16147,Generic,True
16148,Generic,True
16149,Generic,True
16150,Generic,True
16151,Generic,True
16152,Generic,True
16153,Generic,True
16154,Generic,True
16155,Generic,True
16156,Generic,True
16157,Generic,True
16158,Generic,True
16159,Generic,True
16160,Generic,True
16161,Generic,True
16162,Generic,True
16163,Generic,True
16164,Generic,True
16165,Generic,True
16166,Generic,True
16167,Generic,True
16168,Generic,True
16169,Generic,True
16170,Generic,True
16171,Generic,True
16172,Generic,True
16173,Generic,True
16174,Generic,True
16175,Generic,True
16176,Generic,True
16177,Generic,True
16178,Generic,True
16179,Generic,True
16180,Generic,True
16181,Generic,True
16182,Generic,True
16183,Generic,True
16184,Generic,True
16185,Generic,True
16186,Generic,True
16187,Generic,True
16188,Generic,True
16189,Generic,True
16190,Generic,True
16191,Generic,True
16192,Generic,True
16193,Generic,True
16194,Generic,True
16195,Generic,True
16196,Generic,True
16197,Generic,True
16198,Generic,True
16199,Generic,True
16200,Generic,True
16201,Generic,True
16202,Generic,True
16203,Generic,True
16204,Generic,True
16205,Generic,True
16206,Generic,True
16207,Generic,True
16208,Generic,True
16209,Generic,True
16210,Generic,True
16211,Generic,True
16212,Generic,True
16213,Generic,True
16214,Generic,True
16215,Generic,True
16216,Generic,True
16217,Generic,True
16218,Generic,True
16219,Generic,True
16220,Generic,True
16221,Generic,True
16222,Generic,True
16223,Generic,True
16224,Generic,True
16225,Generic,True
16226,Generic,True
16227,Generic,True
16228,Generic,True
16229,Generic,True
16230,Generic,True
16231,Generic,True
16232,Generic,True
16233,Generic,True
16234,Generic,True
16235,Generic,True
16236,Generic,True
16237,Generic,True
16238,Generic,True
16239,Generic,True
16240,Generic,True
16241,Generic,True
16242,Generic,True
16243,Generic,True
16244,Generic,True
16245,Generic,True
16246,Generic,True
16247,Generic,True
16248,Generic,True
16249,Generic,True
16250,Generic,True
16251,Generic,True
16252,Generic,True
16253,Generic,True
16254,Generic,True
16255,Generic,True
16256,Generic,True
16257,Generic,True
16258,Generic,True
16259,Generic,True
16260,Generic,True
16261,Generic,True
16262,Generic,True
16263,Generic,True
16264,Generic,True
16265,Generic,True
16266,Generic,True
16267,Generic,True
16268,Generic,True
16269,Generic,True
16270,Generic,True
16271,Generic,True
16272,Generic,True
16273,Generic,True
16274,Generic,True
16275,Generic,True
16276,Generic,True
16277,Generic,True
16278,Generic,True
16279,Generic,True
16280,Generic,True
16281,Generic,True
16282,Generic,True
16283,Generic,True
16284,Generic,True
16285,Generic,True
16286,Generic,True
16287,Generic,True
16288,Generic,True
16289,Generic,True
16290,Generic,True
16291,Generic,True
16292,Generic,True
16293,Generic,True
16294,Generic,True
16295,Generic,True
16296,Generic,True
16297,Generic,True
16298,Generic,True
16299,Generic,True
16300,Generic,True
16301,Generic,True
16302,Generic,True
16303,Generic,True
16304,Generic,True
16305,Generic,True
16306,Generic,True
16307,Generic,True
16308,Generic,True
16309,Generic,True
16310,Generic,True
16311,Generic,True
16312,Generic,True
16313,Generic,True
16314,Generic,True
16315,Generic,True
16316,Generic,True
16317,Generic,True
16318,Generic,True
16319,Generic,True
16320,Generic,True
16321,Generic,True
16322,Generic,True
16323,Generic,True
16324,Generic,True
16325,Generic,True
16326,Generic,True
16327,Generic,True
16328,Generic,True
16329,Generic,True
16330,Generic,True
16331,Generic,True
16332,Generic,True
16333,Generic,True
16334,Generic,True
16335,Generic,True
16336,Generic,True
16337,Generic,True
16338,Generic,True
16339,Generic,True
16340,Generic,True
16341,Generic,True
16342,Generic,True
16343,Generic,True
16344,Generic,True
16345,Generic,True
16346,Generic,True
16347,Generic,True
16348,Generic,True
16349,Generic,True
16350,Generic,True
16351,Generic,True
16352,Generic,True
16353,Generic,True
16354,Generic,True
16355,Generic,True
16356,Generic,True
16357,Generic,True
16358,Generic,True
16359,Generic,True
16360,Generic,True
16361,Generic,True
16362,Generic,True
16363,Generic,True
16364,Generic,True
16365,Generic,True
16366,Generic,True
16367,Generic,True
16368,Generic,True
16369,Generic,True
16370,Generic,True
16371,Generic,True
16372,Generic,True
16373,Generic,True
16374,Generic,True
16375,Generic,True
16376,Generic,True
16377,Generic,True
16378,Generic,True
16379,Generic,True
16380,Generic,True
16381,Generic,True
16382,Generic,True
16383,Generic,True
16384,Generic,True
16385,Generic,True
16386,Generic,True
16387,Generic,True
16388,Generic,True
16389,Generic,True
16390,Generic,True
16391,Generic,True
16392,Generic,True
16393,Generic,True
16394,Generic,True
16395,Generic,True
16396,Generic,True
16397,Generic,True
16398,Generic,True
16399,Generic,True
16400,Generic,True
16401,Generic,True
16402,Generic,True
16403,Generic,True
16404,Generic,True
16405,Generic,True
16406,Generic,True
16407,Generic,True
16408,Generic,True
16409,Generic,True
16410,Generic,True
16411,Generic,True
16412,Generic,True
16413,Generic,True
16414,Generic,True
16415,Generic,True
16416,Generic,True
16417,Generic,True
16418,Generic,True
16419,Generic,True
16420,Generic,True
16421,Generic,True
16422,Generic,True
16423,Generic,True
16424,Generic,True
16425,Generic,True
16426,Generic,True
16427,Generic,True
16428,Generic,True
16429,Generic,True
16430,Generic,True
16431,Generic,True
16432,Generic,True
16433,Generic,True
16434,Generic,True
16435,Generic,True
16436,Generic,True
16437,Generic,True
16438,Generic,True
16439,Generic,True
16440,Generic,True
16441,Generic,True
16442,Generic,True
16443,Generic,True
16444,Generic,True
16445,Generic,True
16446,Generic,True
16447,Generic,True
16448,Generic,True
16449,Generic,True
16450,Generic,True
16451,Generic,True
16452,Generic,True
16453,Generic,True
16454,Generic,True
16455,Generic,True
16456,Generic,True
16457,Generic,True
16458,Generic,True
16459,Generic,True
16460,Generic,True
16461,Generic,True
16462,Generic,True
16463,Generic,True
16464,Generic,True
16465,Generic,True
16466,Generic,True
16467,Generic,True
16468,Generic,True
16469,Generic,True
16470,Generic,True
16471,Generic,True
16472,Generic,True
16473,Generic,True
16474,Generic,True
16475,Generic,True
16476,Generic,True
16477,Generic,True
16478,Generic,True
16479,Generic,True
16480,Generic,True
16481,Generic,True
16482,Generic,True
16483,Generic,True
16484,Generic,True
16485,Generic,True
16486,Generic,True
16487,Generic,True
16488,Generic,True
16489,Generic,True
16490,Generic,True
16491,Generic,True
16492,Generic,True
16493,Generic,True
16494,Generic,True
16495,Generic,True
16496,Generic,True
16497,Generic,True
16498,Generic,True
16499,Generic,True
16500,Generic,True
16501,Generic,True
16502,Generic,True
16503,Generic,True
16504,Generic,True
16505,Generic,True
16506,Generic,True
16507,Generic,True
16508,Generic,True
16509,Generic,True
16510,Generic,True
16511,Generic,True
16512,Generic,True
16513,Generic,True
16514,Generic,True
16515,Generic,True
16516,Generic,True
16517,Generic,True
16518,Generic,True
16519,Generic,True
16520,Generic,True
16521,Generic,True
16522,Generic,True
16523,Generic,True
16524,Generic,True
16525,Generic,True
16526,Generic,True
16527,Generic,True
16528,Generic,True
16529,Generic,True
16530,Generic,True
16531,Generic,True
16532,Generic,True
16533,Generic,True
16534,Generic,True
16535,Generic,True
16536,Generic,True
16537,Generic,True
16538,Generic,True
16539,Generic,True
16540,Generic,True
16541,Generic,True
16542,Generic,True
16543,Generic,True
16544,Generic,True
16545,Generic,True
16546,Generic,True
16547,Generic,True
16548,Generic,True
16549,Generic,True
16550,Generic,True
16551,Generic,True
16552,Generic,True
16553,Generic,True
16554,Generic,True
16555,Generic,True
16556,Generic,True
16557,Generic,True
16558,Generic,True
16559,Generic,True
16560,Generic,True
16561,Generic,True
16562,Generic,True
16563,Generic,True
16564,Generic,True
16565,Generic,True
16566,Generic,True
16567,Generic,True
16568,Generic,True
16569,Generic,True
16570,Generic,True
16571,Generic,True
16572,Generic,True
16573,Generic,True
16574,Generic,True
16575,Generic,True
16576,Generic,True
16577,Generic,True
16578,Generic,True
16579,Generic,True
16580,Generic,True
16581,Generic,True
16582,Generic,True
16583,Generic,True
16584,Generic,True
16585,Generic,True
16586,Generic,True
16587,Generic,True
16588,Generic,True
16589,Generic,True
16590,Generic,True
16591,Generic,True
16592,Generic,True
16593,Generic,True
16594,Generic,True
16595,Generic,True
16596,Generic,True
16597,Generic,True
16598,Generic,True
16599,Generic,True
16600,Generic,True
16601,Generic,True
16602,Generic,True
16603,Generic,True
16604,Generic,True
16605,Generic,True
16606,Generic,True
16607,Generic,True
16608,Generic,True
16609,Generic,True
16610,Generic,True
16611,Generic,True
16612,Generic,True
16613,Generic,True
16614,Generic,True
16615,Generic,True
16616,Generic,True
16617,Generic,True
16618,Generic,True
16619,Generic,True
16620,Generic,True
16621,Generic,True
16622,Generic,True
16623,Generic,True
16624,Generic,True
16625,Generic,True
16626,Generic,True
16627,Generic,True
16628,Generic,True
16629,Generic,True
16630,Generic,True
16631,Generic,True
16632,Generic,True
16633,Generic,True
16634,Generic,True
16635,Generic,True
16636,Generic,True
16637,Generic,True
16638,Generic,True
16639,Generic,True
16640,Generic,True
16641,Generic,True
16642,Generic,True
16643,Generic,True
16644,Generic,True
16645,Generic,True
16646,Generic,True
16647,Generic,True
16648,Generic,True
16649,Generic,True
16650,Generic,True
16651,Generic,True
16652,Generic,True
16653,Generic,True
16654,Generic,True
16655,Generic,True
16656,Generic,True
16657,Generic,True
16658,Generic,True
16659,Generic,True
16660,Generic,True
16661,Generic,True
16662,Generic,True
16663,Generic,True
16664,Generic,True
16665,Generic,True
16666,Generic,True
16667,Generic,True
16668,Generic,True
16669,Generic,True
16670,Generic,True
16671,Generic,True
16672,Generic,True
16673,Generic,True
16674,Generic,True
16675,Generic,True
16676,Generic,True
16677,Generic,True
16678,Generic,True
16679,Generic,True
16680,Generic,True
16681,Generic,True
16682,Generic,True
16683,Generic,True
16684,Generic,True
16685,Generic,True
16686,Generic,True
16687,Generic,True
16688,Generic,True
16689,Generic,True
16690,Generic,True
16691,Generic,True
16692,Generic,True
16693,Generic,True
16694,Generic,True
16695,Generic,True
16696,Generic,True
16697,Generic,True
16698,Generic,True
16699,Generic,True
16700,Generic,True
16701,Generic,True
16702,Generic,True
16703,Generic,True
16704,Generic,True
16705,Generic,True
16706,Generic,True
16707,Generic,True
16708,Generic,True
16709,Generic,True
16710,Generic,True
16711,Generic,True
16712,Generic,True
16713,Generic,True
16714,Generic,True
16715,Generic,True
16716,Generic,True
16717,Generic,True
16718,Generic,True
16719,Generic,True
16720,Generic,True
16721,Generic,True
16722,Generic,True
16723,Generic,True
16724,Generic,True
16725,Generic,True
16726,Generic,True
16727,Generic,True
16728,Generic,True
16729,Generic,True
16730,Generic,True
16731,Generic,True
16732,Generic,True
16733,Generic,True
16734,Generic,True
16735,Generic,True
16736,Generic,True
16737,Generic,True
16738,Generic,True
16739,Generic,True
16740,Generic,True
16741,Generic,True
16742,Generic,True
16743,Generic,True
16744,Generic,True
16745,Generic,True
16746,Generic,True
16747,Generic,True
16748,Generic,True
16749,Generic,True
16750,Generic,True
16751,Generic,True
16752,Generic,True
16753,Generic,True
16754,Generic,True
16755,Generic,True
16756,Generic,True
16757,Generic,True
16758,Generic,True
16759,Generic,True
16760,Generic,True
16761,Generic,True
16762,Generic,True
16763,Generic,True
16764,Generic,True
16765,Generic,True
16766,Generic,True
16767,Generic,True
16768,Generic,True
16769,Generic,True
16770,Generic,True
16771,Generic,True
16772,Generic,True
16773,Generic,True
16774,Generic,True
16775,Generic,True
16776,Generic,True
16777,Generic,True
16778,Generic,True
16779,Generic,True
16780,Generic,True
16781,Generic,True
16782,Generic,True
16783,Generic,True
16784,Generic,True
16785,Generic,True
16786,Generic,True
16787,Generic,True
16788,Generic,True
16789,Generic,True
16790,Generic,True
16791,Generic,True
16792,Generic,True
16793,Generic,True
16794,Generic,True
16795,Generic,True
16796,Generic,True
16797,Generic,True
16798,Generic,True
16799,Generic,True
16800,Generic,True
16801,Generic,True
16802,Generic,True
16803,Generic,True
16804,Generic,True
16805,Generic,True
16806,Generic,True
16807,Generic,True
16808,Generic,True
16809,Generic,True
16810,Generic,True
16811,Generic,True
16812,Generic,True
16813,Generic,True
16814,Generic,True
16815,Generic,True
16816,Generic,True
16817,Generic,True
16818,Generic,True
16819,Generic,True
16820,Generic,True
16821,Generic,True
16822,Generic,True
16823,Generic,True
16824,Generic,True
16825,Generic,True
16826,Generic,True
16827,Generic,True
16828,Generic,True
16829,Generic,True
16830,Generic,True
16831,Generic,True
16832,Generic,True
16833,Generic,True
16834,Generic,True
16835,Generic,True
16836,Generic,True
16837,Generic,True
16838,Generic,True
16839,Generic,True
16840,Generic,True
16841,Generic,True
16842,Generic,True
16843,Generic,True
16844,Generic,True
16845,Generic,True
16846,Generic,True
16847,Generic,True
16848,Generic,True
16849,Generic,True
16850,Generic,True
16851,Generic,True
16852,Generic,True
16853,Generic,True
16854,Generic,True
16855,Generic,True
16856,Generic,True
16857,Generic,True
16858,Generic,True
16859,Generic,True
16860,Generic,True
16861,Generic,True
16862,Generic,True
16863,Generic,True
16864,Generic,True
16865,Generic,True
16866,Generic,True
16867,Generic,True
16868,Generic,True
16869,Generic,True
16870,Generic,True
16871,Generic,True
16872,Generic,True
16873,Generic,True
16874,Generic,True
16875,Generic,True
16876,Generic,True
16877,Generic,True
16878,Generic,True
16879,Generic,True
16880,Generic,True
16881,Generic,True
16882,Generic,True
16883,Generic,True
16884,Generic,True
16885,Generic,True
16886,Generic,True
16887,Generic,True
16888,Generic,True
16889,Generic,True
16890,Generic,True
16891,Generic,True
16892,Generic,True
16893,Generic,True
16894,Generic,True
16895,Generic,True
16896,Generic,True
16897,Generic,True
16898,Generic,True
16899,Generic,True
16900,Generic,True
16901,Generic,True
16902,Generic,True
16903,Generic,True
16904,Generic,True
16905,Generic,True
16906,Generic,True
16907,Generic,True
16908,Generic,True
16909,Generic,True
16910,Generic,True
16911,Generic,True
16912,Generic,True
16913,Generic,True
16914,Generic,True
16915,Generic,True
16916,Generic,True
16917,Generic,True
16918,Generic,True
16919,Generic,True
16920,Generic,True
16921,Generic,True
16922,Generic,True
16923,Generic,True
16924,Generic,True
16925,Generic,True
16926,Generic,True
16927,Generic,True
16928,Generic,True
16929,Generic,True
16930,Generic,True
16931,Generic,True
16932,Generic,True
16933,Generic,True
16934,Generic,True
16935,Generic,True
16936,Generic,True
16937,Generic,True
16938,Generic,True
16939,Generic,True
16940,Generic,True
16941,Generic,True
16942,Generic,True
16943,Generic,True
16944,Generic,True
16945,Generic,True
16946,Generic,True
16947,Generic,True
16948,Generic,True
16949,Generic,True
16950,Generic,True
16951,Generic,True
16952,Generic,True
16953,Generic,True
16954,Generic,True
16955,Generic,True
16956,Generic,True
16957,Generic,True
16958,Generic,True
16959,Generic,True
16960,Generic,True
16961,Generic,True
16962,Generic,True
16963,Generic,True
16964,Generic,True
16965,Generic,True
16966,Generic,True
16967,Generic,True
16968,Generic,True
16969,Generic,True
16970,Generic,True
16971,Generic,True
16972,Generic,True
16973,Generic,True
16974,Generic,True
16975,Generic,True
16976,Generic,True
16977,Generic,True
16978,Generic,True
16979,Generic,True
16980,Generic,True
16981,Generic,True
16982,Generic,True
16983,Generic,True
16984,Generic,True
16985,Generic,True
16986,Generic,True
16987,Generic,True
16988,Generic,True
16989,Generic,True
16990,Generic,True
16991,Generic,True
16992,Generic,True
16993,Generic,True
16994,Generic,True
16995,Generic,True
16996,Generic,True
16997,Generic,True
16998,Generic,True
16999,Generic,True
17000,Generic,True
17001,Generic,True
17002,Generic,True
17003,Generic,True
17004,Generic,True
17005,Generic,True
17006,Generic,True
17007,Generic,True
17008,Generic,True
17009,Generic,True
17010,Generic,True
17011,Generic,True
17012,Generic,True
17013,Generic,True
17014,Generic,True
17015,Generic,True
17016,Generic,True
17017,Generic,True
17018,Generic,True
17019,Generic,True
17020,Generic,True
17021,Generic,True
17022,Generic,True
17023,Generic,True
17024,Generic,True
17025,Generic,True
17026,Generic,True
17027,Generic,True
17028,Generic,True
17029,Generic,True
17030,Generic,True
17031,Generic,True
17032,Generic,True
17033,Generic,True
17034,Generic,True
17035,Generic,True
17036,Generic,True
17037,Generic,True
17038,Generic,True
17039,Generic,True
17040,Generic,True
17041,Generic,True
17042,Generic,True
17043,Generic,True
17044,Generic,True
17045,Generic,True
17046,Generic,True
17047,Generic,True
17048,Generic,True
17049,Generic,True
17050,Generic,True
17051,Generic,True
17052,Generic,True
17053,Generic,True
17054,Generic,True
17055,Generic,True
17056,Generic,True
17057,Generic,True
17058,Generic,True
17059,Generic,True
17060,Generic,True
17061,Generic,True
17062,Generic,True
17063,Generic,True
17064,Generic,True
17065,Generic,True
17066,Generic,True
17067,Generic,True
17068,Generic,True
17069,Generic,True
17070,Generic,True
17071,Generic,True
17072,Generic,True
17073,Generic,True
17074,Generic,True
17075,Generic,True
17076,Generic,True
17077,Generic,True
17078,Generic,True
17079,Generic,True
17080,Generic,True
17081,Generic,True
17082,Generic,True
17083,Generic,True
17084,Generic,True
17085,Generic,True
17086,Generic,True
17087,Generic,True
17088,Generic,True
17089,Generic,True
17090,Generic,True
17091,Generic,True
17092,Generic,True
17093,Generic,True
17094,Generic,True
17095,Generic,True
17096,Generic,True
17097,Generic,True
17098,Generic,True
17099,Generic,True
17100,Generic,True
17101,Generic,True
17102,Generic,True
17103,Generic,True
17104,Generic,True
17105,Generic,True
17106,Generic,True
17107,Generic,True
17108,Generic,True
17109,Generic,True
17110,Generic,True
17111,Generic,True
17112,Generic,True
17113,Generic,True
17114,Generic,True
17115,Generic,True
17116,Generic,True
17117,Generic,True
17118,Generic,True
17119,Generic,True
17120,Generic,True
17121,Generic,True
17122,Generic,True
17123,Generic,True
17124,Generic,True
17125,Generic,True
17126,Generic,True
17127,Generic,True
17128,Generic,True
17129,Generic,True
17130,Generic,True
17131,Generic,True
17132,Generic,True
17133,Generic,True
17134,Generic,True
17135,Generic,True
17136,Generic,True
17137,Generic,True
17138,Generic,True
17139,Generic,True
17140,Generic,True
17141,Generic,True
17142,Generic,True
17143,Generic,True
17144,Generic,True
17145,Generic,True
17146,Generic,True
17147,Generic,True
17148,Generic,True
17149,Generic,True
17150,Generic,True
17151,Generic,True
17152,Generic,True
17153,Generic,True
17154,Generic,True
17155,Generic,True
17156,Generic,True
17157,Generic,True
17158,Generic,True
17159,Generic,True
17160,Generic,True
17161,Generic,True
17162,Generic,True
17163,Generic,True
17164,Generic,True
17165,Generic,True
17166,Generic,True
17167,Generic,True
17168,Generic,True
17169,Generic,True
17170,Generic,True
17171,Generic,True
17172,Generic,True
17173,Generic,True
17174,Generic,True
17175,Generic,True
17176,Generic,True
17177,Generic,True
17178,Generic,True
17179,Generic,True
17180,Generic,True
17181,Generic,True
17182,Generic,True
17183,Generic,True
17184,Generic,True
17185,Generic,True
17186,Generic,True
17187,Generic,True
17188,Generic,True
17189,Generic,True
17190,Generic,True
17191,Generic,True
17192,Generic,True
17193,Generic,True
17194,Generic,True
17195,Generic,True
17196,Generic,True
17197,Generic,True
17198,Generic,True
17199,Generic,True
17200,Generic,True
17201,Generic,True
17202,Generic,True
17203,Generic,True
17204,Generic,True
17205,Generic,True
17206,Generic,True
17207,Generic,True
17208,Generic,True
17209,Generic,True
17210,Generic,True
17211,Generic,True
17212,Generic,True
17213,Generic,True
17214,Generic,True
17215,Generic,True
17216,Generic,True
17217,Generic,True
17218,Generic,True
17219,Generic,True
17220,Generic,True
17221,Generic,True
17222,Generic,True
17223,Generic,True
17224,Generic,True
17225,Generic,True
17226,Generic,True
17227,Generic,True
17228,Generic,True
17229,Generic,True
17230,Generic,True
17231,Generic,True
17232,Generic,True
17233,Generic,True
17234,Generic,True
17235,Generic,True
17236,Generic,True
17237,Generic,True
17238,Generic,True
17239,Generic,True
17240,Generic,True
17241,Generic,True
17242,Generic,True
17243,Generic,True
17244,Generic,True
17245,Generic,True
17246,Generic,True
17247,Generic,True
17248,Generic,True
17249,Generic,True
17250,Generic,True
17251,Generic,True
17252,Generic,True
17253,Generic,True
17254,Generic,True
17255,Generic,True
17256,Generic,True
17257,Generic,True
17258,Generic,True
17259,Generic,True
17260,Generic,True
17261,Generic,True
17262,Generic,True
17263,Generic,True
17264,Generic,True
17265,Generic,True
17266,Generic,True
17267,Generic,True
17268,Generic,True
17269,Generic,True
17270,Generic,True
17271,Generic,True
17272,Generic,True
17273,Generic,True
17274,Generic,True
17275,Generic,True
17276,Generic,True
17277,Generic,True
17278,Generic,True
17279,Generic,True
17280,Generic,True
17281,Generic,True
17282,Generic,True
17283,Generic,True
17284,Generic,True
17285,Generic,True
17286,Generic,True
17287,Generic,True
17288,Generic,True
17289,Generic,True
17290,Generic,True
17291,Generic,True
17292,Generic,True
17293,Generic,True
17294,Generic,True
17295,Generic,True
17296,Generic,True
17297,Generic,True
17298,Generic,True
17299,Generic,True
17300,Generic,True
17301,Generic,True
17302,Generic,True
17303,Generic,True
17304,Generic,True
17305,Generic,True
17306,Generic,True
17307,Generic,True
17308,Generic,True
17309,Generic,True
17310,Generic,True
17311,Generic,True
17312,Generic,True
17313,Generic,True
17314,Generic,True
17315,Generic,True
17316,Generic,True
17317,Generic,True
17318,Generic,True
17319,Generic,True
17320,Generic,True
17321,Generic,True
17322,Generic,True
17323,Generic,True
17324,Generic,True
17325,Generic,True
17326,Generic,True
17327,Generic,True
17328,Generic,True
17329,Generic,True
17330,Generic,True
17331,Generic,True
17332,Generic,True
17333,Generic,True
17334,Generic,True
17335,Generic,True
17336,Generic,True
17337,Generic,True
17338,Generic,True
17339,Generic,True
17340,Generic,True
17341,Generic,True
17342,Generic,True
17343,Generic,True
17344,Generic,True
17345,Generic,True
17346,Generic,True
17347,Generic,True
17348,Generic,True
17349,Generic,True
17350,Generic,True
17351,Generic,True
17352,Generic,True
17353,Generic,True
17354,Generic,True
17355,Generic,True
17356,Generic,True
17357,Generic,True
17358,Generic,True
17359,Generic,True
17360,Generic,True
17361,Generic,True
17362,Generic,True
17363,Generic,True
17364,Generic,True
17365,Generic,True
17366,Generic,True
17367,Generic,True
17368,Generic,True
17369,Generic,True
17370,Generic,True
17371,Generic,True
17372,Generic,True
17373,Generic,True
17374,Generic,True
17375,Generic,True
17376,Generic,True
17377,Generic,True
17378,Generic,True
17379,Generic,True
17380,Generic,True
17381,Generic,True
17382,Generic,True
17383,Generic,True
17384,Generic,True
17385,Generic,True
17386,Generic,True
17387,Generic,True
17388,Generic,True
17389,Generic,True
17390,Generic,True
17391,Generic,True
17392,Generic,True
17393,Generic,True
17394,Generic,True
17395,Generic,True
17396,Generic,True
17397,Generic,True
17398,Generic,True
17399,Generic,True
17400,Generic,True
17401,Generic,True
17402,Generic,True
17403,Generic,True
17404,Generic,True
17405,Generic,True
17406,Generic,True
17407,Generic,True
17408,Generic,True
17409,Generic,True
17410,Generic,True
17411,Generic,True
17412,Generic,True
17413,Generic,True
17414,Generic,True
17415,Generic,True
17416,Generic,True
17417,Generic,True
17418,Generic,True
17419,Generic,True
17420,Generic,True
17421,Generic,True
17422,Generic,True
17423,Generic,True
17424,Generic,True
17425,Generic,True
17426,Generic,True
17427,Generic,True
17428,Generic,True
17429,Generic,True
17430,Generic,True
17431,Generic,True
17432,Generic,True
17433,Generic,True
17434,Generic,True
17435,Generic,True
17436,Generic,True
17437,Generic,True
17438,Generic,True
17439,Generic,True
17440,Generic,True
17441,Generic,True
17442,Generic,True
17443,Generic,True
17444,Generic,True
17445,Generic,True
17446,Generic,True
17447,Generic,True
17448,Generic,True
17449,Generic,True
17450,Generic,True
17451,Generic,True
17452,Generic,True
17453,Generic,True
17454,Generic,True
17455,Generic,True
17456,Generic,True
17457,Generic,True
17458,Generic,True
17459,Generic,True
17460,Generic,True
17461,Generic,True
17462,Generic,True
17463,Generic,True
17464,Generic,True
17465,Generic,True
17466,Generic,True
17467,Generic,True
17468,Generic,True
17469,Generic,True
17470,Generic,True
17471,Generic,True
17472,Generic,True
17473,Generic,True
17474,Generic,True
17475,Generic,True
17476,Generic,True
17477,Generic,True
17478,Generic,True
17479,Generic,True
17480,Generic,True
17481,Generic,True
17482,Generic,True
17483,Generic,True
17484,Generic,True
17485,Generic,True
17486,Generic,True
17487,Generic,True
17488,Generic,True
17489,Generic,True
17490,Generic,True
17491,Generic,True
17492,Generic,True
17493,Generic,True
17494,Generic,True
17495,Generic,True
17496,Generic,True
17497,Generic,True
17498,Generic,True
17499,Generic,True
17500,Generic,True
17501,Generic,True
17502,Generic,True
17503,Generic,True
17504,Generic,True
17505,Generic,True
17506,Generic,True
17507,Generic,True
17508,Generic,True
17509,Generic,True
17510,Generic,True
17511,Generic,True
17512,Generic,True
17513,Generic,True
17514,Generic,True
17515,Generic,True
17516,Generic,True
17517,Generic,True
17518,Generic,True
17519,Generic,True
17520,Generic,True
17521,Generic,True
17522,Generic,True
17523,Generic,True
17524,Generic,True
17525,Generic,True
17526,Generic,True
17527,Generic,True
17528,Generic,True
17529,Generic,True
17530,Generic,True
17531,Generic,True
17532,Generic,True
17533,Generic,True
17534,Generic,True
17535,Generic,True
17536,Generic,True
17537,Generic,True
17538,Generic,True
17539,Generic,True
17540,Generic,True
17541,Generic,True
17542,Generic,True
17543,Generic,True
17544,Generic,True
17545,Generic,True
17546,Generic,True
17547,Generic,True
17548,Generic,True
17549,Generic,True
17550,Generic,True
17551,Generic,True
17552,Generic,True
17553,Generic,True
17554,Generic,True
17555,Generic,True
17556,Generic,True
17557,Generic,True
17558,Generic,True
17559,Generic,True
17560,Generic,True
17561,Generic,True
17562,Generic,True
17563,Generic,True
17564,Generic,True
17565,Generic,True
17566,Generic,True
17567,Generic,True
17568,Generic,True
17569,Generic,True
17570,Generic,True
17571,Generic,True
17572,Generic,True
17573,Generic,True
17574,Generic,True
17575,Generic,True
17576,Generic,True
17577,Generic,True
17578,Generic,True
17579,Generic,True
17580,Generic,True
17581,Generic,True
17582,Generic,True
17583,Generic,True
17584,Generic,True
17585,Generic,True
17586,Generic,True
17587,Generic,True
17588,Generic,True
17589,Generic,True
17590,Generic,True
17591,Generic,True
17592,Generic,True
17593,Generic,True
17594,Generic,True
17595,Generic,True
17596,Generic,True
17597,Generic,True
17598,Generic,True
17599,Generic,True
17600,Generic,True
17601,Generic,True
17602,Generic,True
17603,Generic,True
17604,Generic,True
17605,Generic,True
17606,Generic,True
17607,Generic,True
17608,Generic,True
17609,Generic,True
17610,Generic,True
17611,Generic,True
17612,Generic,True
17613,Generic,True
17614,Generic,True
17615,Generic,True
17616,Generic,True
17617,Generic,True
17618,Generic,True
17619,Generic,True
17620,Generic,True
17621,Generic,True
17622,Generic,True
17623,Generic,True
17624,Generic,True
17625,Generic,True
17626,Generic,True
17627,Generic,True
17628,Generic,True
17629,Generic,True
17630,Generic,True
17631,Generic,True
17632,Generic,True
17633,Generic,True
17634,Generic,True
17635,Generic,True
17636,Generic,True
17637,Generic,True
17638,Generic,True
17639,Generic,True
17640,Generic,True
17641,Generic,True
17642,Generic,True
17643,Generic,True
17644,Generic,True
17645,Generic,True
17646,Generic,True
17647,Generic,True
17648,Generic,True
17649,Generic,True
17650,Generic,True
17651,Generic,True
17652,Generic,True
17653,Generic,True
17654,Generic,True
17655,Generic,True
17656,Generic,True
17657,Generic,True
17658,Generic,True
17659,Generic,True
17660,Generic,True
17661,Generic,True
17662,Generic,True
17663,Generic,True
17664,Generic,True
17665,Generic,True
17666,Generic,True
17667,Generic,True
17668,Generic,True
17669,Generic,True
17670,Generic,True
17671,Generic,True
17672,Generic,True
17673,Generic,True
17674,Generic,True
17675,Generic,True
17676,Generic,True
17677,Generic,True
17678,Generic,True
17679,Generic,True
17680,Generic,True
17681,Generic,True
17682,Generic,True
17683,Generic,True
17684,Generic,True
17685,Generic,True
17686,Generic,True
17687,Generic,True
17688,Generic,True
17689,Generic,True
17690,Generic,True
17691,Generic,True
17692,Generic,True
17693,Generic,True
17694,Generic,True
17695,Generic,True
17696,Generic,True
17697,Generic,True
17698,Generic,True
17699,Generic,True
17700,Generic,True
17701,Generic,True
17702,Generic,True
17703,Generic,True
17704,Generic,True
17705,Generic,True
17706,Generic,True
17707,Generic,True
17708,Generic,True
17709,Generic,True
17710,Generic,True
17711,Generic,True
17712,Generic,True
17713,Generic,True
17714,Generic,True
17715,Generic,True
17716,Generic,True
17717,Generic,True
17718,Generic,True
17719,Generic,True
17720,Generic,True
17721,Generic,True
17722,Generic,True
17723,Generic,True
17724,Generic,True
17725,Generic,True
17726,Generic,True
17727,Generic,True
17728,Generic,True
17729,Generic,True
17730,Generic,True
17731,Generic,True
17732,Generic,True
17733,Generic,True
17734,Generic,True
17735,Generic,True
17736,Generic,True
17737,Generic,True
17738,Generic,True
17739,Generic,True
17740,Generic,True
17741,Generic,True
17742,Generic,True
17743,Generic,True
17744,Generic,True
17745,Generic,True
17746,Generic,True
17747,Generic,True
17748,Generic,True
17749,Generic,True
17750,Generic,True
17751,Generic,True
17752,Generic,True
17753,Generic,True
17754,Generic,True
17755,Generic,True
17756,Generic,True
17757,Generic,True
17758,Generic,True
17759,Generic,True
17760,Generic,True
17761,Generic,True
17762,Generic,True
17763,Generic,True
17764,Generic,True
17765,Generic,True
17766,Generic,True
17767,Generic,True
17768,Generic,True
17769,Generic,True
17770,Generic,True
17771,Generic,True
17772,Generic,True
17773,Generic,True
17774,Generic,True
17775,Generic,True
17776,Generic,True
17777,Generic,True
17778,Generic,True
17779,Generic,True
17780,Generic,True
17781,Generic,True
17782,Generic,True
17783,Generic,True
17784,Generic,True
17785,Generic,True
17786,Generic,True
17787,Generic,True
17788,Generic,True
17789,Generic,True
17790,Generic,True
17791,Generic,True
17792,Generic,True
17793,Generic,True
17794,Generic,True
17795,Generic,True
17796,Generic,True
17797,Generic,True
17798,Generic,True
17799,Generic,True
17800,Generic,True
17801,Generic,True
17802,Generic,True
17803,Generic,True
17804,Generic,True
17805,Generic,True
17806,Generic,True
17807,Generic,True
17808,Generic,True
17809,Generic,True
17810,Generic,True
17811,Generic,True
17812,Generic,True
17813,Generic,True
17814,Generic,True
17815,Generic,True
17816,Generic,True
17817,Generic,True
17818,Generic,True
17819,Generic,True
17820,Generic,True
17821,Generic,True
17822,Generic,True
17823,Generic,True
17824,Generic,True
17825,Generic,True
17826,Generic,True
17827,Generic,True
17828,Generic,True
17829,Generic,True
17830,Generic,True
17831,Generic,True
17832,Generic,True
17833,Generic,True
17834,Generic,True
17835,Generic,True
17836,Generic,True
17837,Generic,True
17838,Generic,True
17839,Generic,True
17840,Generic,True
17841,Generic,True
17842,Generic,True
17843,Generic,True
17844,Generic,True
17845,Generic,True
17846,Generic,True
17847,Generic,True
17848,Generic,True
17849,Generic,True
17850,Generic,True
17851,Generic,True
17852,Generic,True
17853,Generic,True
17854,Generic,True
17855,Generic,True
17856,Generic,True
17857,Generic,True
17858,Generic,True
17859,Generic,True
17860,Generic,True
17861,Generic,True
17862,Generic,True
17863,Generic,True
17864,Generic,True
17865,Generic,True
17866,Generic,True
17867,Generic,True
17868,Generic,True
17869,Generic,True
17870,Generic,True
17871,Generic,True
17872,Generic,True
17873,Generic,True
17874,Generic,True
17875,Generic,True
17876,Generic,True
17877,Generic,True
17878,Generic,True
17879,Generic,True
17880,Generic,True
17881,Generic,True
17882,Generic,True
17883,Generic,True
17884,Generic,True
17885,Generic,True
17886,Generic,True
17887,Generic,True
17888,Generic,True
17889,Generic,True
17890,Generic,True
17891,Generic,True
17892,Generic,True
17893,Generic,True
17894,Generic,True
17895,Generic,True
17896,Generic,True
17897,Generic,True
17898,Generic,True
17899,Generic,True
17900,Generic,True
17901,Generic,True
17902,Generic,True
17903,Generic,True
17904,Generic,True
17905,Generic,True
17906,Generic,True
17907,Generic,True
17908,Generic,True
17909,Generic,True
17910,Generic,True
17911,Generic,True
17912,Generic,True
17913,Generic,True
17914,Generic,True
17915,Generic,True
17916,Generic,True
17917,Generic,True
17918,Generic,True
17919,Generic,True
17920,Generic,True
17921,Generic,True
17922,Generic,True
17923,Generic,True
17924,Generic,True
17925,Generic,True
17926,Generic,True
17927,Generic,True
17928,Generic,True
17929,Generic,True
17930,Generic,True
17931,Generic,True
17932,Generic,True
17933,Generic,True
17934,Generic,True
17935,Generic,True
17936,Generic,True
17937,Generic,True
17938,Generic,True
17939,Generic,True
17940,Generic,True
17941,Generic,True
17942,Generic,True
17943,Generic,True
17944,Generic,True
17945,Generic,True
17946,Generic,True
17947,Generic,True
17948,Generic,True
17949,Generic,True
17950,Generic,True
17951,Generic,True
17952,Generic,True
17953,Generic,True
17954,Generic,True
17955,Generic,True
17956,Generic,True
17957,Generic,True
17958,Generic,True
17959,Generic,True
17960,Generic,True
17961,Generic,True
17962,Generic,True
17963,Generic,True
17964,Generic,True
17965,Generic,True
17966,Generic,True
17967,Generic,True
17968,Generic,True
17969,Generic,True
17970,Generic,True
17971,Generic,True
17972,Generic,True
17973,Generic,True
17974,Generic,True
17975,Generic,True
17976,Generic,True
17977,Generic,True
17978,Generic,True
17979,Generic,True
17980,Generic,True
17981,Generic,True
17982,Generic,True
17983,Generic,True
17984,Generic,True
17985,Generic,True
17986,Generic,True
17987,Generic,True
17988,Generic,True
17989,Generic,True
17990,Generic,True
17991,Generic,True
17992,Generic,True
17993,Generic,True
17994,Generic,True
17995,Generic,True
17996,Generic,True
17997,Generic,True
17998,Generic,True
17999,Generic,True
18000,Generic,True
18001,Generic,True
18002,Generic,True
18003,Generic,True
18004,Generic,True
18005,Generic,True
18006,Generic,True
18007,Generic,True
18008,Generic,True
18009,Generic,True
18010,Generic,True
18011,Generic,True
18012,Generic,True
18013,Generic,True
18014,Generic,True
18015,Generic,True
18016,Generic,True
18017,Generic,True
18018,Generic,True
18019,Generic,True
18020,Generic,True
18021,Generic,True
18022,Generic,True
18023,Generic,True
18024,Generic,True
18025,Generic,True
18026,Generic,True
18027,Generic,True
18028,Generic,True
18029,Generic,True
18030,Generic,True
18031,Generic,True
18032,Generic,True
18033,Generic,True
18034,Generic,True
18035,Generic,True
18036,Generic,True
18037,Generic,True
18038,Generic,True
18039,Generic,True
18040,Generic,True
18041,Generic,True
18042,Generic,True
18043,Generic,True
18044,Generic,True
18045,Generic,True
18046,Generic,True
18047,Generic,True
18048,Generic,True
18049,Generic,True
18050,Generic,True
18051,Generic,True
18052,Generic,True
18053,Generic,True
18054,Generic,True
18055,Generic,True
18056,Generic,True
18057,Generic,True
18058,Generic,True
18059,Generic,True
18060,Generic,True
18061,Generic,True
18062,Generic,True
18063,Generic,True
18064,Generic,True
18065,Generic,True
18066,Generic,True
18067,Generic,True
18068,Generic,True
18069,Generic,True
18070,Generic,True
18071,Generic,True
18072,Generic,True
18073,Generic,True
18074,Generic,True
18075,Generic,True
18076,Generic,True
18077,Generic,True
18078,Generic,True
18079,Generic,True
18080,Generic,True
18081,Generic,True
18082,Generic,True
18083,Generic,True
18084,Generic,True
18085,Generic,True
18086,Generic,True
18087,Generic,True
18088,Generic,True
18089,Generic,True
18090,Generic,True
18091,Generic,True
18092,Generic,True
18093,Generic,True
18094,Generic,True
18095,Generic,True
18096,Generic,True
18097,Generic,True
18098,Generic,True
18099,Generic,True
18100,Generic,True
18101,Generic,True
18102,Generic,True
18103,Generic,True
18104,Generic,True
18105,Generic,True
18106,Generic,True
18107,Generic,True
18108,Generic,True
18109,Generic,True
18110,Generic,True
18111,Generic,True
18112,Generic,True
18113,Generic,True
18114,Generic,True
18115,Generic,True
18116,Generic,True
18117,Generic,True
18118,Generic,True
18119,Generic,True
18120,Generic,True
18121,Generic,True
18122,Generic,True
18123,Generic,True
18124,Generic,True
18125,Generic,True
18126,Generic,True
18127,Generic,True
18128,Generic,True
18129,Generic,True
18130,Generic,True
18131,Generic,True
18132,Generic,True
18133,Generic,True
18134,Generic,True
18135,Generic,True
18136,Generic,True
18137,Generic,True
18138,Generic,True
18139,Generic,True
18140,Generic,True
18141,Generic,True
18142,Generic,True
18143,Generic,True
18144,Generic,True
18145,Generic,True
18146,Generic,True
18147,Generic,True
18148,Generic,True
18149,Generic,True
18150,Generic,True
18151,Generic,True
18152,Generic,True
18153,Generic,True
18154,Generic,True
18155,Generic,True
18156,Generic,True
18157,Generic,True
18158,Generic,True
18159,Generic,True
18160,Generic,True
18161,Generic,True
18162,Generic,True
18163,Generic,True
18164,Generic,True
18165,Generic,True
18166,Generic,True
18167,Generic,True
18168,Generic,True
18169,Generic,True
18170,Generic,True
18171,Generic,True
18172,Generic,True
18173,Generic,True
18174,Generic,True
18175,Generic,True
18176,Generic,True
18177,Generic,True
18178,Generic,True
18179,Generic,True
18180,Generic,True
18181,Generic,True
18182,Generic,True
18183,Generic,True
18184,Generic,True
18185,Generic,True
18186,Generic,True
18187,Generic,True
18188,Generic,True
18189,Generic,True
18190,Generic,True
18191,Generic,True
18192,Generic,True
18193,Generic,True
18194,Generic,True
18195,Generic,True
18196,Generic,True
18197,Generic,True
18198,Generic,True
18199,Generic,True
18200,Generic,True
18201,Generic,True
18202,Generic,True
18203,Generic,True
18204,Generic,True
18205,Generic,True
18206,Generic,True
18207,Generic,True
18208,Generic,True
18209,Generic,True
18210,Generic,True
18211,Generic,True
18212,Generic,True
18213,Generic,True
18214,Generic,True
18215,Generic,True
18216,Generic,True
18217,Generic,True
18218,Generic,True
18219,Generic,True
18220,Generic,True
18221,Generic,True
18222,Generic,True
18223,Generic,True
18224,Generic,True
18225,Generic,True
18226,Generic,True
18227,Generic,True
18228,Generic,True
18229,Generic,True
18230,Generic,True
18231,Generic,True
18232,Generic,True
18233,Generic,True
18234,Generic,True
18235,Generic,True
18236,Generic,True
18237,Generic,True
18238,Generic,True
18239,Generic,True
18240,Generic,True
18241,Generic,True
18242,Generic,True
18243,Generic,True
18244,Generic,True
18245,Generic,True
18246,Generic,True
18247,Generic,True
18248,Generic,True
18249,Generic,True
18250,Generic,True
18251,Generic,True
18252,Generic,True
18253,Generic,True
18254,Generic,True
18255,Generic,True
18256,Generic,True
18257,Generic,True
18258,Generic,True
18259,Generic,True
18260,Generic,True
18261,Generic,True
18262,Generic,True
18263,Generic,True
18264,Generic,True
18265,Generic,True
18266,Generic,True
18267,Generic,True
18268,Generic,True
18269,Generic,True
18270,Generic,True
18271,Generic,True
18272,Generic,True
18273,Generic,True
18274,Generic,True
18275,Generic,True
18276,Generic,True
18277,Generic,True
18278,Generic,True
18279,Generic,True
18280,Generic,True
18281,Generic,True
18282,Generic,True
18283,Generic,True
18284,Generic,True
18285,Generic,True
18286,Generic,True
18287,Generic,True
18288,Generic,True
18289,Generic,True
18290,Generic,True
18291,Generic,True
18292,Generic,True
18293,Generic,True
18294,Generic,True
18295,Generic,True
18296,Generic,True
18297,Generic,True
18298,Generic,True
18299,Generic,True
18300,Generic,True
18301,Generic,True
18302,Generic,True
18303,Generic,True
18304,Generic,True
18305,Generic,True
18306,Generic,True
18307,Generic,True
18308,Generic,True
18309,Generic,True
18310,Generic,True
18311,Generic,True
18312,Generic,True
18313,Generic,True
18314,Generic,True
18315,Generic,True
18316,Generic,True
18317,Generic,True
18318,Generic,True
18319,Generic,True
18320,Generic,True
18321,Generic,True
18322,Generic,True
18323,Generic,True
18324,Generic,True
18325,Generic,True
18326,Generic,True
18327,Generic,True
18328,Generic,True
18329,Generic,True
18330,Generic,True
18331,Generic,True
18332,Generic,True
18333,Generic,True
18334,Generic,True
18335,Generic,True
18336,Generic,True
18337,Generic,True
18338,Generic,True
18339,Generic,True
18340,Generic,True
18341,Generic,True
18342,Generic,True
18343,Generic,True
18344,Generic,True
18345,Generic,True
18346,Generic,True
18347,Generic,True
18348,Generic,True
18349,Generic,True
18350,Generic,True
18351,Generic,True
18352,Generic,True
18353,Generic,True
18354,Generic,True
18355,Generic,True
18356,Generic,True
18357,Generic,True
18358,Generic,True
18359,Generic,True
18360,Generic,True
18361,Generic,True
18362,Generic,True
18363,Generic,True
18364,Generic,True
18365,Generic,True
18366,Generic,True
18367,Generic,True
18368,Generic,True
18369,Generic,True
18370,Generic,True
18371,Generic,True
18372,Generic,True
18373,Generic,True
18374,Generic,True
18375,Generic,True
18376,Generic,True
18377,Generic,True
18378,Generic,True
18379,Generic,True
18380,Generic,True
18381,Generic,True
18382,Generic,True
18383,Generic,True
18384,Generic,True
18385,Generic,True
18386,Generic,True
18387,Generic,True
18388,Generic,True
18389,Generic,True
18390,Generic,True
18391,Generic,True
18392,Generic,True
18393,Generic,True
18394,Generic,True
18395,Generic,True
18396,Generic,True
18397,Generic,True
18398,Generic,True
18399,Generic,True
18400,Generic,True
18401,Generic,True
18402,Generic,True
18403,Generic,True
18404,Generic,True
18405,Generic,True
18406,Generic,True
18407,Generic,True
18408,Generic,True
18409,Generic,True
18410,Generic,True
18411,Generic,True
18412,Generic,True
18413,Generic,True
18414,Generic,True
18415,Generic,True
18416,Generic,True
18417,Generic,True
18418,Generic,True
18419,Generic,True
18420,Generic,True
18421,Generic,True
18422,Generic,True
18423,Generic,True
18424,Generic,True
18425,Generic,True
18426,Generic,True
18427,Generic,True
18428,Generic,True
18429,Generic,True
18430,Generic,True
18431,Generic,True
18432,Generic,True
18433,Generic,True
18434,Generic,True
18435,Generic,True
18436,Generic,True
18437,Generic,True
18438,Generic,True
18439,Generic,True
18440,Generic,True
18441,Generic,True
18442,Generic,True
18443,Generic,True
18444,Generic,True
18445,Generic,True
18446,Generic,True
18447,Generic,True
18448,Generic,True
18449,Generic,True
18450,Generic,True
18451,Generic,True
18452,Generic,True
18453,Generic,True
18454,Generic,True
18455,Generic,True
18456,Generic,True
18457,Generic,True
18458,Generic,True
18459,Generic,True
18460,Generic,True
18461,Generic,True
18462,Generic,True
18463,Generic,True
18464,Generic,True
18465,Generic,True
18466,Generic,True
18467,Generic,True
18468,Generic,True
18469,Generic,True
18470,Generic,True
18471,Generic,True
18472,Generic,True
18473,Generic,True
18474,Generic,True
18475,Generic,True
18476,Generic,True
18477,Generic,True
18478,Generic,True
18479,Generic,True
18480,Generic,True
18481,Generic,True
18482,Generic,True
18483,Generic,True
18484,Generic,True
18485,Generic,True
18486,Generic,True
18487,Generic,True
18488,Generic,True
18489,Generic,True
18490,Generic,True
18491,Generic,True
18492,Generic,True
18493,Generic,True
18494,Generic,True
18495,Generic,True
18496,Generic,True
18497,Generic,True
18498,Generic,True
18499,Generic,True
18500,Generic,True
18501,Generic,True
18502,Generic,True
18503,Generic,True
18504,Generic,True
18505,Generic,True
18506,Generic,True
18507,Generic,True
18508,Generic,True
18509,Generic,True
18510,Generic,True
18511,Generic,True
18512,Generic,True
18513,Generic,True
18514,Generic,True
18515,Generic,True
18516,Generic,True
18517,Generic,True
18518,Generic,True
18519,Generic,True
18520,Generic,True
18521,Generic,True
18522,Generic,True
18523,Generic,True
18524,Generic,True
18525,Generic,True
18526,Generic,True
18527,Generic,True
18528,Generic,True
18529,Generic,True
18530,Generic,True
18531,Generic,True
18532,Generic,True
18533,Generic,True
18534,Generic,True
18535,Generic,True
18536,Generic,True
18537,Generic,True
18538,Generic,True
18539,Generic,True
18540,Generic,True
18541,Generic,True
18542,Generic,True
18543,Generic,True
18544,Generic,True
18545,Generic,True
18546,Generic,True
18547,Generic,True
18548,Generic,True
18549,Generic,True
18550,Generic,True
18551,Generic,True
18552,Generic,True
18553,Generic,True
18554,Generic,True
18555,Generic,True
18556,Generic,True
18557,Generic,True
18558,Generic,True
18559,Generic,True
18560,Generic,True
18561,Generic,True
18562,Generic,True
18563,Generic,True
18564,Generic,True
18565,Generic,True
18566,Generic,True
18567,Generic,True
18568,Generic,True
18569,Generic,True
18570,Generic,True
18571,Generic,True
18572,Generic,True
18573,Generic,True
18574,Generic,True
18575,Generic,True
18576,Generic,True
18577,Generic,True
18578,Generic,True
18579,Generic,True
18580,Generic,True
18581,Generic,True
18582,Generic,True
18583,Generic,True
18584,Generic,True
18585,Generic,True
18586,Generic,True
18587,Generic,True
18588,Generic,True
18589,Generic,True
18590,Generic,True
18591,Generic,True
18592,Generic,True
18593,Generic,True
18594,Generic,True
18595,Generic,True
18596,Generic,True
18597,Generic,True
18598,Generic,True
18599,Generic,True
18600,Generic,True
18601,Generic,True
18602,Generic,True
18603,Generic,True
18604,Generic,True
18605,Generic,True
18606,Generic,True
18607,Generic,True
18608,Generic,True
18609,Generic,True
18610,Generic,True
18611,Generic,True
18612,Generic,True
18613,Generic,True
18614,Generic,True
18615,Generic,True
18616,Generic,True
18617,Generic,True
18618,Generic,True
18619,Generic,True
18620,Generic,True
18621,Generic,True
18622,Generic,True
18623,Generic,True
18624,Generic,True
18625,Generic,True
18626,Generic,True
18627,Generic,True
18628,Generic,True
18629,Generic,True
18630,Generic,True
18631,Generic,True
18632,Generic,True
18633,Generic,True
18634,Generic,True
18635,Generic,True
18636,Generic,True
18637,Generic,True
18638,Generic,True
18639,Generic,True
18640,Generic,True
18641,Generic,True
18642,Generic,True
18643,Generic,True
18644,Generic,True
18645,Generic,True
18646,Generic,True
18647,Generic,True
18648,Generic,True
18649,Generic,True
18650,Generic,True
18651,Generic,True
18652,Generic,True
18653,Generic,True
18654,Generic,True
18655,Generic,True
18656,Generic,True
18657,Generic,True
18658,Generic,True
18659,Generic,True
18660,Generic,True
18661,Generic,True
18662,Generic,True
18663,Generic,True
18664,Generic,True
18665,Generic,True
18666,Generic,True
18667,Generic,True
18668,Generic,True
18669,Generic,True
18670,Generic,True
18671,Generic,True
18672,Generic,True
18673,Generic,True
18674,Generic,True
18675,Generic,True
18676,Generic,True
18677,Generic,True
18678,Generic,True
18679,Generic,True
18680,Generic,True
18681,Generic,True
18682,Generic,True
18683,Generic,True
18684,Generic,True
18685,Generic,True
18686,Generic,True
18687,Generic,True
18688,Generic,True
18689,Generic,True
18690,Generic,True
18691,Generic,True
18692,Generic,True
18693,Generic,True
18694,Generic,True
18695,Generic,True
18696,Generic,True
18697,Generic,True
18698,Generic,True
18699,Generic,True
18700,Generic,True
18701,Generic,True
18702,Generic,True
18703,Generic,True
18704,Generic,True
18705,Generic,True
18706,Generic,True
18707,Generic,True
18708,Generic,True
18709,Generic,True
18710,Generic,True
18711,Generic,True
18712,Generic,True
18713,Generic,True
18714,Generic,True
18715,Generic,True
18716,Generic,True
18717,Generic,True
18718,Generic,True
18719,Generic,True
18720,Generic,True
18721,Generic,True
18722,Generic,True
18723,Generic,True
18724,Generic,True
18725,Generic,True
18726,Generic,True
18727,Generic,True
18728,Generic,True
18729,Generic,True
18730,Generic,True
18731,Generic,True
18732,Generic,True
18733,Generic,True
18734,Generic,True
18735,Generic,True
18736,Generic,True
18737,Generic,True
18738,Generic,True
18739,Generic,True
18740,Generic,True
18741,Generic,True
18742,Generic,True
18743,Generic,True
18744,Generic,True
18745,Generic,True
18746,Generic,True
18747,Generic,True
18748,Generic,True
18749,Generic,True
18750,Generic,True
18751,Generic,True
18752,Generic,True
18753,Generic,True
18754,Generic,True
18755,Generic,True
18756,Generic,True
18757,Generic,True
18758,Generic,True
18759,Generic,True
18760,Generic,True
18761,Generic,True
18762,Generic,True
18763,Generic,True
18764,Generic,True
18765,Generic,True
18766,Generic,True
18767,Generic,True
18768,Generic,True
18769,Generic,True
18770,Generic,True
18771,Generic,True
18772,Generic,True
18773,Generic,True
18774,Generic,True
18775,Generic,True
18776,Generic,True
18777,Generic,True
18778,Generic,True
18779,Generic,True
18780,Generic,True
18781,Generic,True
18782,Generic,True
18783,Generic,True
18784,Generic,True
18785,Generic,True
18786,Generic,True
18787,Generic,True
18788,Generic,True
18789,Generic,True
18790,Generic,True
18791,Generic,True
18792,Generic,True
18793,Generic,True
18794,Generic,True
18795,Generic,True
18796,Generic,True
18797,Generic,True
18798,Generic,True
18799,Generic,True
18800,Generic,True
18801,Generic,True
18802,Generic,True
18803,Generic,True
18804,Generic,True
18805,Generic,True
18806,Generic,True
18807,Generic,True
18808,Generic,True
18809,Generic,True
18810,Generic,True
18811,Generic,True
18812,Generic,True
18813,Generic,True
18814,Generic,True
18815,Generic,True
18816,Generic,True
18817,Generic,True
18818,Generic,True
18819,Generic,True
18820,Generic,True
18821,Generic,True
18822,Generic,True
18823,Generic,True
18824,Generic,True
18825,Generic,True
18826,Generic,True
18827,Generic,True
18828,Generic,True
18829,Generic,True
18830,Generic,True
18831,Generic,True
18832,Generic,True
18833,Generic,True
18834,Generic,True
18835,Generic,True
18836,Generic,True
18837,Generic,True
18838,Generic,True
18839,Generic,True
18840,Generic,True
18841,Generic,True
18842,Generic,True
18843,Generic,True
18844,Generic,True
18845,Generic,True
18846,Generic,True
18847,Generic,True
18848,Generic,True
18849,Generic,True
18850,Generic,True
18851,Generic,True
18852,Generic,True
18853,Generic,True
18854,Generic,True
18855,Generic,True
18856,Generic,True
18857,Generic,True
18858,Generic,True
18859,Generic,True
18860,Generic,True
18861,Generic,True
18862,Generic,True
18863,Generic,True
18864,Generic,True
18865,Generic,True
18866,Generic,True
18867,Generic,True
18868,Generic,True
18869,Generic,True
18870,Generic,True
18871,Generic,True
18872,Generic,True
18873,Generic,True
18874,Generic,True
18875,Generic,True
18876,Generic,True
18877,Generic,True
18878,Generic,True
18879,Generic,True
18880,Generic,True
18881,Generic,True
18882,Generic,True
18883,Generic,True
18884,Generic,True
18885,Generic,True
18886,Generic,True
18887,Generic,True
18888,Generic,True
18889,Generic,True
18890,Generic,True
18891,Generic,True
18892,Generic,True
18893,Generic,True
18894,Generic,True
18895,Generic,True
18896,Generic,True
18897,Generic,True
18898,Generic,True
18899,Generic,True
18900,Generic,True
18901,Generic,True
18902,Generic,True
18903,Generic,True
18904,Generic,True
18905,Generic,True
18906,Generic,True
18907,Generic,True
18908,Generic,True
18909,Generic,True
18910,Generic,True
18911,Generic,True
18912,Generic,True
18913,Generic,True
18914,Generic,True
18915,Generic,True
18916,Generic,True
18917,Generic,True
18918,Generic,True
18919,Generic,True
18920,Generic,True
18921,Generic,True
18922,Generic,True
18923,Generic,True
18924,Generic,True
18925,Generic,True
18926,Generic,True
18927,Generic,True
18928,Generic,True
18929,Generic,True
18930,Generic,True
18931,Generic,True
18932,Generic,True
18933,Generic,True
18934,Generic,True
18935,Generic,True
18936,Generic,True
18937,Generic,True
18938,Generic,True
18939,Generic,True
18940,Generic,True
18941,Generic,True
18942,Generic,True
18943,Generic,True
18944,Generic,True
18945,Generic,True
18946,Generic,True
18947,Generic,True
18948,Generic,True
18949,Generic,True
18950,Generic,True
18951,Generic,True
18952,Generic,True
18953,Generic,True
18954,Generic,True
18955,Generic,True
18956,Generic,True
18957,Generic,True
18958,Generic,True
18959,Generic,True
18960,Generic,True
18961,Generic,True
18962,Generic,True
18963,Generic,True
18964,Generic,True
18965,Generic,True
18966,Generic,True
18967,Generic,True
18968,Generic,True
18969,Generic,True
18970,Generic,True
18971,Generic,True
18972,Generic,True
18973,Generic,True
18974,Generic,True
18975,Generic,True
18976,Generic,True
18977,Generic,True
18978,Generic,True
18979,Generic,True
18980,Generic,True
18981,Generic,True
18982,Generic,True
18983,Generic,True
18984,Generic,True
18985,Generic,True
18986,Generic,True
18987,Generic,True
18988,Generic,True
18989,Generic,True
18990,Generic,True
18991,Generic,True
18992,Generic,True
18993,Generic,True
18994,Generic,True
18995,Generic,True
18996,Generic,True
18997,Generic,True
18998,Generic,True
18999,Generic,True
19000,Generic,True
19001,Generic,True
19002,Generic,True
19003,Generic,True
19004,Generic,True
19005,Generic,True
19006,Generic,True
19007,Generic,True
19008,Generic,True
19009,Generic,True
19010,Generic,True
19011,Generic,True
19012,Generic,True
19013,Generic,True
19014,Generic,True
19015,Generic,True
19016,Generic,True
19017,Generic,True
19018,Generic,True
19019,Generic,True
19020,Generic,True
19021,Generic,True
19022,Generic,True
19023,Generic,True
19024,Generic,True
19025,Generic,True
19026,Generic,True
19027,Generic,True
19028,Generic,True
19029,Generic,True
19030,Generic,True
19031,Generic,True
19032,Generic,True
19033,Generic,True
19034,Generic,True
19035,Generic,True
19036,Generic,True
19037,Generic,True
19038,Generic,True
19039,Generic,True
19040,Generic,True
19041,Generic,True
19042,Generic,True
19043,Generic,True
19044,Generic,True
19045,Generic,True
19046,Generic,True
19047,Generic,True
19048,Generic,True
19049,Generic,True
19050,Generic,True
19051,Generic,True
19052,Generic,True
19053,Generic,True
19054,Generic,True
19055,Generic,True
19056,Generic,True
19057,Generic,True
19058,Generic,True
19059,Generic,True
19060,Generic,True
19061,Generic,True
19062,Generic,True
19063,Generic,True
19064,Generic,True
19065,Generic,True
19066,Generic,True
19067,Generic,True
19068,Generic,True
19069,Generic,True
19070,Generic,True
19071,Generic,True
19072,Generic,True
19073,Generic,True
19074,Generic,True
19075,Generic,True
19076,Generic,True
19077,Generic,True
19078,Generic,True
19079,Generic,True
19080,Generic,True
19081,Generic,True
19082,Generic,True
19083,Generic,True
19084,Generic,True
19085,Generic,True
19086,Generic,True
19087,Generic,True
19088,Generic,True
19089,Generic,True
19090,Generic,True
19091,Generic,True
19092,Generic,True
19093,Generic,True
19094,Generic,True
19095,Generic,True
19096,Generic,True
19097,Generic,True
19098,Generic,True
19099,Generic,True
19100,Generic,True
19101,Generic,True
19102,Generic,True
19103,Generic,True
19104,Generic,True
19105,Generic,True
19106,Generic,True
19107,Generic,True
19108,Generic,True
19109,Generic,True
19110,Generic,True
19111,Generic,True
19112,Generic,True
19113,Generic,True
19114,Generic,True
19115,Generic,True
19116,Generic,True
19117,Generic,True
19118,Generic,True
19119,Generic,True
19120,Generic,True
19121,Generic,True
19122,Generic,True
19123,Generic,True
19124,Generic,True
19125,Generic,True
19126,Generic,True
19127,Generic,True
19128,Generic,True
19129,Generic,True
19130,Generic,True
19131,Generic,True
19132,Generic,True
19133,Generic,True
19134,Generic,True
19135,Generic,True
19136,Generic,True
19137,Generic,True
19138,Generic,True
19139,Generic,True
19140,Generic,True
19141,Generic,True
19142,Generic,True
19143,Generic,True
19144,Generic,True
19145,Generic,True
19146,Generic,True
19147,Generic,True
19148,Generic,True
19149,Generic,True
19150,Generic,True
19151,Generic,True
19152,Generic,True
19153,Generic,True
19154,Generic,True
19155,Generic,True
19156,Generic,True
19157,Generic,True
19158,Generic,True
19159,Generic,True
19160,Generic,True
19161,Generic,True
19162,Generic,True
19163,Generic,True
19164,Generic,True
19165,Generic,True
19166,Generic,True
19167,Generic,True
19168,Generic,True
19169,Generic,True
19170,Generic,True
19171,Generic,True
19172,Generic,True
19173,Generic,True
19174,Generic,True
19175,Generic,True
19176,Generic,True
19177,Generic,True
19178,Generic,True
19179,Generic,True
19180,Generic,True
19181,Generic,True
19182,Generic,True
19183,Generic,True
19184,Generic,True
19185,Generic,True
19186,Generic,True
19187,Generic,True
19188,Generic,True
19189,Generic,True
19190,Generic,True
19191,Generic,True
19192,Generic,True
19193,Generic,True
19194,Generic,True
19195,Generic,True
19196,Generic,True
19197,Generic,True
19198,Generic,True
19199,Generic,True
19200,Generic,True
19201,Generic,True
19202,Generic,True
19203,Generic,True
19204,Generic,True
19205,Generic,True
19206,Generic,True
19207,Generic,True
19208,Generic,True
19209,Generic,True
19210,Generic,True
19211,Generic,True
19212,Generic,True
19213,Generic,True
19214,Generic,True
19215,Generic,True
19216,Generic,True
19217,Generic,True
19218,Generic,True
19219,Generic,True
19220,Generic,True
19221,Generic,True
19222,Generic,True
19223,Generic,True
19224,Generic,True
19225,Generic,True
19226,Generic,True
19227,Generic,True
19228,Generic,True
19229,Generic,True
19230,Generic,True
19231,Generic,True
19232,Generic,True
19233,Generic,True
19234,Generic,True
19235,Generic,True
19236,Generic,True
19237,Generic,True
19238,Generic,True
19239,Generic,True
19240,Generic,True
19241,Generic,True
19242,Generic,True
19243,Generic,True
19244,Generic,True
19245,Generic,True
19246,Generic,True
19247,Generic,True
19248,Generic,True
19249,Generic,True
19250,Generic,True
19251,Generic,True
19252,Generic,True
19253,Generic,True
19254,Generic,True
19255,Generic,True
19256,Generic,True
19257,Generic,True
19258,Generic,True
19259,Generic,True
19260,Generic,True
19261,Generic,True
19262,Generic,True
19263,Generic,True
19264,Generic,True
19265,Generic,True
19266,Generic,True
19267,Generic,True
19268,Generic,True
19269,Generic,True
19270,Generic,True
19271,Generic,True
19272,Generic,True
19273,Generic,True
19274,Generic,True
19275,Generic,True
19276,Generic,True
19277,Generic,True
19278,Generic,True
19279,Generic,True
19280,Generic,True
19281,Generic,True
19282,Generic,True
19283,Generic,True
19284,Generic,True
19285,Generic,True
19286,Generic,True
19287,Generic,True
19288,Generic,True
19289,Generic,True
19290,Generic,True
19291,Generic,True
19292,Generic,True
19293,Generic,True
19294,Generic,True
19295,Generic,True
19296,Generic,True
19297,Generic,True
19298,Generic,True
19299,Generic,True
19300,Generic,True
19301,Generic,True
19302,Generic,True
19303,Generic,True
19304,Generic,True
19305,Generic,True
19306,Generic,True
19307,Generic,True
19308,Generic,True
19309,Generic,True
19310,Generic,True
19311,Generic,True
19312,Generic,True
19313,Generic,True
19314,Generic,True
19315,Generic,True
19316,Generic,True
19317,Generic,True
19318,Generic,True
19319,Generic,True
19320,Generic,True
19321,Generic,True
19322,Generic,True
19323,Generic,True
19324,Generic,True
19325,Generic,True
19326,Generic,True
19327,Generic,True
19328,Generic,True
19329,Generic,True
19330,Generic,True
19331,Generic,True
19332,Generic,True
19333,Generic,True
19334,Generic,True
19335,Generic,True
19336,Generic,True
19337,Generic,True
19338,Generic,True
19339,Generic,True
19340,Generic,True
19341,Generic,True
19342,Generic,True
19343,Generic,True
19344,Generic,True
19345,Generic,True
19346,Generic,True
19347,Generic,True
19348,Generic,True
19349,Generic,True
19350,Generic,True
19351,Generic,True
19352,Generic,True
19353,Generic,True
19354,Generic,True
19355,Generic,True
19356,Generic,True
19357,Generic,True
19358,Generic,True
19359,Generic,True
19360,Generic,True
19361,Generic,True
19362,Generic,True
19363,Generic,True
19364,Generic,True
19365,Generic,True
19366,Generic,True
19367,Generic,True
19368,Generic,True
19369,Generic,True
19370,Generic,True
19371,Generic,True
19372,Generic,True
19373,Generic,True
19374,Generic,True
19375,Generic,True
19376,Generic,True
19377,Generic,True
19378,Generic,True
19379,Generic,True
19380,Generic,True
19381,Generic,True
19382,Generic,True
19383,Generic,True
19384,Generic,True
19385,Generic,True
19386,Generic,True
19387,Generic,True
19388,Generic,True
19389,Generic,True
19390,Generic,True
19391,Generic,True
19392,Generic,True
19393,Generic,True
19394,Generic,True
19395,Generic,True
19396,Generic,True
19397,Generic,True
19398,Generic,True
19399,Generic,True
19400,Generic,True
19401,Generic,True
19402,Generic,True
19403,Generic,True
19404,Generic,True
19405,Generic,True
19406,Generic,True
19407,Generic,True
19408,Generic,True
19409,Generic,True
19410,Generic,True
19411,Generic,True
19412,Generic,True
19413,Generic,True
19414,Generic,True
19415,Generic,True
19416,Generic,True
19417,Generic,True
19418,Generic,True
19419,Generic,True
19420,Generic,True
19421,Generic,True
19422,Generic,True
19423,Generic,True
19424,Generic,True
19425,Generic,True
19426,Generic,True
19427,Generic,True
19428,Generic,True
19429,Generic,True
19430,Generic,True
19431,Generic,True
19432,Generic,True
19433,Generic,True
19434,Generic,True
19435,Generic,True
19436,Generic,True
19437,Generic,True
19438,Generic,True
19439,Generic,True
19440,Generic,True
19441,Generic,True
19442,Generic,True
19443,Generic,True
19444,Generic,True
19445,Generic,True
19446,Generic,True
19447,Generic,True
19448,Generic,True
19449,Generic,True
19450,Generic,True
19451,Generic,True
19452,Generic,True
19453,Generic,True
19454,Generic,True
19455,Generic,True
19456,Generic,True
19457,Generic,True
19458,Generic,True
19459,Generic,True
19460,Generic,True
19461,Generic,True
19462,Generic,True
19463,Generic,True
19464,Generic,True
19465,Generic,True
19466,Generic,True
19467,Generic,True
19468,Generic,True
19469,Generic,True
19470,Generic,True
19471,Generic,True
19472,Generic,True
19473,Generic,True
19474,Generic,True
19475,Generic,True
19476,Generic,True
19477,Generic,True
19478,Generic,True
19479,Generic,True
19480,Generic,True
19481,Generic,True
19482,Generic,True
19483,Generic,True
19484,Generic,True
19485,Generic,True
19486,Generic,True
19487,Generic,True
19488,Generic,True
19489,Generic,True
19490,Generic,True
19491,Generic,True
19492,Generic,True
19493,Generic,True
19494,Generic,True
19495,Generic,True
19496,Generic,True
19497,Generic,True
19498,Generic,True
19499,Generic,True
19500,Generic,True
19501,Generic,True
19502,Generic,True
19503,Generic,True
19504,Generic,True
19505,Generic,True
19506,Generic,True
19507,Generic,True
19508,Generic,True
19509,Generic,True
19510,Generic,True
19511,Generic,True
19512,Generic,True
19513,Generic,True
19514,Generic,True
19515,Generic,True
19516,Generic,True
19517,Generic,True
19518,Generic,True
19519,Generic,True
19520,Generic,True
19521,Generic,True
19522,Generic,True
19523,Generic,True
19524,Generic,True
19525,Generic,True
19526,Generic,True
19527,Generic,True
19528,Generic,True
19529,Generic,True
19530,Generic,True
19531,Generic,True
19532,Generic,True
19533,Generic,True
19534,Generic,True
19535,Generic,True
19536,Generic,True
19537,Generic,True
19538,Generic,True
19539,Generic,True
19540,Generic,True
19541,Generic,True
19542,Generic,True
19543,Generic,True
19544,Generic,True
19545,Generic,True
19546,Generic,True
19547,Generic,True
19548,Generic,True
19549,Generic,True
19550,Generic,True
19551,Generic,True
19552,Generic,True
19553,Generic,True
19554,Generic,True
19555,Generic,True
19556,Generic,True
19557,Generic,True
19558,Generic,True
19559,Generic,True
19560,Generic,True
19561,Generic,True
19562,Generic,True
19563,Generic,True
19564,Generic,True
19565,Generic,True
19566,Generic,True
19567,Generic,True
19568,Generic,True
19569,Generic,True
19570,Generic,True
19571,Generic,True
19572,Generic,True
19573,Generic,True
19574,Generic,True
19575,Generic,True
19576,Generic,True
19577,Generic,True
19578,Generic,True
19579,Generic,True
19580,Generic,True
19581,Generic,True
19582,Generic,True
19583,Generic,True
19584,Generic,True
19585,Generic,True
19586,Generic,True
19587,Generic,True
19588,Generic,True
19589,Generic,True
19590,Generic,True
19591,Generic,True
19592,Generic,True
19593,Generic,True
19594,Generic,True
19595,Generic,True
19596,Generic,True
19597,Generic,True
19598,Generic,True
19599,Generic,True
19600,Generic,True
19601,Generic,True
19602,Generic,True
19603,Generic,True
19604,Generic,True
19605,Generic,True
19606,Generic,True
19607,Generic,True
19608,Generic,True
19609,Generic,True
19610,Generic,True
19611,Generic,True
19612,Generic,True
19613,Generic,True
19614,Generic,True
19615,Generic,True
19616,Generic,True
19617,Generic,True
19618,Generic,True
19619,Generic,True
19620,Generic,True
19621,Generic,True
19622,Generic,True
19623,Generic,True
19624,Generic,True
19625,Generic,True
19626,Generic,True
19627,Generic,True
19628,Generic,True
19629,Generic,True
19630,Generic,True
19631,Generic,True
19632,Generic,True
19633,Generic,True
19634,Generic,True
19635,Generic,True
19636,Generic,True
19637,Generic,True
19638,Generic,True
19639,Generic,True
19640,Generic,True
19641,Generic,True
19642,Generic,True
19643,Generic,True
19644,Generic,True
19645,Generic,True
19646,Generic,True
19647,Generic,True
19648,Generic,True
19649,Generic,True
19650,Generic,True
19651,Generic,True
19652,Generic,True
19653,Generic,True
19654,Generic,True
19655,Generic,True
19656,Generic,True
19657,Generic,True
19658,Generic,True
19659,Generic,True
19660,Generic,True
19661,Generic,True
19662,Generic,True
19663,Generic,True
19664,Generic,True
19665,Generic,True
19666,Generic,True
19667,Generic,True
19668,Generic,True
19669,Generic,True
19670,Generic,True
19671,Generic,True
19672,Generic,True
19673,Generic,True
19674,Generic,True
19675,Generic,True
19676,Generic,True
19677,Generic,True
19678,Generic,True
19679,Generic,True
19680,Generic,True
19681,Generic,True
19682,Generic,True
19683,Generic,True
19684,Generic,True
19685,Generic,True
19686,Generic,True
19687,Generic,True
19688,Generic,True
19689,Generic,True
19690,Generic,True
19691,Generic,True
19692,Generic,True
19693,Generic,True
19694,Generic,True
19695,Generic,True
19696,Generic,True
19697,Generic,True
19698,Generic,True
19699,Generic,True
19700,Generic,True
19701,Generic,True
19702,Generic,True
19703,Generic,True
19704,Generic,True
19705,Generic,True
19706,Generic,True
19707,Generic,True
19708,Generic,True
19709,Generic,True
19710,Generic,True
19711,Generic,True
19712,Generic,True
19713,Generic,True
19714,Generic,True
19715,Generic,True
19716,Generic,True
19717,Generic,True
19718,Generic,True
19719,Generic,True
19720,Generic,True
19721,Generic,True
19722,Generic,True
19723,Generic,True
19724,Generic,True
19725,Generic,True
19726,Generic,True
19727,Generic,True
19728,Generic,True
19729,Generic,True
19730,Generic,True
19731,Generic,True
19732,Generic,True
19733,Generic,True
19734,Generic,True
19735,Generic,True
19736,Generic,True
19737,Generic,True
19738,Generic,True
19739,Generic,True
19740,Generic,True
19741,Generic,True
19742,Generic,True
19743,Generic,True
19744,Generic,True
19745,Generic,True
19746,Generic,True
19747,Generic,True
19748,Generic,True
19749,Generic,True
19750,Generic,True
19751,Generic,True
19752,Generic,True
19753,Generic,True
19754,Generic,True
19755,Generic,True
19756,Generic,True
19757,Generic,True
19758,Generic,True
19759,Generic,True
19760,Generic,True
19761,Generic,True
19762,Generic,True
19763,Generic,True
19764,Generic,True
19765,Generic,True
19766,Generic,True
19767,Generic,True
19768,Generic,True
19769,Generic,True
19770,Generic,True
19771,Generic,True
19772,Generic,True
19773,Generic,True
19774,Generic,True
19775,Generic,True
19776,Generic,True
19777,Generic,True
19778,Generic,True
19779,Generic,True
19780,Generic,True
19781,Generic,True
19782,Generic,True
19783,Generic,True
19784,Generic,True
19785,Generic,True
19786,Generic,True
19787,Generic,True
19788,Generic,True
19789,Generic,True
19790,Generic,True
19791,Generic,True
19792,Generic,True
19793,Generic,True
19794,Generic,True
19795,Generic,True
19796,Generic,True
19797,Generic,True
19798,Generic,True
19799,Generic,True
19800,Generic,True
19801,Generic,True
19802,Generic,True
19803,Generic,True
19804,Generic,True
19805,Generic,True
19806,Generic,True
19807,Generic,True
19808,Generic,True
19809,Generic,True
19810,Generic,True
19811,Generic,True
19812,Generic,True
19813,Generic,True
19814,Generic,True
19815,Generic,True
19816,Generic,True
19817,Generic,True
19818,Generic,True
19819,Generic,True
19820,Generic,True
19821,Generic,True
19822,Generic,True
19823,Generic,True
19824,Generic,True
19825,Generic,True
19826,Generic,True
19827,Generic,True
19828,Generic,True
19829,Generic,True
19830,Generic,True
19831,Generic,True
19832,Generic,True
19833,Generic,True
19834,Generic,True
19835,Generic,True
19836,Generic,True
19837,Generic,True
19838,Generic,True
19839,Generic,True
19840,Generic,True
19841,Generic,True
19842,Generic,True
19843,Generic,True
19844,Generic,True
19845,Generic,True
19846,Generic,True
19847,Generic,True
19848,Generic,True
19849,Generic,True
19850,Generic,True
19851,Generic,True
19852,Generic,True
19853,Generic,True
19854,Generic,True
19855,Generic,True
19856,Generic,True
19857,Generic,True
19858,Generic,True
19859,Generic,True
19860,Generic,True
19861,Generic,True
19862,Generic,True
19863,Generic,True
19864,Generic,True
19865,Generic,True
19866,Generic,True
19867,Generic,True
19868,Generic,True
19869,Generic,True
19870,Generic,True
19871,Generic,True
19872,Generic,True
19873,Generic,True
19874,Generic,True
19875,Generic,True
19876,Generic,True
19877,Generic,True
19878,Generic,True
19879,Generic,True
19880,Generic,True
19881,Generic,True
19882,Generic,True
19883,Generic,True
19884,Generic,True
19885,Generic,True
19886,Generic,True
19887,Generic,True
19888,Generic,True
19889,Generic,True
19890,Generic,True
19891,Generic,True
19892,Generic,True
19893,Generic,True
19894,Generic,True
19895,Generic,True
19896,Generic,True
19897,Generic,True
19898,Generic,True
19899,Generic,True
19900,Generic,True
19901,Generic,True
19902,Generic,True
19903,Generic,True
19904,Generic,True
19905,Generic,True
19906,Generic,True
19907,Generic,True
19908,Generic,True
19909,Generic,True
19910,Generic,True
19911,Generic,True
19912,Generic,True
19913,Generic,True
19914,Generic,True
19915,Generic,True
19916,Generic,True
19917,Generic,True
19918,Generic,True
19919,Generic,True
19920,Generic,True
19921,Generic,True
19922,Generic,True
19923,Generic,True
19924,Generic,True
19925,Generic,True
19926,Generic,True
19927,Generic,True
19928,Generic,True
19929,Generic,True
19930,Generic,True
19931,Generic,True
19932,Generic,True
19933,Generic,True
19934,Generic,True
19935,Generic,True
19936,Generic,True
19937,Generic,True
19938,Generic,True
19939,Generic,True
19940,Generic,True
19941,Generic,True
19942,Generic,True
19943,Generic,True
19944,Generic,True
19945,Generic,True
19946,Generic,True
19947,Generic,True
19948,Generic,True
19949,Generic,True
19950,Generic,True
19951,Generic,True
19952,Generic,True
19953,Generic,True
19954,Generic,True
19955,Generic,True
19956,Generic,True
19957,Generic,True
19958,Generic,True
19959,Generic,True
19960,Generic,True
19961,Generic,True
19962,Generic,True
19963,Generic,True
19964,Generic,True
19965,Generic,True
19966,Generic,True
19967,Generic,True
19968,Generic,True
19969,Generic,True
19970,Generic,True
19971,Generic,True
19972,Generic,True
19973,Generic,True
19974,Generic,True
19975,Generic,True
19976,Generic,True
19977,Generic,True
19978,Generic,True
19979,Generic,True
19980,Generic,True
19981,Generic,True
19982,Generic,True
19983,Generic,True
19984,Generic,True
19985,Generic,True
19986,Generic,True
19987,Generic,True
19988,Generic,True
19989,Generic,True
19990,Generic,True
19991,Generic,True
19992,Generic,True
19993,Generic,True
19994,Generic,True
19995,Generic,True
19996,Generic,True
19997,Generic,True
19998,Generic,True
19999,Generic,True
20000,Generic,True
20001,Generic,True
20002,Generic,True
20003,Generic,True
20004,Generic,True
20005,Generic,True
20006,Generic,True
20007,Generic,True
20008,Generic,True
20009,Generic,True
20010,Generic,True
20011,Generic,True
20012,Generic,True
20013,Generic,True
20014,Generic,True
20015,Generic,True
20016,Generic,True
20017,Generic,True
20018,Generic,True
20019,Generic,True
20020,Generic,True
20021,Generic,True
20022,Generic,True
20023,Generic,True
20024,Generic,True
20025,Generic,True
20026,Generic,True
20027,Generic,True
20028,Generic,True
20029,Generic,True
20030,Generic,True
20031,Generic,True
20032,Generic,True
20033,Generic,True
20034,Generic,True
20035,Generic,True
20036,Generic,True
20037,Generic,True
20038,Generic,True
20039,Generic,True
20040,Generic,True
20041,Generic,True
20042,Generic,True
20043,Generic,True
20044,Generic,True
20045,Generic,True
20046,Generic,True
20047,Generic,True
20048,Generic,True
20049,Generic,True
20050,Generic,True
20051,Generic,True
20052,Generic,True
20053,Generic,True
20054,Generic,True
20055,Generic,True
20056,Generic,True
20057,Generic,True
20058,Generic,True
20059,Generic,True
20060,Generic,True
20061,Generic,True
20062,Generic,True
20063,Generic,True
20064,Generic,True
20065,Generic,True
20066,Generic,True
20067,Generic,True
20068,Generic,True
20069,Generic,True
20070,Generic,True
20071,Generic,True
20072,Generic,True
20073,Generic,True
20074,Generic,True
20075,Generic,True
20076,Generic,True
20077,Generic,True
20078,Generic,True
20079,Generic,True
20080,Generic,True
20081,Generic,True
20082,Generic,True
20083,Generic,True
20084,Generic,True
20085,Generic,True
20086,Generic,True
20087,Generic,True
20088,Generic,True
20089,Generic,True
20090,Generic,True
20091,Generic,True
20092,Generic,True
20093,Generic,True
20094,Generic,True
20095,Generic,True
20096,Generic,True
20097,Generic,True
20098,Generic,True
20099,Generic,True
20100,Generic,True
20101,Generic,True
20102,Generic,True
20103,Generic,True
20104,Generic,True
20105,Generic,True
20106,Generic,True
20107,Generic,True
20108,Generic,True
20109,Generic,True
20110,Generic,True
20111,Generic,True
20112,Generic,True
20113,Generic,True
20114,Generic,True
20115,Generic,True
20116,Generic,True
20117,Generic,True
20118,Generic,True
20119,Generic,True
20120,Generic,True
20121,Generic,True
20122,Generic,True
20123,Generic,True
20124,Generic,True
20125,Generic,True
20126,Generic,True
20127,Generic,True
20128,Generic,True
20129,Generic,True
20130,Generic,True
20131,Generic,True
20132,Generic,True
20133,Generic,True
20134,Generic,True
20135,Generic,True
20136,Generic,True
20137,Generic,True
20138,Generic,True
20139,Generic,True
20140,Generic,True
20141,Generic,True
20142,Generic,True
20143,Generic,True
20144,Generic,True
20145,Generic,True
20146,Generic,True
20147,Generic,True
20148,Generic,True
20149,Generic,True
20150,Generic,True
20151,Generic,True
20152,Generic,True
20153,Generic,True
20154,Generic,True
20155,Generic,True
20156,Generic,True
20157,Generic,True
20158,Generic,True
20159,Generic,True
20160,Generic,True
20161,Generic,True
20162,Generic,True
20163,Generic,True
20164,Generic,True
20165,Generic,True
20166,Generic,True
20167,Generic,True
20168,Generic,True
20169,Generic,True
20170,Generic,True
20171,Generic,True
20172,Generic,True
20173,Generic,True
20174,Generic,True
20175,Generic,True
20176,Generic,True
20177,Generic,True
20178,Generic,True
20179,Generic,True
20180,Generic,True
20181,Generic,True
20182,Generic,True
20183,Generic,True
20184,Generic,True
20185,Generic,True
20186,Generic,True
20187,Generic,True
20188,Generic,True
20189,Generic,True
20190,Generic,True
20191,Generic,True
20192,Generic,True
20193,Generic,True
20194,Generic,True
20195,Generic,True
20196,Generic,True
20197,Generic,True
20198,Generic,True
20199,Generic,True
20200,Generic,True
20201,Generic,True
20202,Generic,True
20203,Generic,True
20204,Generic,True
20205,Generic,True
20206,Generic,True
20207,Generic,True
20208,Generic,True
20209,Generic,True
20210,Generic,True
20211,Generic,True
20212,Generic,True
20213,Generic,True
20214,Generic,True
20215,Generic,True
20216,Generic,True
20217,Generic,True
20218,Generic,True
20219,Generic,True
20220,Generic,True
20221,Generic,True
20222,Generic,True
20223,Generic,True
20224,Generic,True
20225,Generic,True
20226,Generic,True
20227,Generic,True
20228,Generic,True
20229,Generic,True
20230,Generic,True
20231,Generic,True
20232,Generic,True
20233,Generic,True
20234,Generic,True
20235,Generic,True
20236,Generic,True
20237,Generic,True
20238,Generic,True
20239,Generic,True
20240,Generic,True
20241,Generic,True
20242,Generic,True
20243,Generic,True
20244,Generic,True
20245,Generic,True
20246,Generic,True
20247,Generic,True
20248,Generic,True
20249,Generic,True
20250,Generic,True
20251,Generic,True
20252,Generic,True
20253,Generic,True
20254,Generic,True
20255,Generic,True
20256,Generic,True
20257,Generic,True
20258,Generic,True
20259,Generic,True
20260,Generic,True
20261,Generic,True
20262,Generic,True
20263,Generic,True
20264,Generic,True
20265,Generic,True
20266,Generic,True
20267,Generic,True
20268,Generic,True
20269,Generic,True
20270,Generic,True
20271,Generic,True
20272,Generic,True
20273,Generic,True
20274,Generic,True
20275,Generic,True
20276,Generic,True
20277,Generic,True
20278,Generic,True
20279,Generic,True
20280,Generic,True
20281,Generic,True
20282,Generic,True
20283,Generic,True
20284,Generic,True
20285,Generic,True
20286,Generic,True
20287,Generic,True
20288,Generic,True
20289,Generic,True
20290,Generic,True
20291,Generic,True
20292,Generic,True
20293,Generic,True
20294,Generic,True
20295,Generic,True
20296,Generic,True
20297,Generic,True
20298,Generic,True
20299,Generic,True
20300,Generic,True
20301,Generic,True
20302,Generic,True
20303,Generic,True
20304,Generic,True
20305,Generic,True
20306,Generic,True
20307,Generic,True
20308,Generic,True
20309,Generic,True
20310,Generic,True
20311,Generic,True
20312,Generic,True
20313,Generic,True
20314,Generic,True
20315,Generic,True
20316,Generic,True
20317,Generic,True
20318,Generic,True
20319,Generic,True
20320,Generic,True
20321,Generic,True
20322,Generic,True
20323,Generic,True
20324,Generic,True
20325,Generic,True
20326,Generic,True
20327,Generic,True
20328,Generic,True
20329,Generic,True
20330,Generic,True
20331,Generic,True
20332,Generic,True
20333,Generic,True
20334,Generic,True
20335,Generic,True
20336,Generic,True
20337,Generic,True
20338,Generic,True
20339,Generic,True
20340,Generic,True
20341,Generic,True
20342,Generic,True
20343,Generic,True
20344,Generic,True
20345,Generic,True
20346,Generic,True
20347,Generic,True
20348,Generic,True
20349,Generic,True
20350,Generic,True
20351,Generic,True
20352,Generic,True
20353,Generic,True
20354,Generic,True
20355,Generic,True
20356,Generic,True
20357,Generic,True
20358,Generic,True
20359,Generic,True
20360,Generic,True
20361,Generic,True
20362,Generic,True
20363,Generic,True
20364,Generic,True
20365,Generic,True
20366,Generic,True
20367,Generic,True
20368,Generic,True
20369,Generic,True
20370,Generic,True
20371,Generic,True
20372,Generic,True
20373,Generic,True
20374,Generic,True
20375,Generic,True
20376,Generic,True
20377,Generic,True
20378,Generic,True
20379,Generic,True
20380,Generic,True
20381,Generic,True
20382,Generic,True
20383,Generic,True
20384,Generic,True
20385,Generic,True
20386,Generic,True
20387,Generic,True
20388,Generic,True
20389,Generic,True
20390,Generic,True
20391,Generic,True
20392,Generic,True
20393,Generic,True
20394,Generic,True
20395,Generic,True
20396,Generic,True
20397,Generic,True
20398,Generic,True
20399,Generic,True
20400,Generic,True
20401,Generic,True
20402,Generic,True
20403,Generic,True
20404,Generic,True
20405,Generic,True
20406,Generic,True
20407,Generic,True
20408,Generic,True
20409,Generic,True
20410,Generic,True
20411,Generic,True
20412,Generic,True
20413,Generic,True
20414,Generic,True
20415,Generic,True
20416,Generic,True
20417,Generic,True
20418,Generic,True
20419,Generic,True
20420,Generic,True
20421,Generic,True
20422,Generic,True
20423,Generic,True
20424,Generic,True
20425,Generic,True
20426,Generic,True
20427,Generic,True
20428,Generic,True
20429,Generic,True
20430,Generic,True
20431,Generic,True
20432,Generic,True
20433,Generic,True
20434,Generic,True
20435,Generic,True
20436,Generic,True
20437,Generic,True
20438,Generic,True
20439,Generic,True
20440,Generic,True
20441,Generic,True
20442,Generic,True
20443,Generic,True
20444,Generic,True
20445,Generic,True
20446,Generic,True
20447,Generic,True
20448,Generic,True
20449,Generic,True
20450,Generic,True
20451,Generic,True
20452,Generic,True
20453,Generic,True
20454,Generic,True
20455,Generic,True
20456,Generic,True
20457,Generic,True
20458,Generic,True
20459,Generic,True
20460,Generic,True
20461,Generic,True
20462,Generic,True
20463,Generic,True
20464,Generic,True
20465,Generic,True
20466,Generic,True
20467,Generic,True
20468,Generic,True
20469,Generic,True
20470,Generic,True
20471,Generic,True
20472,Generic,True
20473,Generic,True
20474,Generic,True
20475,Generic,True
20476,Generic,True
20477,Generic,True
20478,Generic,True
20479,Generic,True
20480,Generic,True
20481,Generic,True
20482,Generic,True
20483,Generic,True
20484,Generic,True
20485,Generic,True
20486,Generic,True
20487,Generic,True
20488,Generic,True
20489,Generic,True
20490,Generic,True
20491,Generic,True
20492,Generic,True
20493,Generic,True
20494,Generic,True
20495,Generic,True
20496,Generic,True
20497,Generic,True
20498,Generic,True
20499,Generic,True
20500,Generic,True
20501,Generic,True
20502,Generic,True
20503,Generic,True
20504,Generic,True
20505,Generic,True
20506,Generic,True
20507,Generic,True
20508,Generic,True
20509,Generic,True
20510,Generic,True
20511,Generic,True
20512,Generic,True
20513,Generic,True
20514,Generic,True
20515,Generic,True
20516,Generic,True
20517,Generic,True
20518,Generic,True
20519,Generic,True
20520,Generic,True
20521,Generic,True
20522,Generic,True
20523,Generic,True
20524,Generic,True
20525,Generic,True
20526,Generic,True
20527,Generic,True
20528,Generic,True
20529,Generic,True
20530,Generic,True
20531,Generic,True
20532,Generic,True
20533,Generic,True
20534,Generic,True
20535,Generic,True
20536,Generic,True
20537,Generic,True
20538,Generic,True
20539,Generic,True
20540,Generic,True
20541,Generic,True
20542,Generic,True
20543,Generic,True
20544,Generic,True
20545,Generic,True
20546,Generic,True
20547,Generic,True
20548,Generic,True
20549,Generic,True
20550,Generic,True
20551,Generic,True
20552,Generic,True
20553,Generic,True
20554,Generic,True
20555,Generic,True
20556,Generic,True
20557,Generic,True
20558,Generic,True
20559,Generic,True
20560,Generic,True
20561,Generic,True
20562,Generic,True
20563,Generic,True
20564,Generic,True
20565,Generic,True
20566,Generic,True
20567,Generic,True
20568,Generic,True
20569,Generic,True
20570,Generic,True
20571,Generic,True
20572,Generic,True
20573,Generic,True
20574,Generic,True
20575,Generic,True
20576,Generic,True
20577,Generic,True
20578,Generic,True
20579,Generic,True
20580,Generic,True
20581,Generic,True
20582,Generic,True
20583,Generic,True
20584,Generic,True
20585,Generic,True
20586,Generic,True
20587,Generic,True
20588,Generic,True
20589,Generic,True
20590,Generic,True
20591,Generic,True
20592,Generic,True
20593,Generic,True
20594,Generic,True
20595,Generic,True
20596,Generic,True
20597,Generic,True
20598,Generic,True
20599,Generic,True
20600,Generic,True
20601,Generic,True
20602,Generic,True
20603,Generic,True
20604,Generic,True
20605,Generic,True
20606,Generic,True
20607,Generic,True
20608,Generic,True
20609,Generic,True
20610,Generic,True
20611,Generic,True
20612,Generic,True
20613,Generic,True
20614,Generic,True
20615,Generic,True
20616,Generic,True
20617,Generic,True
20618,Generic,True
20619,Generic,True
20620,Generic,True
20621,Generic,True
20622,Generic,True
20623,Generic,True
20624,Generic,True
20625,Generic,True
20626,Generic,True
20627,Generic,True
20628,Generic,True
20629,Generic,True
20630,Generic,True
20631,Generic,True
20632,Generic,True
20633,Generic,True
20634,Generic,True
20635,Generic,True
20636,Generic,True
20637,Generic,True
20638,Generic,True
20639,Generic,True
20640,Generic,True
20641,Generic,True
20642,Generic,True
20643,Generic,True
20644,Generic,True
20645,Generic,True
20646,Generic,True
20647,Generic,True
20648,Generic,True
20649,Generic,True
20650,Generic,True
20651,Generic,True
20652,Generic,True
20653,Generic,True
20654,Generic,True
20655,Generic,True
20656,Generic,True
20657,Generic,True
20658,Generic,True
20659,Generic,True
20660,Generic,True
20661,Generic,True
20662,Generic,True
20663,Generic,True
20664,Generic,True
20665,Generic,True
20666,Generic,True
20667,Generic,True
20668,Generic,True
20669,Generic,True
20670,Generic,True
20671,Generic,True
20672,Generic,True
20673,Generic,True
20674,Generic,True
20675,Generic,True
20676,Generic,True
20677,Generic,True
20678,Generic,True
20679,Generic,True
20680,Generic,True
20681,Generic,True
20682,Generic,True
20683,Generic,True
20684,Generic,True
20685,Generic,True
20686,Generic,True
20687,Generic,True
20688,Generic,True
20689,Generic,True
20690,Generic,True
20691,Generic,True
20692,Generic,True
20693,Generic,True
20694,Generic,True
20695,Generic,True
20696,Generic,True
20697,Generic,True
20698,Generic,True
20699,Generic,True
20700,Generic,True
20701,Generic,True
20702,Generic,True
20703,Generic,True
20704,Generic,True
20705,Generic,True
20706,Generic,True
20707,Generic,True
20708,Generic,True
20709,Generic,True
20710,Generic,True
20711,Generic,True
20712,Generic,True
20713,Generic,True
20714,Generic,True
20715,Generic,True
20716,Generic,True
20717,Generic,True
20718,Generic,True
20719,Generic,True
20720,Generic,True
20721,Generic,True
20722,Generic,True
20723,Generic,True
20724,Generic,True
20725,Generic,True
20726,Generic,True
20727,Generic,True
20728,Generic,True
20729,Generic,True
20730,Generic,True
20731,Generic,True
20732,Generic,True
20733,Generic,True
20734,Generic,True
20735,Generic,True
20736,Generic,True
20737,Generic,True
20738,Generic,True
20739,Generic,True
20740,Generic,True
20741,Generic,True
20742,Generic,True
20743,Generic,True
20744,Generic,True
20745,Generic,True
20746,Generic,True
20747,Generic,True
20748,Generic,True
20749,Generic,True
20750,Generic,True
20751,Generic,True
20752,Generic,True
20753,Generic,True
20754,Generic,True
20755,Generic,True
20756,Generic,True
20757,Generic,True
20758,Generic,True
20759,Generic,True
20760,Generic,True
20761,Generic,True
20762,Generic,True
20763,Generic,True
20764,Generic,True
20765,Generic,True
20766,Generic,True
20767,Generic,True
20768,Generic,True
20769,Generic,True
20770,Generic,True
20771,Generic,True
20772,Generic,True
20773,Generic,True
20774,Generic,True
20775,Generic,True
20776,Generic,True
20777,Generic,True
20778,Generic,True
20779,Generic,True
20780,Generic,True
20781,Generic,True
20782,Generic,True
20783,Generic,True
20784,Generic,True
20785,Generic,True
20786,Generic,True
20787,Generic,True
20788,Generic,True
20789,Generic,True
20790,Generic,True
20791,Generic,True
20792,Generic,True
20793,Generic,True
20794,Generic,True
20795,Generic,True
20796,Generic,True
20797,Generic,True
20798,Generic,True
20799,Generic,True
20800,Generic,True
20801,Generic,True
20802,Generic,True
20803,Generic,True
20804,Generic,True
20805,Generic,True
20806,Generic,True
20807,Generic,True
20808,Generic,True
20809,Generic,True
20810,Generic,True
20811,Generic,True
20812,Generic,True
20813,Generic,True
20814,Generic,True
20815,Generic,True
20816,Generic,True
20817,Generic,True
20818,Generic,True
20819,Generic,True
20820,Generic,True
20821,Generic,True
20822,Generic,True
20823,Generic,True
20824,Generic,True
20825,Generic,True
20826,Generic,True
20827,Generic,True
20828,Generic,True
20829,Generic,True
20830,Generic,True
20831,Generic,True
20832,Generic,True
20833,Generic,True
20834,Generic,True
20835,Generic,True
20836,Generic,True
20837,Generic,True
20838,Generic,True
20839,Generic,True
20840,Generic,True
20841,Generic,True
20842,Generic,True
20843,Generic,True
20844,Generic,True
20845,Generic,True
20846,Generic,True
20847,Generic,True
20848,Generic,True
20849,Generic,True
20850,Generic,True
20851,Generic,True
20852,Generic,True
20853,Generic,True
20854,Generic,True
20855,Generic,True
20856,Generic,True
20857,Generic,True
20858,Generic,True
20859,Generic,True
20860,Generic,True
20861,Generic,True
20862,Generic,True
20863,Generic,True
20864,Generic,True
20865,Generic,True
20866,Generic,True
20867,Generic,True
20868,Generic,True
20869,Generic,True
20870,Generic,True
20871,Generic,True
20872,Generic,True
20873,Generic,True
20874,Generic,True
20875,Generic,True
20876,Generic,True
20877,Generic,True
20878,Generic,True
20879,Generic,True
20880,Generic,True
20881,Generic,True
20882,Generic,True
20883,Generic,True
20884,Generic,True
20885,Generic,True
20886,Generic,True
20887,Generic,True
20888,Generic,True
20889,Generic,True
20890,Generic,True
20891,Generic,True
20892,Generic,True
20893,Generic,True
20894,Generic,True
20895,Generic,True
20896,Generic,True
20897,Generic,True
20898,Generic,True
20899,Generic,True
20900,Generic,True
20901,Generic,True
20902,Generic,True
20903,Generic,True
20904,Generic,True
20905,Generic,True
20906,Generic,True
20907,Generic,True
20908,Generic,True
20909,Generic,True
20910,Generic,True
20911,Generic,True
20912,Generic,True
20913,Generic,True
20914,Generic,True
20915,Generic,True
20916,Generic,True
20917,Generic,True
20918,Generic,True
20919,Generic,True
20920,Generic,True
20921,Generic,True
20922,Generic,True
20923,Generic,True
20924,Generic,True
20925,Generic,True
20926,Generic,True
20927,Generic,True
20928,Generic,True
20929,Generic,True
20930,Generic,True
20931,Generic,True
20932,Generic,True
20933,Generic,True
20934,Generic,True
20935,Generic,True
20936,Generic,True
20937,Generic,True
20938,Generic,True
20939,Generic,True
20940,Generic,True
20941,Generic,True
20942,Generic,True
20943,Generic,True
20944,Generic,True
20945,Generic,True
20946,Generic,True
20947,Generic,True
20948,Generic,True
20949,Generic,True
20950,Generic,True
20951,Generic,True
20952,Generic,True
20953,Generic,True
20954,Generic,True
20955,Generic,True
20956,Generic,True
20957,Generic,True
20958,Generic,True
20959,Generic,True
20960,Generic,True
20961,Generic,True
20962,Generic,True
20963,Generic,True
20964,Generic,True
20965,Generic,True
20966,Generic,True
20967,Generic,True
20968,Generic,True
20969,Generic,True
20970,Generic,True
20971,Generic,True
20972,Generic,True
20973,Generic,True
20974,Generic,True
20975,Generic,True
20976,Generic,True
20977,Generic,True
20978,Generic,True
20979,Generic,True
20980,Generic,True
20981,Generic,True
20982,Generic,True
20983,Generic,True
20984,Generic,True
20985,Generic,True
20986,Generic,True
20987,Generic,True
20988,Generic,True
20989,Generic,True
20990,Generic,True
20991,Generic,True
20992,Generic,True
20993,Generic,True
20994,Generic,True
20995,Generic,True
20996,Generic,True
20997,Generic,True
20998,Generic,True
20999,Generic,True
21000,Generic,True
21001,Generic,True
21002,Generic,True
21003,Generic,True
21004,Generic,True
21005,Generic,True
21006,Generic,True
21007,Generic,True
21008,Generic,True
21009,Generic,True
21010,Generic,True
21011,Generic,True
21012,Generic,True
21013,Generic,True
21014,Generic,True
21015,Generic,True
21016,Generic,True
21017,Generic,True
21018,Generic,True
21019,Generic,True
21020,Generic,True
21021,Generic,True
21022,Generic,True
21023,Generic,True
21024,Generic,True
21025,Generic,True
21026,Generic,True
21027,Generic,True
21028,Generic,True
21029,Generic,True
21030,Generic,True
21031,Generic,True
21032,Generic,True
21033,Generic,True
21034,Generic,True
21035,Generic,True
21036,Generic,True
21037,Generic,True
21038,Generic,True
21039,Generic,True
21040,Generic,True
21041,Generic,True
21042,Generic,True
21043,Generic,True
21044,Generic,True
21045,Generic,True
21046,Generic,True
21047,Generic,True
21048,Generic,True
21049,Generic,True
21050,Generic,True
21051,Generic,True
21052,Generic,True
21053,Generic,True
21054,Generic,True
21055,Generic,True
21056,Generic,True
21057,Generic,True
21058,Generic,True
21059,Generic,True
21060,Generic,True
21061,Generic,True
21062,Generic,True
21063,Generic,True
21064,Generic,True
21065,Generic,True
21066,Generic,True
21067,Generic,True
21068,Generic,True
21069,Generic,True
21070,Generic,True
21071,Generic,True
21072,Generic,True
21073,Generic,True
21074,Generic,True
21075,Generic,True
21076,Generic,True
21077,Generic,True
21078,Generic,True
21079,Generic,True
21080,Generic,True
21081,Generic,True
21082,Generic,True
21083,Generic,True
21084,Generic,True
21085,Generic,True
21086,Generic,True
21087,Generic,True
21088,Generic,True
21089,Generic,True
21090,Generic,True
21091,Generic,True
21092,Generic,True
21093,Generic,True
21094,Generic,True
21095,Generic,True
21096,Generic,True
21097,Generic,True
21098,Generic,True
21099,Generic,True
21100,Generic,True
21101,Generic,True
21102,Generic,True
21103,Generic,True
21104,Generic,True
21105,Generic,True
21106,Generic,True
21107,Generic,True
21108,Generic,True
21109,Generic,True
21110,Generic,True
21111,Generic,True
21112,Generic,True
21113,Generic,True
21114,Generic,True
21115,Generic,True
21116,Generic,True
21117,Generic,True
21118,Generic,True
21119,Generic,True
21120,Generic,True
21121,Generic,True
21122,Generic,True
21123,Generic,True
21124,Generic,True
21125,Generic,True
21126,Generic,True
21127,Generic,True
21128,Generic,True
21129,Generic,True
21130,Generic,True
21131,Generic,True
21132,Generic,True
21133,Generic,True
21134,Generic,True
21135,Generic,True
21136,Generic,True
21137,Generic,True
21138,Generic,True
21139,Generic,True
21140,Generic,True
21141,Generic,True
21142,Generic,True
21143,Generic,True
21144,Generic,True
21145,Generic,True
21146,Generic,True
21147,Generic,True
21148,Generic,True
21149,Generic,True
21150,Generic,True
21151,Generic,True
21152,Generic,True
21153,Generic,True
21154,Generic,True
21155,Generic,True
21156,Generic,True
21157,Generic,True
21158,Generic,True
21159,Generic,True
21160,Generic,True
21161,Generic,True
21162,Generic,True
21163,Generic,True
21164,Generic,True
21165,Generic,True
21166,Generic,True
21167,Generic,True
21168,Generic,True
21169,Generic,True
21170,Generic,True
21171,Generic,True
21172,Generic,True
21173,Generic,True
21174,Generic,True
21175,Generic,True
21176,Generic,True
21177,Generic,True
21178,Generic,True
21179,Generic,True
21180,Generic,True
21181,Generic,True
21182,Generic,True
21183,Generic,True
21184,Generic,True
21185,Generic,True
21186,Generic,True
21187,Generic,True
21188,Generic,True
21189,Generic,True
21190,Generic,True
21191,Generic,True
21192,Generic,True
21193,Generic,True
21194,Generic,True
21195,Generic,True
21196,Generic,True
21197,Generic,True
21198,Generic,True
21199,Generic,True
21200,Generic,True
21201,Generic,True
21202,Generic,True
21203,Generic,True
21204,Generic,True
21205,Generic,True
21206,Generic,True
21207,Generic,True
21208,Generic,True
21209,Generic,True
21210,Generic,True
21211,Generic,True
21212,Generic,True
21213,Generic,True
21214,Generic,True
21215,Generic,True
21216,Generic,True
21217,Generic,True
21218,Generic,True
21219,Generic,True
21220,Generic,True
21221,Generic,True
21222,Generic,True
21223,Generic,True
21224,Generic,True
21225,Generic,True
21226,Generic,True
21227,Generic,True
21228,Generic,True
21229,Generic,True
21230,Generic,True
21231,Generic,True
21232,Generic,True
21233,Generic,True
21234,Generic,True
21235,Generic,True
21236,Generic,True
21237,Generic,True
21238,Generic,True
21239,Generic,True
21240,Generic,True
21241,Generic,True
21242,Generic,True
21243,Generic,True
21244,Generic,True
21245,Generic,True
21246,Generic,True
21247,Generic,True
21248,Generic,True
21249,Generic,True
21250,Generic,True
21251,Generic,True
21252,Generic,True
21253,Generic,True
21254,Generic,True
21255,Generic,True
21256,Generic,True
21257,Generic,True
21258,Generic,True
21259,Generic,True
21260,Generic,True
21261,Generic,True
21262,Generic,True
21263,Generic,True
21264,Generic,True
21265,Generic,True
21266,Generic,True
21267,Generic,True
21268,Generic,True
21269,Generic,True
21270,Generic,True
21271,Generic,True
21272,Generic,True
21273,Generic,True
21274,Generic,True
21275,Generic,True
21276,Generic,True
21277,Generic,True
21278,Generic,True
21279,Generic,True
21280,Generic,True
21281,Generic,True
21282,Generic,True
21283,Generic,True
21284,Generic,True
21285,Generic,True
21286,Generic,True
21287,Generic,True
21288,Generic,True
21289,Generic,True
21290,Generic,True
21291,Generic,True
21292,Generic,True
21293,Generic,True
21294,Generic,True
21295,Generic,True
21296,Generic,True
21297,Generic,True
21298,Generic,True
21299,Generic,True
21300,Generic,True
21301,Generic,True
21302,Generic,True
21303,Generic,True
21304,Generic,True
21305,Generic,True
21306,Generic,True
21307,Generic,True
21308,Generic,True
21309,Generic,True
21310,Generic,True
21311,Generic,True
21312,Generic,True
21313,Generic,True
21314,Generic,True
21315,Generic,True
21316,Generic,True
21317,Generic,True
21318,Generic,True
21319,Generic,True
21320,Generic,True
21321,Generic,True
21322,Generic,True
21323,Generic,True
21324,Generic,True
21325,Generic,True
21326,Generic,True
21327,Generic,True
21328,Generic,True
21329,Generic,True
21330,Generic,True
21331,Generic,True
21332,Generic,True
21333,Generic,True
21334,Generic,True
21335,Generic,True
21336,Generic,True
21337,Generic,True
21338,Generic,True
21339,Generic,True
21340,Generic,True
21341,Generic,True
21342,Generic,True
21343,Generic,True
21344,Generic,True
21345,Generic,True
21346,Generic,True
21347,Generic,True
21348,Generic,True
21349,Generic,True
21350,Generic,True
21351,Generic,True
21352,Generic,True
21353,Generic,True
21354,Generic,True
21355,Generic,True
21356,Generic,True
21357,Generic,True
21358,Generic,True
21359,Generic,True
21360,Generic,True
21361,Generic,True
21362,Generic,True
21363,Generic,True
21364,Generic,True
21365,Generic,True
21366,Generic,True
21367,Generic,True
21368,Generic,True
21369,Generic,True
21370,Generic,True
21371,Generic,True
21372,Generic,True
21373,Generic,True
21374,Generic,True
21375,Generic,True
21376,Generic,True
21377,Generic,True
21378,Generic,True
21379,Generic,True
21380,Generic,True
21381,Generic,True
21382,Generic,True
21383,Generic,True
21384,Generic,True
21385,Generic,True
21386,Generic,True
21387,Generic,True
21388,Generic,True
21389,Generic,True
21390,Generic,True
21391,Generic,True
21392,Generic,True
21393,Generic,True
21394,Generic,True
21395,Generic,True
21396,Generic,True
21397,Generic,True
21398,Generic,True
21399,Generic,True
21400,Generic,True
21401,Generic,True
21402,Generic,True
21403,Generic,True
21404,Generic,True
21405,Generic,True
21406,Generic,True
21407,Generic,True
21408,Generic,True
21409,Generic,True
21410,Generic,True
21411,Generic,True
21412,Generic,True
21413,Generic,True
21414,Generic,True
21415,Generic,True
21416,Generic,True
21417,Generic,True
21418,Generic,True
21419,Generic,True
21420,Generic,True
21421,Generic,True
21422,Generic,True
21423,Generic,True
21424,Generic,True
21425,Generic,True
21426,Generic,True
21427,Generic,True
21428,Generic,True
21429,Generic,True
21430,Generic,True
21431,Generic,True
21432,Generic,True
21433,Generic,True
21434,Generic,True
21435,Generic,True
21436,Generic,True
21437,Generic,True
21438,Generic,True
21439,Generic,True
21440,Generic,True
21441,Generic,True
21442,Generic,True
21443,Generic,True
21444,Generic,True
21445,Generic,True
21446,Generic,True
21447,Generic,True
21448,Generic,True
21449,Generic,True
21450,Generic,True
21451,Generic,True
21452,Generic,True
21453,Generic,True
21454,Generic,True
21455,Generic,True
21456,Generic,True
21457,Generic,True
21458,Generic,True
21459,Generic,True
21460,Generic,True
21461,Generic,True
21462,Generic,True
21463,Generic,True
21464,Generic,True
21465,Generic,True
21466,Generic,True
21467,Generic,True
21468,Generic,True
21469,Generic,True
21470,Generic,True
21471,Generic,True
21472,Generic,True
21473,Generic,True
21474,Generic,True
21475,Generic,True
21476,Generic,True
21477,Generic,True
21478,Generic,True
21479,Generic,True
21480,Generic,True
21481,Generic,True
21482,Generic,True
21483,Generic,True
21484,Generic,True
21485,Generic,True
21486,Generic,True
21487,Generic,True
21488,Generic,True
21489,Generic,True
21490,Generic,True
21491,Generic,True
21492,Generic,True
21493,Generic,True
21494,Generic,True
21495,Generic,True
21496,Generic,True
21497,Generic,True
21498,Generic,True
21499,Generic,True
21500,Generic,True
21501,Generic,True
21502,Generic,True
21503,Generic,True
21504,Generic,True
21505,Generic,True
21506,Generic,True
21507,Generic,True
21508,Generic,True
21509,Generic,True
21510,Generic,True
21511,Generic,True
21512,Generic,True
21513,Generic,True
21514,Generic,True
21515,Generic,True
21516,Generic,True
21517,Generic,True
21518,Generic,True
21519,Generic,True
21520,Generic,True
21521,Generic,True
21522,Generic,True
21523,Generic,True
21524,Generic,True
21525,Generic,True
21526,Generic,True
21527,Generic,True
21528,Generic,True
21529,Generic,True
21530,Generic,True
21531,Generic,True
21532,Generic,True
21533,Generic,True
21534,Generic,True
21535,Generic,True
21536,Generic,True
21537,Generic,True
21538,Generic,True
21539,Generic,True
21540,Generic,True
21541,Generic,True
21542,Generic,True
21543,Generic,True
21544,Generic,True
21545,Generic,True
21546,Generic,True
21547,Generic,True
21548,Generic,True
21549,Generic,True
21550,Generic,True
21551,Generic,True
21552,Generic,True
21553,Generic,True
21554,Generic,True
21555,Generic,True
21556,Generic,True
21557,Generic,True
21558,Generic,True
21559,Generic,True
21560,Generic,True
21561,Generic,True
21562,Generic,True
21563,Generic,True
21564,Generic,True
21565,Generic,True
21566,Generic,True
21567,Generic,True
21568,Generic,True
21569,Generic,True
21570,Generic,True
21571,Generic,True
21572,Generic,True
21573,Generic,True
21574,Generic,True
21575,Generic,True
21576,Generic,True
21577,Generic,True
21578,Generic,True
21579,Generic,True
21580,Generic,True
21581,Generic,True
21582,Generic,True
21583,Generic,True
21584,Generic,True
21585,Generic,True
21586,Generic,True
21587,Generic,True
21588,Generic,True
21589,Generic,True
21590,Generic,True
21591,Generic,True
21592,Generic,True
21593,Generic,True
21594,Generic,True
21595,Generic,True
21596,Generic,True
21597,Generic,True
21598,Generic,True
21599,Generic,True
21600,Generic,True
21601,Generic,True
21602,Generic,True
21603,Generic,True
21604,Generic,True
21605,Generic,True
21606,Generic,True
21607,Generic,True
21608,Generic,True
21609,Generic,True
21610,Generic,True
21611,Generic,True
21612,Generic,True
21613,Generic,True
21614,Generic,True
21615,Generic,True
21616,Generic,True
21617,Generic,True
21618,Generic,True
21619,Generic,True
21620,Generic,True
21621,Generic,True
21622,Generic,True
21623,Generic,True
21624,Generic,True
21625,Generic,True
21626,Generic,True
21627,Generic,True
21628,Generic,True
21629,Generic,True
21630,Generic,True
21631,Generic,True
21632,Generic,True
21633,Generic,True
21634,Generic,True
21635,Generic,True
21636,Generic,True
21637,Generic,True
21638,Generic,True
21639,Generic,True
21640,Generic,True
21641,Generic,True
21642,Generic,True
21643,Generic,True
21644,Generic,True
21645,Generic,True
21646,Generic,True
21647,Generic,True
21648,Generic,True
21649,Generic,True
21650,Generic,True
21651,Generic,True
21652,Generic,True
21653,Generic,True
21654,Generic,True
21655,Generic,True
21656,Generic,True
21657,Generic,True
21658,Generic,True
21659,Generic,True
21660,Generic,True
21661,Generic,True
21662,Generic,True
21663,Generic,True
21664,Generic,True
21665,Generic,True
21666,Generic,True
21667,Generic,True
21668,Generic,True
21669,Generic,True
21670,Generic,True
21671,Generic,True
21672,Generic,True
21673,Generic,True
21674,Generic,True
21675,Generic,True
21676,Generic,True
21677,Generic,True
21678,Generic,True
21679,Generic,True
21680,Generic,True
21681,Generic,True
21682,Generic,True
21683,Generic,True
21684,Generic,True
21685,Generic,True
21686,Generic,True
21687,Generic,True
21688,Generic,True
21689,Generic,True
21690,Generic,True
21691,Generic,True
21692,Generic,True
21693,Generic,True
21694,Generic,True
21695,Generic,True
21696,Generic,True
21697,Generic,True
21698,Generic,True
21699,Generic,True
21700,Generic,True
21701,Generic,True
21702,Generic,True
21703,Generic,True
21704,Generic,True
21705,Generic,True
21706,Generic,True
21707,Generic,True
21708,Generic,True
21709,Generic,True
21710,Generic,True
21711,Generic,True
21712,Generic,True
21713,Generic,True
21714,Generic,True
21715,Generic,True
21716,Generic,True
21717,Generic,True
21718,Generic,True
21719,Generic,True
21720,Generic,True
21721,Generic,True
21722,Generic,True
21723,Generic,True
21724,Generic,True
21725,Generic,True
21726,Generic,True
21727,Generic,True
21728,Generic,True
21729,Generic,True
21730,Generic,True
21731,Generic,True
21732,Generic,True
21733,Generic,True
21734,Generic,True
21735,Generic,True
21736,Generic,True
21737,Generic,True
21738,Generic,True
21739,Generic,True
21740,Generic,True
21741,Generic,True
21742,Generic,True
21743,Generic,True
21744,Generic,True
21745,Generic,True
21746,Generic,True
21747,Generic,True
21748,Generic,True
21749,Generic,True
21750,Generic,True
21751,Generic,True
21752,Generic,True
21753,Generic,True
21754,Generic,True
21755,Generic,True
21756,Generic,True
21757,Generic,True
21758,Generic,True
21759,Generic,True
21760,Generic,True
21761,Generic,True
21762,Generic,True
21763,Generic,True
21764,Generic,True
21765,Generic,True
21766,Generic,True
21767,Generic,True
21768,Generic,True
21769,Generic,True
21770,Generic,True
21771,Generic,True
21772,Generic,True
21773,Generic,True
21774,Generic,True
21775,Generic,True
21776,Generic,True
21777,Generic,True
21778,Generic,True
21779,Generic,True
21780,Generic,True
21781,Generic,True
21782,Generic,True
21783,Generic,True
21784,Generic,True
21785,Generic,True
21786,Generic,True
21787,Generic,True
21788,Generic,True
21789,Generic,True
21790,Generic,True
21791,Generic,True
21792,Generic,True
21793,Generic,True
21794,Generic,True
21795,Generic,True
21796,Generic,True
21797,Generic,True
21798,Generic,True
21799,Generic,True
21800,Generic,True
21801,Generic,True
21802,Generic,True
21803,Generic,True
21804,Generic,True
21805,Generic,True
21806,Generic,True
21807,Generic,True
21808,Generic,True
21809,Generic,True
21810,Generic,True
21811,Generic,True
21812,Generic,True
21813,Generic,True
21814,Generic,True
21815,Generic,True
21816,Generic,True
21817,Generic,True
21818,Generic,True
21819,Generic,True
21820,Generic,True
21821,Generic,True
21822,Generic,True
21823,Generic,True
21824,Generic,True
21825,Generic,True
21826,Generic,True
21827,Generic,True
21828,Generic,True
21829,Generic,True
21830,Generic,True
21831,Generic,True
21832,Generic,True
21833,Generic,True
21834,Generic,True
21835,Generic,True
21836,Generic,True
21837,Generic,True
21838,Generic,True
21839,Generic,True
21840,Generic,True
21841,Generic,True
21842,Generic,True
21843,Generic,True
21844,Generic,True
21845,Generic,True
21846,Generic,True
21847,Generic,True
21848,Generic,True
21849,Generic,True
21850,Generic,True
21851,Generic,True
21852,Generic,True
21853,Generic,True
21854,Generic,True
21855,Generic,True
21856,Generic,True
21857,Generic,True
21858,Generic,True
21859,Generic,True
21860,Generic,True
21861,Generic,True
21862,Generic,True
21863,Generic,True
21864,Generic,True
21865,Generic,True
21866,Generic,True
21867,Generic,True
21868,Generic,True
21869,Generic,True
21870,Generic,True
21871,Generic,True
21872,Generic,True
21873,Generic,True
21874,Generic,True
21875,Generic,True
21876,Generic,True
21877,Generic,True
21878,Generic,True
21879,Generic,True
21880,Generic,True
21881,Generic,True
21882,Generic,True
21883,Generic,True
21884,Generic,True
21885,Generic,True
21886,Generic,True
21887,Generic,True
21888,Generic,True
21889,Generic,True
21890,Generic,True
21891,Generic,True
21892,Generic,True
21893,Generic,True
21894,Generic,True
21895,Generic,True
21896,Generic,True
21897,Generic,True
21898,Generic,True
21899,Generic,True
21900,Generic,True
21901,Generic,True
21902,Generic,True
21903,Generic,True
21904,Generic,True
21905,Generic,True
21906,Generic,True
21907,Generic,True
21908,Generic,True
21909,Generic,True
21910,Generic,True
21911,Generic,True
21912,Generic,True
21913,Generic,True
21914,Generic,True
21915,Generic,True
21916,Generic,True
21917,Generic,True
21918,Generic,True
21919,Generic,True
21920,Generic,True
21921,Generic,True
21922,Generic,True
21923,Generic,True
21924,Generic,True
21925,Generic,True
21926,Generic,True
21927,Generic,True
21928,Generic,True
21929,Generic,True
21930,Generic,True
21931,Generic,True
21932,Generic,True
21933,Generic,True
21934,Generic,True
21935,Generic,True
21936,Generic,True
21937,Generic,True
21938,Generic,True
21939,Generic,True
21940,Generic,True
21941,Generic,True
21942,Generic,True
21943,Generic,True
21944,Generic,True
21945,Generic,True
21946,Generic,True
21947,Generic,True
21948,Generic,True
21949,Generic,True
21950,Generic,True
21951,Generic,True
21952,Generic,True
21953,Generic,True
21954,Generic,True
21955,Generic,True
21956,Generic,True
21957,Generic,True
21958,Generic,True
21959,Generic,True
21960,Generic,True
21961,Generic,True
21962,Generic,True
21963,Generic,True
21964,Generic,True
21965,Generic,True
21966,Generic,True
21967,Generic,True
21968,Generic,True
21969,Generic,True
21970,Generic,True
21971,Generic,True
21972,Generic,True
21973,Generic,True
21974,Generic,True
21975,Generic,True
21976,Generic,True
21977,Generic,True
21978,Generic,True
21979,Generic,True
21980,Generic,True
21981,Generic,True
21982,Generic,True
21983,Generic,True
21984,Generic,True
21985,Generic,True
21986,Generic,True
21987,Generic,True
21988,Generic,True
21989,Generic,True
21990,Generic,True
21991,Generic,True
21992,Generic,True
21993,Generic,True
21994,Generic,True
21995,Generic,True
21996,Generic,True
21997,Generic,True
21998,Generic,True
21999,Generic,True
22000,Generic,True
22001,Generic,True
22002,Generic,True
22003,Generic,True
22004,Generic,True
22005,Generic,True
22006,Generic,True
22007,Generic,True
22008,Generic,True
22009,Generic,True
22010,Generic,True
22011,Generic,True
22012,Generic,True
22013,Generic,True
22014,Generic,True
22015,Generic,True
22016,Generic,True
22017,Generic,True
22018,Generic,True
22019,Generic,True
22020,Generic,True
22021,Generic,True
22022,Generic,True
22023,Generic,True
22024,Generic,True
22025,Generic,True
22026,Generic,True
22027,Generic,True
22028,Generic,True
22029,Generic,True
22030,Generic,True
22031,Generic,True
22032,Generic,True
22033,Generic,True
22034,Generic,True
22035,Generic,True
22036,Generic,True
22037,Generic,True
22038,Generic,True
22039,Generic,True
22040,Generic,True
22041,Generic,True
22042,Generic,True
22043,Generic,True
22044,Generic,True
22045,Generic,True
22046,Generic,True
22047,Generic,True
22048,Generic,True
22049,Generic,True
22050,Generic,True
22051,Generic,True
22052,Generic,True
22053,Generic,True
22054,Generic,True
22055,Generic,True
22056,Generic,True
22057,Generic,True
22058,Generic,True
22059,Generic,True
22060,Generic,True
22061,Generic,True
22062,Generic,True
22063,Generic,True
22064,Generic,True
22065,Generic,True
22066,Generic,True
22067,Generic,True
22068,Generic,True
22069,Generic,True
22070,Generic,True
22071,Generic,True
22072,Generic,True
22073,Generic,True
22074,Generic,True
22075,Generic,True
22076,Generic,True
22077,Generic,True
22078,Generic,True
22079,Generic,True
22080,Generic,True
22081,Generic,True
22082,Generic,True
22083,Generic,True
22084,Generic,True
22085,Generic,True
22086,Generic,True
22087,Generic,True
22088,Generic,True
22089,Generic,True
22090,Generic,True
22091,Generic,True
22092,Generic,True
22093,Generic,True
22094,Generic,True
22095,Generic,True
22096,Generic,True
22097,Generic,True
22098,Generic,True
22099,Generic,True
22100,Generic,True
22101,Generic,True
22102,Generic,True
22103,Generic,True
22104,Generic,True
22105,Generic,True
22106,Generic,True
22107,Generic,True
22108,Generic,True
22109,Generic,True
22110,Generic,True
22111,Generic,True
22112,Generic,True
22113,Generic,True
22114,Generic,True
22115,Generic,True
22116,Generic,True
22117,Generic,True
22118,Generic,True
22119,Generic,True
22120,Generic,True
22121,Generic,True
22122,Generic,True
22123,Generic,True
22124,Generic,True
22125,Generic,True
22126,Generic,True
22127,Generic,True
22128,Generic,True
22129,Generic,True
22130,Generic,True
22131,Generic,True
22132,Generic,True
22133,Generic,True
22134,Generic,True
22135,Generic,True
22136,Generic,True
22137,Generic,True
22138,Generic,True
22139,Generic,True
22140,Generic,True
22141,Generic,True
22142,Generic,True
22143,Generic,True
22144,Generic,True
22145,Generic,True
22146,Generic,True
22147,Generic,True
22148,Generic,True
22149,Generic,True
22150,Generic,True
22151,Generic,True
22152,Generic,True
22153,Generic,True
22154,Generic,True
22155,Generic,True
22156,Generic,True
22157,Generic,True
22158,Generic,True
22159,Generic,True
22160,Generic,True
22161,Generic,True
22162,Generic,True
22163,Generic,True
22164,Generic,True
22165,Generic,True
22166,Generic,True
22167,Generic,True
22168,Generic,True
22169,Generic,True
22170,Generic,True
22171,Generic,True
22172,Generic,True
22173,Generic,True
22174,Generic,True
22175,Generic,True
22176,Generic,True
22177,Generic,True
22178,Generic,True
22179,Generic,True
22180,Generic,True
22181,Generic,True
22182,Generic,True
22183,Generic,True
22184,Generic,True
22185,Generic,True
22186,Generic,True
22187,Generic,True
22188,Generic,True
22189,Generic,True
22190,Generic,True
22191,Generic,True
22192,Generic,True
22193,Generic,True
22194,Generic,True
22195,Generic,True
22196,Generic,True
22197,Generic,True
22198,Generic,True
22199,Generic,True
22200,Generic,True
22201,Generic,True
22202,Generic,True
22203,Generic,True
22204,Generic,True
22205,Generic,True
22206,Generic,True
22207,Generic,True
22208,Generic,True
22209,Generic,True
22210,Generic,True
22211,Generic,True
22212,Generic,True
22213,Generic,True
22214,Generic,True
22215,Generic,True
22216,Generic,True
22217,Generic,True
22218,Generic,True
22219,Generic,True
22220,Generic,True
22221,Generic,True
22222,Generic,True
22223,Generic,True
22224,Generic,True
22225,Generic,True
22226,Generic,True
22227,Generic,True
22228,Generic,True
22229,Generic,True
22230,Generic,True
22231,Generic,True
22232,Generic,True
22233,Generic,True
22234,Generic,True
22235,Generic,True
22236,Generic,True
22237,Generic,True
22238,Generic,True
22239,Generic,True
22240,Generic,True
22241,Generic,True
22242,Generic,True
22243,Generic,True
22244,Generic,True
22245,Generic,True
22246,Generic,True
22247,Generic,True
22248,Generic,True
22249,Generic,True
22250,Generic,True
22251,Generic,True
22252,Generic,True
22253,Generic,True
22254,Generic,True
22255,Generic,True
22256,Generic,True
22257,Generic,True
22258,Generic,True
22259,Generic,True
22260,Generic,True
22261,Generic,True
22262,Generic,True
22263,Generic,True
22264,Generic,True
22265,Generic,True
22266,Generic,True
22267,Generic,True
22268,Generic,True
22269,Generic,True
22270,Generic,True
22271,Generic,True
22272,Generic,True
22273,Generic,True
22274,Generic,True
22275,Generic,True
22276,Generic,True
22277,Generic,True
22278,Generic,True
22279,Generic,True
22280,Generic,True
22281,Generic,True
22282,Generic,True
22283,Generic,True
22284,Generic,True
22285,Generic,True
22286,Generic,True
22287,Generic,True
22288,Generic,True
22289,Generic,True
22290,Generic,True
22291,Generic,True
22292,Generic,True
22293,Generic,True
22294,Generic,True
22295,Generic,True
22296,Generic,True
22297,Generic,True
22298,Generic,True
22299,Generic,True
22300,Generic,True
22301,Generic,True
22302,Generic,True
22303,Generic,True
22304,Generic,True
22305,Generic,True
22306,Generic,True
22307,Generic,True
22308,Generic,True
22309,Generic,True
22310,Generic,True
22311,Generic,True
22312,Generic,True
22313,Generic,True
22314,Generic,True
22315,Generic,True
22316,Generic,True
22317,Generic,True
22318,Generic,True
22319,Generic,True
22320,Generic,True
22321,Generic,True
22322,Generic,True
22323,Generic,True
22324,Generic,True
22325,Generic,True
22326,Generic,True
22327,Generic,True
22328,Generic,True
22329,Generic,True
22330,Generic,True
22331,Generic,True
22332,Generic,True
22333,Generic,True
22334,Generic,True
22335,Generic,True
22336,Generic,True
22337,Generic,True
22338,Generic,True
22339,Generic,True
22340,Generic,True
22341,Generic,True
22342,Generic,True
22343,Generic,True
22344,Generic,True
22345,Generic,True
22346,Generic,True
22347,Generic,True
22348,Generic,True
22349,Generic,True
22350,Generic,True
22351,Generic,True
22352,Generic,True
22353,Generic,True
22354,Generic,True
22355,Generic,True
22356,Generic,True
22357,Generic,True
22358,Generic,True
22359,Generic,True
22360,Generic,True
22361,Generic,True
22362,Generic,True
22363,Generic,True
22364,Generic,True
22365,Generic,True
22366,Generic,True
22367,Generic,True
22368,Generic,True
22369,Generic,True
22370,Generic,True
22371,Generic,True
22372,Generic,True
22373,Generic,True
22374,Generic,True
22375,Generic,True
22376,Generic,True
22377,Generic,True
22378,Generic,True
22379,Generic,True
22380,Generic,True
22381,Generic,True
22382,Generic,True
22383,Generic,True
22384,Generic,True
22385,Generic,True
22386,Generic,True
22387,Generic,True
22388,Generic,True
22389,Generic,True
22390,Generic,True
22391,Generic,True
22392,Generic,True
22393,Generic,True
22394,Generic,True
22395,Generic,True
22396,Generic,True
22397,Generic,True
22398,Generic,True
22399,Generic,True
22400,Generic,True
22401,Generic,True
22402,Generic,True
22403,Generic,True
22404,Generic,True
22405,Generic,True
22406,Generic,True
22407,Generic,True
22408,Generic,True
22409,Generic,True
22410,Generic,True
22411,Generic,True
22412,Generic,True
22413,Generic,True
22414,Generic,True
22415,Generic,True
22416,Generic,True
22417,Generic,True
22418,Generic,True
22419,Generic,True
22420,Generic,True
22421,Generic,True
22422,Generic,True
22423,Generic,True
22424,Generic,True
22425,Generic,True
22426,Generic,True
22427,Generic,True
22428,Generic,True
22429,Generic,True
22430,Generic,True
22431,Generic,True
22432,Generic,True
22433,Generic,True
22434,Generic,True
22435,Generic,True
22436,Generic,True
22437,Generic,True
22438,Generic,True
22439,Generic,True
22440,Generic,True
22441,Generic,True
22442,Generic,True
22443,Generic,True
22444,Generic,True
22445,Generic,True
22446,Generic,True
22447,Generic,True
22448,Generic,True
22449,Generic,True
22450,Generic,True
22451,Generic,True
22452,Generic,True
22453,Generic,True
22454,Generic,True
22455,Generic,True
22456,Generic,True
22457,Generic,True
22458,Generic,True
22459,Generic,True
22460,Generic,True
22461,Generic,True
22462,Generic,True
22463,Generic,True
22464,Generic,True
22465,Generic,True
22466,Generic,True
22467,Generic,True
22468,Generic,True
22469,Generic,True
22470,Generic,True
22471,Generic,True
22472,Generic,True
22473,Generic,True
22474,Generic,True
22475,Generic,True
22476,Generic,True
22477,Generic,True
22478,Generic,True
22479,Generic,True
22480,Generic,True
22481,Generic,True
22482,Generic,True
22483,Generic,True
22484,Generic,True
22485,Generic,True
22486,Generic,True
22487,Generic,True
22488,Generic,True
22489,Generic,True
22490,Generic,True
22491,Generic,True
22492,Generic,True
22493,Generic,True
22494,Generic,True
22495,Generic,True
22496,Generic,True
22497,Generic,True
22498,Generic,True
22499,Generic,True
22500,Generic,True
22501,Generic,True
22502,Generic,True
22503,Generic,True
22504,Generic,True
22505,Generic,True
22506,Generic,True
22507,Generic,True
22508,Generic,True
22509,Generic,True
22510,Generic,True
22511,Generic,True
22512,Generic,True
22513,Generic,True
22514,Generic,True
22515,Generic,True
22516,Generic,True
22517,Generic,True
22518,Generic,True
22519,Generic,True
22520,Generic,True
22521,Generic,True
22522,Generic,True
22523,Generic,True
22524,Generic,True
22525,Generic,True
22526,Generic,True
22527,Generic,True
22528,Generic,True
22529,Generic,True
22530,Generic,True
22531,Generic,True
22532,Generic,True
22533,Generic,True
22534,Generic,True
22535,Generic,True
22536,Generic,True
22537,Generic,True
22538,Generic,True
22539,Generic,True
22540,Generic,True
22541,Generic,True
22542,Generic,True
22543,Generic,True
22544,Generic,True
22545,Generic,True
22546,Generic,True
22547,Generic,True
22548,Generic,True
22549,Generic,True
22550,Generic,True
22551,Generic,True
22552,Generic,True
22553,Generic,True
22554,Generic,True
22555,Generic,True
22556,Generic,True
22557,Generic,True
22558,Generic,True
22559,Generic,True
22560,Generic,True
22561,Generic,True
22562,Generic,True
22563,Generic,True
22564,Generic,True
22565,Generic,True
22566,Generic,True
22567,Generic,True
22568,Generic,True
22569,Generic,True
22570,Generic,True
22571,Generic,True
22572,Generic,True
22573,Generic,True
22574,Generic,True
22575,Generic,True
22576,Generic,True
22577,Generic,True
22578,Generic,True
22579,Generic,True
22580,Generic,True
22581,Generic,True
22582,Generic,True
22583,Generic,True
22584,Generic,True
22585,Generic,True
22586,Generic,True
22587,Generic,True
22588,Generic,True
22589,Generic,True
22590,Generic,True
22591,Generic,True
22592,Generic,True
22593,Generic,True
22594,Generic,True
22595,Generic,True
22596,Generic,True
22597,Generic,True
22598,Generic,True
22599,Generic,True
22600,Generic,True
22601,Generic,True
22602,Generic,True
22603,Generic,True
22604,Generic,True
22605,Generic,True
22606,Generic,True
22607,Generic,True
22608,Generic,True
22609,Generic,True
22610,Generic,True
22611,Generic,True
22612,Generic,True
22613,Generic,True
22614,Generic,True
22615,Generic,True
22616,Generic,True
22617,Generic,True
22618,Generic,True
22619,Generic,True
22620,Generic,True
22621,Generic,True
22622,Generic,True
22623,Generic,True
22624,Generic,True
22625,Generic,True
22626,Generic,True
22627,Generic,True
22628,Generic,True
22629,Generic,True
22630,Generic,True
22631,Generic,True
22632,Generic,True
22633,Generic,True
22634,Generic,True
22635,Generic,True
22636,Generic,True
22637,Generic,True
22638,Generic,True
22639,Generic,True
22640,Generic,True
22641,Generic,True
22642,Generic,True
22643,Generic,True
22644,Generic,True
22645,Generic,True
22646,Generic,True
22647,Generic,True
22648,Generic,True
22649,Generic,True
22650,Generic,True
22651,Generic,True
22652,Generic,True
22653,Generic,True
22654,Generic,True
22655,Generic,True
22656,Generic,True
22657,Generic,True
22658,Generic,True
22659,Generic,True
22660,Generic,True
22661,Generic,True
22662,Generic,True
22663,Generic,True
22664,Generic,True
22665,Generic,True
22666,Generic,True
22667,Generic,True
22668,Generic,True
22669,Generic,True
22670,Generic,True
22671,Generic,True
22672,Generic,True
22673,Generic,True
22674,Generic,True
22675,Generic,True
22676,Generic,True
22677,Generic,True
22678,Generic,True
22679,Generic,True
22680,Generic,True
22681,Generic,True
22682,Generic,True
22683,Generic,True
22684,Generic,True
22685,Generic,True
22686,Generic,True
22687,Generic,True
22688,Generic,True
22689,Generic,True
22690,Generic,True
22691,Generic,True
22692,Generic,True
22693,Generic,True
22694,Generic,True
22695,Generic,True
22696,Generic,True
22697,Generic,True
22698,Generic,True
22699,Generic,True
22700,Generic,True
22701,Generic,True
22702,Generic,True
22703,Generic,True
22704,Generic,True
22705,Generic,True
22706,Generic,True
22707,Generic,True
22708,Generic,True
22709,Generic,True
22710,Generic,True
22711,Generic,True
22712,Generic,True
22713,Generic,True
22714,Generic,True
22715,Generic,True
22716,Generic,True
22717,Generic,True
22718,Generic,True
22719,Generic,True
22720,Generic,True
22721,Generic,True
22722,Generic,True
22723,Generic,True
22724,Generic,True
22725,Generic,True
22726,Generic,True
22727,Generic,True
22728,Generic,True
22729,Generic,True
22730,Generic,True
22731,Generic,True
22732,Generic,True
22733,Generic,True
22734,Generic,True
22735,Generic,True
22736,Generic,True
22737,Generic,True
22738,Generic,True
22739,Generic,True
22740,Generic,True
22741,Generic,True
22742,Generic,True
22743,Generic,True
22744,Generic,True
22745,Generic,True
22746,Generic,True
22747,Generic,True
22748,Generic,True
22749,Generic,True
22750,Generic,True
22751,Generic,True
22752,Generic,True
22753,Generic,True
22754,Generic,True
22755,Generic,True
22756,Generic,True
22757,Generic,True
22758,Generic,True
22759,Generic,True
22760,Generic,True
22761,Generic,True
22762,Generic,True
22763,Generic,True
22764,Generic,True
22765,Generic,True
22766,Generic,True
22767,Generic,True
22768,Generic,True
22769,Generic,True
22770,Generic,True
22771,Generic,True
22772,Generic,True
22773,Generic,True
22774,Generic,True
22775,Generic,True
22776,Generic,True
22777,Generic,True
22778,Generic,True
22779,Generic,True
22780,Generic,True
22781,Generic,True
22782,Generic,True
22783,Generic,True
22784,Generic,True
22785,Generic,True
22786,Generic,True
22787,Generic,True
22788,Generic,True
22789,Generic,True
22790,Generic,True
22791,Generic,True
22792,Generic,True
22793,Generic,True
22794,Generic,True
22795,Generic,True
22796,Generic,True
22797,Generic,True
22798,Generic,True
22799,Generic,True
22800,Generic,True
22801,Generic,True
22802,Generic,True
22803,Generic,True
22804,Generic,True
22805,Generic,True
22806,Generic,True
22807,Generic,True
22808,Generic,True
22809,Generic,True
22810,Generic,True
22811,Generic,True
22812,Generic,True
22813,Generic,True
22814,Generic,True
22815,Generic,True
22816,Generic,True
22817,Generic,True
22818,Generic,True
22819,Generic,True
22820,Generic,True
22821,Generic,True
22822,Generic,True
22823,Generic,True
22824,Generic,True
22825,Generic,True
22826,Generic,True
22827,Generic,True
22828,Generic,True
22829,Generic,True
22830,Generic,True
22831,Generic,True
22832,Generic,True
22833,Generic,True
22834,Generic,True
22835,Generic,True
22836,Generic,True
22837,Generic,True
22838,Generic,True
22839,Generic,True
22840,Generic,True
22841,Generic,True
22842,Generic,True
22843,Generic,True
22844,Generic,True
22845,Generic,True
22846,Generic,True
22847,Generic,True
22848,Generic,True
22849,Generic,True
22850,Generic,True
22851,Generic,True
22852,Generic,True
22853,Generic,True
22854,Generic,True
22855,Generic,True
22856,Generic,True
22857,Generic,True
22858,Generic,True
22859,Generic,True
22860,Generic,True
22861,Generic,True
22862,Generic,True
22863,Generic,True
22864,Generic,True
22865,Generic,True
22866,Generic,True
22867,Generic,True
22868,Generic,True
22869,Generic,True
22870,Generic,True
22871,Generic,True
22872,Generic,True
22873,Generic,True
22874,Generic,True
22875,Generic,True
22876,Generic,True
22877,Generic,True
22878,Generic,True
22879,Generic,True
22880,Generic,True
22881,Generic,True
22882,Generic,True
22883,Generic,True
22884,Generic,True
22885,Generic,True
22886,Generic,True
22887,Generic,True
22888,Generic,True
22889,Generic,True
22890,Generic,True
22891,Generic,True
22892,Generic,True
22893,Generic,True
22894,Generic,True
22895,Generic,True
22896,Generic,True
22897,Generic,True
22898,Generic,True
22899,Generic,True
22900,Generic,True
22901,Generic,True
22902,Generic,True
22903,Generic,True
22904,Generic,True
22905,Generic,True
22906,Generic,True
22907,Generic,True
22908,Generic,True
22909,Generic,True
22910,Generic,True
22911,Generic,True
22912,Generic,True
22913,Generic,True
22914,Generic,True
22915,Generic,True
22916,Generic,True
22917,Generic,True
22918,Generic,True
22919,Generic,True
22920,Generic,True
22921,Generic,True
22922,Generic,True
22923,Generic,True
22924,Generic,True
22925,Generic,True
22926,Generic,True
22927,Generic,True
22928,Generic,True
22929,Generic,True
22930,Generic,True
22931,Generic,True
22932,Generic,True
22933,Generic,True
22934,Generic,True
22935,Generic,True
22936,Generic,True
22937,Generic,True
22938,Generic,True
22939,Generic,True
22940,Generic,True
22941,Generic,True
22942,Generic,True
22943,Generic,True
22944,Generic,True
22945,Generic,True
22946,Generic,True
22947,Generic,True
22948,Generic,True
22949,Generic,True
22950,Generic,True
22951,Generic,True
22952,Generic,True
22953,Generic,True
22954,Generic,True
22955,Generic,True
22956,Generic,True
22957,Generic,True
22958,Generic,True
22959,Generic,True
22960,Generic,True
22961,Generic,True
22962,Generic,True
22963,Generic,True
22964,Generic,True
22965,Generic,True
22966,Generic,True
22967,Generic,True
22968,Generic,True
22969,Generic,True
22970,Generic,True
22971,Generic,True
22972,Generic,True
22973,Generic,True
22974,Generic,True
22975,Generic,True
22976,Generic,True
22977,Generic,True
22978,Generic,True
22979,Generic,True
22980,Generic,True
22981,Generic,True
22982,Generic,True
22983,Generic,True
22984,Generic,True
22985,Generic,True
22986,Generic,True
22987,Generic,True
22988,Generic,True
22989,Generic,True
22990,Generic,True
22991,Generic,True
22992,Generic,True
22993,Generic,True
22994,Generic,True
22995,Generic,True
22996,Generic,True
22997,Generic,True
22998,Generic,True
22999,Generic,True
23000,Generic,True
23001,Generic,True
23002,Generic,True
23003,Generic,True
23004,Generic,True
23005,Generic,True
23006,Generic,True
23007,Generic,True
23008,Generic,True
23009,Generic,True
23010,Generic,True
23011,Generic,True
23012,Generic,True
23013,Generic,True
23014,Generic,True
23015,Generic,True
23016,Generic,True
23017,Generic,True
23018,Generic,True
23019,Generic,True
23020,Generic,True
23021,Generic,True
23022,Generic,True
23023,Generic,True
23024,Generic,True
23025,Generic,True
23026,Generic,True
23027,Generic,True
23028,Generic,True
23029,Generic,True
23030,Generic,True
23031,Generic,True
23032,Generic,True
23033,Generic,True
23034,Generic,True
23035,Generic,True
23036,Generic,True
23037,Generic,True
23038,Generic,True
23039,Generic,True
23040,Generic,True
23041,Generic,True
23042,Generic,True
23043,Generic,True
23044,Generic,True
23045,Generic,True
23046,Generic,True
23047,Generic,True
23048,Generic,True
23049,Generic,True
23050,Generic,True
23051,Generic,True
23052,Generic,True
23053,Generic,True
23054,Generic,True
23055,Generic,True
23056,Generic,True
23057,Generic,True
23058,Generic,True
23059,Generic,True
23060,Generic,True
23061,Generic,True
23062,Generic,True
23063,Generic,True
23064,Generic,True
23065,Generic,True
23066,Generic,True
23067,Generic,True
23068,Generic,True
23069,Generic,True
23070,Generic,True
23071,Generic,True
23072,Generic,True
23073,Generic,True
23074,Generic,True
23075,Generic,True
23076,Generic,True
23077,Generic,True
23078,Generic,True
23079,Generic,True
23080,Generic,True
23081,Generic,True
23082,Generic,True
23083,Generic,True
23084,Generic,True
23085,Generic,True
23086,Generic,True
23087,Generic,True
23088,Generic,True
23089,Generic,True
23090,Generic,True
23091,Generic,True
23092,Generic,True
23093,Generic,True
23094,Generic,True
23095,Generic,True
23096,Generic,True
23097,Generic,True
23098,Generic,True
23099,Generic,True
23100,Generic,True
23101,Generic,True
23102,Generic,True
23103,Generic,True
23104,Generic,True
23105,Generic,True
23106,Generic,True
23107,Generic,True
23108,Generic,True
23109,Generic,True
23110,Generic,True
23111,Generic,True
23112,Generic,True
23113,Generic,True
23114,Generic,True
23115,Generic,True
23116,Generic,True
23117,Generic,True
23118,Generic,True
23119,Generic,True
23120,Generic,True
23121,Generic,True
23122,Generic,True
23123,Generic,True
23124,Generic,True
23125,Generic,True
23126,Generic,True
23127,Generic,True
23128,Generic,True
23129,Generic,True
23130,Generic,True
23131,Generic,True
23132,Generic,True
23133,Generic,True
23134,Generic,True
23135,Generic,True
23136,Generic,True
23137,Generic,True
23138,Generic,True
23139,Generic,True
23140,Generic,True
23141,Generic,True
23142,Generic,True
23143,Generic,True
23144,Generic,True
23145,Generic,True
23146,Generic,True
23147,Generic,True
23148,Generic,True
23149,Generic,True
23150,Generic,True
23151,Generic,True
23152,Generic,True
23153,Generic,True
23154,Generic,True
23155,Generic,True
23156,Generic,True
23157,Generic,True
23158,Generic,True
23159,Generic,True
23160,Generic,True
23161,Generic,True
23162,Generic,True
23163,Generic,True
23164,Generic,True
23165,Generic,True
23166,Generic,True
23167,Generic,True
23168,Generic,True
23169,Generic,True
23170,Generic,True
23171,Generic,True
23172,Generic,True
23173,Generic,True
23174,Generic,True
23175,Generic,True
23176,Generic,True
23177,Generic,True
23178,Generic,True
23179,Generic,True
23180,Generic,True
23181,Generic,True
23182,Generic,True
23183,Generic,True
23184,Generic,True
23185,Generic,True
23186,Generic,True
23187,Generic,True
23188,Generic,True
23189,Generic,True
23190,Generic,True
23191,Generic,True
23192,Generic,True
23193,Generic,True
23194,Generic,True
23195,Generic,True
23196,Generic,True
23197,Generic,True
23198,Generic,True
23199,Generic,True
23200,Generic,True
23201,Generic,True
23202,Generic,True
23203,Generic,True
23204,Generic,True
23205,Generic,True
23206,Generic,True
23207,Generic,True
23208,Generic,True
23209,Generic,True
23210,Generic,True
23211,Generic,True
23212,Generic,True
23213,Generic,True
23214,Generic,True
23215,Generic,True
23216,Generic,True
23217,Generic,True
23218,Generic,True
23219,Generic,True
23220,Generic,True
23221,Generic,True
23222,Generic,True
23223,Generic,True
23224,Generic,True
23225,Generic,True
23226,Generic,True
23227,Generic,True
23228,Generic,True
23229,Generic,True
23230,Generic,True
23231,Generic,True
23232,Generic,True
23233,Generic,True
23234,Generic,True
23235,Generic,True
23236,Generic,True
23237,Generic,True
23238,Generic,True
23239,Generic,True
23240,Generic,True
23241,Generic,True
23242,Generic,True
23243,Generic,True
23244,Generic,True
23245,Generic,True
23246,Generic,True
23247,Generic,True
23248,Generic,True
23249,Generic,True
23250,Generic,True
23251,Generic,True
23252,Generic,True
23253,Generic,True
23254,Generic,True
23255,Generic,True
23256,Generic,True
23257,Generic,True
23258,Generic,True
23259,Generic,True
23260,Generic,True
23261,Generic,True
23262,Generic,True
23263,Generic,True
23264,Generic,True
23265,Generic,True
23266,Generic,True
23267,Generic,True
23268,Generic,True
23269,Generic,True
23270,Generic,True
23271,Generic,True
23272,Generic,True
23273,Generic,True
23274,Generic,True
23275,Generic,True
23276,Generic,True
23277,Generic,True
23278,Generic,True
23279,Generic,True
23280,Generic,True
23281,Generic,True
23282,Generic,True
23283,Generic,True
23284,Generic,True
23285,Generic,True
23286,Generic,True
23287,Generic,True
23288,Generic,True
23289,Generic,True
23290,Generic,True
23291,Generic,True
23292,Generic,True
23293,Generic,True
23294,Generic,True
23295,Generic,True
23296,Generic,True
23297,Generic,True
23298,Generic,True
23299,Generic,True
23300,Generic,True
23301,Generic,True
23302,Generic,True
23303,Generic,True
23304,Generic,True
23305,Generic,True
23306,Generic,True
23307,Generic,True
23308,Generic,True
23309,Generic,True
23310,Generic,True
23311,Generic,True
23312,Generic,True
23313,Generic,True
23314,Generic,True
23315,Generic,True
23316,Generic,True
23317,Generic,True
23318,Generic,True
23319,Generic,True
23320,Generic,True
23321,Generic,True
23322,Generic,True
23323,Generic,True
23324,Generic,True
23325,Generic,True
23326,Generic,True
23327,Generic,True
23328,Generic,True
23329,Generic,True
23330,Generic,True
23331,Generic,True
23332,Generic,True
23333,Generic,True
23334,Generic,True
23335,Generic,True
23336,Generic,True
23337,Generic,True
23338,Generic,True
23339,Generic,True
23340,Generic,True
23341,Generic,True
23342,Generic,True
23343,Generic,True
23344,Generic,True
23345,Generic,True
23346,Generic,True
23347,Generic,True
23348,Generic,True
23349,Generic,True
23350,Generic,True
23351,Generic,True
23352,Generic,True
23353,Generic,True
23354,Generic,True
23355,Generic,True
23356,Generic,True
23357,Generic,True
23358,Generic,True
23359,Generic,True
23360,Generic,True
43638,Fuzzers,True
43639,Fuzzers,True
43640,Fuzzers,True
43641,Fuzzers,True
43642,Exploits,True
43643,Reconnaissance,True
43644,Exploits,True
43645,Exploits,True
43646,Fuzzers,True
43647,Exploits,True
43648,Fuzzers,True
43649,Generic,True
43650,Fuzzers,True
43651,Fuzzers,True
43652,Exploits,True
43653,Exploits,True
43654,Reconnaissance,True
43655,Exploits,True
43656,Fuzzers,True
43657,Fuzzers,True
43658,Fuzzers,True
43659,Exploits,True
43660,DoS,True
43661,Fuzzers,True
43662,Fuzzers,True
43663,Reconnaissance,True
43664,Exploits,True
43665,Fuzzers,True
43666,Fuzzers,True
43667,Exploits,True
43668,Exploits,True
43669,Exploits,True
43670,Fuzzers,True
43671,Fuzzers,True
43672,Fuzzers,True
43673,Generic,True
43674,Exploits,True
43675,Exploits,True
43676,Fuzzers,True
43677,Exploits,True
43678,Fuzzers,True
43679,Fuzzers,True
43680,Exploits,True
43681,Exploits,True
43682,Exploits,True
43683,Fuzzers,True
43684,Fuzzers,True
43685,Fuzzers,True
43686,Exploits,True
43687,Fuzzers,True
43688,Exploits,True
43689,Fuzzers,True
43690,Exploits,True
43691,Fuzzers,True
43692,Fuzzers,True
43693,Reconnaissance,True
43694,Reconnaissance,True
43695,Fuzzers,True
43696,Fuzzers,True
43697,Reconnaissance,True
43698,Exploits,True
43699,Exploits,True
43700,Fuzzers,True
43701,Fuzzers,True
43702,Fuzzers,True
43703,Fuzzers,True
43704,Fuzzers,True
43705,Fuzzers,True
43706,Exploits,True
43707,Reconnaissance,True
43708,Fuzzers,True
43709,Exploits,True
43710,Exploits,True
43711,Exploits,True
43712,Exploits,True
43713,Exploits,True
43714,Exploits,True
43715,Reconnaissance,True
43716,Reconnaissance,True
43717,Fuzzers,True
43718,Reconnaissance,True
43719,Fuzzers,True
43720,Fuzzers,True
43721,Exploits,True
43722,Exploits,True
43723,Exploits,True
43724,Reconnaissance,True
43725,Reconnaissance,True
43726,Fuzzers,True
43727,Reconnaissance,True
43728,Reconnaissance,True
43729,Exploits,True
43730,Exploits,True
43731,Exploits,True
43732,Exploits,True
43733,Fuzzers,True
43734,Fuzzers,True
43735,Fuzzers,True
43736,Reconnaissance,True
43737,Fuzzers,True
43738,Exploits,True
43739,Shellcode,True
43740,Exploits,True
43741,Exploits,True
43742,Exploits,True
43743,Exploits,True
43744,Fuzzers,True
43745,Reconnaissance,True
43746,Exploits,True
43747,Reconnaissance,True
43748,Fuzzers,True
43749,Fuzzers,True
43750,Fuzzers,True
43751,Exploits,True
43752,Fuzzers,True
43753,Reconnaissance,True
43754,Exploits,True
43755,Fuzzers,True
43756,Reconnaissance,True
43757,Fuzzers,True
43758,Reconnaissance,True
43759,Fuzzers,True
43760,Generic,True
43761,Fuzzers,True
43762,Fuzzers,True
43763,Fuzzers,True
43764,Generic,True
43765,Reconnaissance,True
43766,Fuzzers,True
43767,Reconnaissance,True
43768,Exploits,True
43769,Exploits,True
43770,Exploits,True
43771,DoS,True
43772,DoS,True
43773,DoS,True
43774,Exploits,True
43775,Exploits,True
43776,DoS,True
43777,Fuzzers,True
43778,Reconnaissance,True
43779,Exploits,True
43780,DoS,True
43781,Exploits,True
43782,Fuzzers,True
43783,Generic,True
43784,Exploits,True
43785,Exploits,True
43786,Exploits,True
43787,Fuzzers,True
43788,Fuzzers,True
43789,Reconnaissance,True
43790,Fuzzers,True
43791,Fuzzers,True
43792,Fuzzers,True
43793,Fuzzers,True
43794,Fuzzers,True
43795,Fuzzers,True
43796,DoS,True
43797,Generic,True
43798,Exploits,True
43799,Fuzzers,True
43800,Exploits,True
43801,Exploits,True
43802,DoS,True
43803,Fuzzers,True
43804,Exploits,True
43805,Fuzzers,True
43806,Fuzzers,True
43807,Fuzzers,True
43808,Shellcode,True
43809,Fuzzers,True
43810,Fuzzers,True
43811,Reconnaissance,True
43812,Fuzzers,True
43813,Fuzzers,True
43814,Shellcode,True
43815,Exploits,True
43816,Fuzzers,True
43817,Reconnaissance,True
43818,Fuzzers,True
43819,Fuzzers,True
43820,Fuzzers,True
43821,Fuzzers,True
43822,Reconnaissance,True
43823,Fuzzers,True
43824,Generic,True
43825,Fuzzers,True
43826,Fuzzers,True
43827,Generic,True
43828,DoS,True
43829,Exploits,True
43830,Exploits,True
43831,Exploits,True
43832,Exploits,True
43833,Reconnaissance,True
43834,Exploits,True
43835,Reconnaissance,True
43836,Reconnaissance,True
43837,Exploits,True
43838,Exploits,True
43839,Fuzzers,True
43840,Fuzzers,True
43841,Fuzzers,True
43842,Fuzzers,True
43843,Fuzzers,True
43844,Fuzzers,True
43845,Reconnaissance,True
43846,Exploits,True
43847,Fuzzers,True
43848,Exploits,True
43849,Fuzzers,True
43850,Fuzzers,True
43851,Exploits,True
43852,Fuzzers,True
43853,Fuzzers,True
43854,Fuzzers,True
43855,Exploits,True
43856,Exploits,True
43857,Reconnaissance,True
43858,Exploits,True
43859,Exploits,True
43860,Exploits,True
43861,Fuzzers,True
43862,Fuzzers,True
43863,Reconnaissance,True
43864,Shellcode,True
43865,Exploits,True
43866,Generic,True
43867,Reconnaissance,True
43868,Fuzzers,True
43869,Fuzzers,True
43870,DoS,True
43871,Generic,True
43872,Reconnaissance,True
43873,Fuzzers,True
43874,Exploits,True
43875,Fuzzers,True
43876,Fuzzers,True
43877,Exploits,True
43878,Reconnaissance,True
43879,Shellcode,True
43880,Exploits,True
43881,Exploits,True
43882,Exploits,True
43883,Exploits,True
43884,Reconnaissance,True
43885,Fuzzers,True
43886,Fuzzers,True
43887,Fuzzers,True
43888,Fuzzers,True
43889,Fuzzers,True
43890,Generic,True
43891,Exploits,True
43892,Exploits,True
43893,Exploits,True
43894,Reconnaissance,True
43895,Exploits,True
43896,Exploits,True
43897,Fuzzers,True
43898,Fuzzers,True
43899,Reconnaissance,True
43900,Reconnaissance,True
43901,Exploits,True
43902,DoS,True
43903,Exploits,True
43904,Fuzzers,True
43905,Exploits,True
43906,Fuzzers,True
43907,Fuzzers,True
43908,Fuzzers,True
43909,Fuzzers,True
43910,Exploits,True
43911,Exploits,True
43912,Exploits,True
43913,Reconnaissance,True
43914,Exploits,True
43915,Exploits,True
43916,Generic,True
43917,Fuzzers,True
43918,Fuzzers,True
43919,Fuzzers,True
43920,Reconnaissance,True
43921,Fuzzers,True
43922,Fuzzers,True
43923,Exploits,True
43924,Fuzzers,True
43925,Exploits,True
43926,Exploits,True
43927,Exploits,True
43928,Generic,True
43929,Fuzzers,True
43930,Fuzzers,True
43931,Fuzzers,True
43932,Fuzzers,True
43933,Exploits,True
43934,Reconnaissance,True
43935,Fuzzers,True
43936,Exploits,True
43937,Fuzzers,True
43938,DoS,True
43939,Fuzzers,True
43940,Fuzzers,True
43941,Exploits,True
43942,Fuzzers,True
43943,Fuzzers,True
43944,Fuzzers,True
43945,Fuzzers,True
43946,Exploits,True
43947,Exploits,True
43948,Fuzzers,True
43949,Fuzzers,True
43950,Fuzzers,True
43951,Fuzzers,True
43952,Fuzzers,True
43953,Fuzzers,True
43954,Reconnaissance,True
43955,Fuzzers,True
43956,Reconnaissance,True
43957,Fuzzers,True
43958,Exploits,True
43959,Exploits,True
43960,Exploits,True
43961,Exploits,True
43962,Fuzzers,True
43963,Exploits,True
43964,Reconnaissance,True
43965,Exploits,True
43966,Fuzzers,True
43967,Fuzzers,True
43968,DoS,True
43969,Fuzzers,True
43970,Fuzzers,True
43971,Exploits,True
43972,Fuzzers,True
43973,Fuzzers,True
43974,Exploits,True
43975,Exploits,True
43976,Exploits,True
43977,Fuzzers,True
43978,DoS,True
43979,Fuzzers,True
43980,Fuzzers,True
43981,Fuzzers,True
43982,Fuzzers,True
43983,Shellcode,True
43984,Fuzzers,True
43985,Worms,True
43986,Exploits,True
43987,Exploits,True
43988,Exploits,True
43989,Exploits,True
43990,Fuzzers,True
43991,Fuzzers,True
43992,Fuzzers,True
43993,Exploits,True
43994,Reconnaissance,True
43995,Exploits,True
43996,Exploits,True
43997,Fuzzers,True
43998,Exploits,True
43999,Exploits,True
44000,Fuzzers,True
44001,Exploits,True
44002,Exploits,True
44003,Shellcode,True
44004,Exploits,True
44005,Exploits,True
44006,Exploits,True
44007,Reconnaissance,True
44008,Exploits,True
44009,Exploits,True
44010,Exploits,True
44011,Exploits,True
44012,Fuzzers,True
44013,Fuzzers,True
44014,Exploits,True
44015,Fuzzers,True
44016,Reconnaissance,True
44017,Fuzzers,True
44018,Fuzzers,True
44019,Exploits,True
44020,Exploits,True
44021,Exploits,True
44022,Exploits,True
44023,Exploits,True
44024,Exploits,True
44025,Fuzzers,True
44026,Fuzzers,True
44027,Exploits,True
44028,DoS,True
44029,Fuzzers,True
44030,Shellcode,True
44031,Fuzzers,True
44032,Fuzzers,True
44033,Exploits,True
44034,Fuzzers,True
44035,Exploits,True
44036,Fuzzers,True
44037,Generic,True
44038,Fuzzers,True
44039,Fuzzers,True
44040,Fuzzers,True
44041,Fuzzers,True
44042,Reconnaissance,True
44043,Fuzzers,True
44044,Fuzzers,True
44045,Fuzzers,True
44046,Exploits,True
44047,Fuzzers,True
44048,Exploits,True
44049,Exploits,True
44050,Exploits,True
44051,Fuzzers,True
44052,Fuzzers,True
44053,Fuzzers,True
44054,Generic,True
44055,Fuzzers,True
44056,Reconnaissance,True
44057,Fuzzers,True
44058,Reconnaissance,True
44059,Fuzzers,True
44060,Fuzzers,True
44061,Fuzzers,True
44062,Generic,True
44063,Fuzzers,True
44064,Exploits,True
44065,Exploits,True
44066,Fuzzers,True
44067,Exploits,True
44068,Fuzzers,True
44069,Reconnaissance,True
44070,Exploits,True
44071,Exploits,True
44072,Fuzzers,True
44073,Fuzzers,True
44074,Reconnaissance,True
44075,Fuzzers,True
44076,Fuzzers,True
44077,Exploits,True
44078,DoS,True
44079,Exploits,True
44080,Exploits,True
44081,Fuzzers,True
44082,Exploits,True
44083,Generic,True
44084,Exploits,True
44085,Exploits,True
44086,Exploits,True
44087,Fuzzers,True
44088,Exploits,True
44089,Exploits,True
44090,DoS,True
44091,Exploits,True
44092,Fuzzers,True
44093,DoS,True
44094,Exploits,True
44095,Exploits,True
44096,Exploits,True
44097,DoS,True
44098,Exploits,True
44099,Fuzzers,True
44100,Fuzzers,True
44101,DoS,True
44102,Reconnaissance,True
44103,Reconnaissance,True
44104,Fuzzers,True
44105,Exploits,True
44106,Exploits,True
44107,Reconnaissance,True
44108,Exploits,True
44109,Shellcode,True
44110,Generic,True
44111,Exploits,True
44112,Generic,True
44113,DoS,True
44114,DoS,True
44115,Exploits,True
44116,Exploits,True
44117,Exploits,True
44118,Fuzzers,True
44119,Exploits,True
44120,Exploits,True
44121,Reconnaissance,True
44122,DoS,True
44123,Exploits,True
44124,Fuzzers,True
44125,Exploits,True
44126,Reconnaissance,True
44127,Exploits,True
44128,Fuzzers,True
44129,DoS,True
44130,Exploits,True
44131,Exploits,True
44132,Fuzzers,True
44133,Exploits,True
44134,Fuzzers,True
44135,Reconnaissance,True
44136,Fuzzers,True
44137,Exploits,True
44138,Fuzzers,True
44139,Fuzzers,True
44140,Exploits,True
44141,Exploits,True
44142,Fuzzers,True
44143,Exploits,True
44144,DoS,True
44145,Reconnaissance,True
44146,Fuzzers,True
44147,Fuzzers,True
44148,Fuzzers,True
44149,Fuzzers,True
44150,Fuzzers,True
44151,Fuzzers,True
44152,Reconnaissance,True
44153,Fuzzers,True
44154,DoS,True
44155,Reconnaissance,True
44156,Shellcode,True
44157,Fuzzers,True
44158,Reconnaissance,True
44159,DoS,True
44160,Exploits,True
44161,Exploits,True
44162,Fuzzers,True
44163,Exploits,False
44164,Exploits,True
44165,Exploits,True
44166,DoS,True
44167,Fuzzers,True
44168,Exploits,True
44169,Shellcode,True
44170,Exploits,True
44171,Exploits,True
44172,Reconnaissance,True
44173,Reconnaissance,True
44174,Shellcode,True
44175,Exploits,True
44176,Fuzzers,True
44177,Reconnaissance,True
44178,Fuzzers,True
44179,Fuzzers,True
44180,Fuzzers,True
44181,Exploits,True
44182,Exploits,True
44183,Exploits,True
44184,Reconnaissance,True
44185,Generic,True
44186,Exploits,True
44187,Exploits,True
44188,Exploits,True
44189,Fuzzers,True
44190,Generic,True
44191,Fuzzers,True
44192,Exploits,True
44193,Reconnaissance,True
44194,Exploits,True
44195,Fuzzers,True
44196,Exploits,True
44197,Fuzzers,True
44198,Generic,True
44199,Exploits,True
44200,Fuzzers,True
44201,Exploits,True
44202,Fuzzers,True
44203,DoS,True
44204,Fuzzers,True
44205,Exploits,True
44206,Exploits,True
44207,Fuzzers,True
44208,Reconnaissance,True
44209,Exploits,True
44210,Fuzzers,True
44211,Fuzzers,True
44212,Exploits,True
44213,Reconnaissance,True
44214,Fuzzers,True
44215,Reconnaissance,True
44216,Fuzzers,True
44217,Fuzzers,True
44218,Fuzzers,True
44219,Fuzzers,True
44220,Fuzzers,True
44221,Exploits,True
44222,Fuzzers,True
44223,DoS,True
44224,Fuzzers,True
44225,Reconnaissance,True
44226,Fuzzers,True
44227,Exploits,True
44228,Exploits,True
44229,Exploits,True
44230,Reconnaissance,True
44231,Generic,True
44232,Fuzzers,True
44233,Fuzzers,True
44234,Fuzzers,True
44235,Reconnaissance,True
44236,Generic,True
44237,Fuzzers,True
44238,Fuzzers,True
44239,Fuzzers,True
44240,Reconnaissance,True
44241,Fuzzers,True
44242,Reconnaissance,True
44243,Reconnaissance,True
44244,Fuzzers,True
44245,Exploits,True
44246,Exploits,True
44247,Fuzzers,True
44248,Reconnaissance,True
44249,Fuzzers,True
44250,Fuzzers,True
44251,Generic,True
44252,Fuzzers,True
44253,Fuzzers,True
44254,Exploits,True
44255,Exploits,True
44256,Exploits,True
44257,Exploits,True
44258,Exploits,True
44259,Fuzzers,True
44260,Exploits,True
44261,Exploits,True
44262,Exploits,True
44263,Fuzzers,True
44264,Fuzzers,True
44265,Reconnaissance,True
44266,Exploits,True
44267,Exploits,True
44268,Fuzzers,True
44269,Exploits,True
44270,Exploits,True
44271,Exploits,True
44272,Fuzzers,True
44273,Reconnaissance,True
44274,Fuzzers,True
44275,Fuzzers,True
44276,Fuzzers,True
44277,Reconnaissance,True
44278,Fuzzers,True
44279,Reconnaissance,True
44280,Fuzzers,True
44281,Fuzzers,True
44282,Exploits,True
44283,Exploits,True
44284,Exploits,True
44285,Exploits,True
44286,Reconnaissance,True
44287,Generic,True
44288,Reconnaissance,True
44289,Fuzzers,True
44290,Fuzzers,True
44291,Reconnaissance,True
44292,Generic,True
44293,Fuzzers,True
44294,Reconnaissance,True
44295,Exploits,True
44296,Exploits,True
44297,Exploits,True
44298,Exploits,True
44299,Fuzzers,True
44300,Fuzzers,True
44301,Exploits,True
44302,Fuzzers,True
44303,Fuzzers,True
44304,Fuzzers,True
44305,Shellcode,True
44306,Exploits,True
44307,Fuzzers,True
44308,Fuzzers,True
44309,Fuzzers,True
44310,Fuzzers,True
44311,Exploits,True
44312,Fuzzers,True
44313,Exploits,True
44314,Exploits,True
44315,Fuzzers,True
44316,Exploits,True
44317,Generic,True
44318,Fuzzers,True
44319,Exploits,True
44320,Reconnaissance,True
44321,Reconnaissance,True
44322,Shellcode,True
44323,Exploits,True
44324,Exploits,True
44325,Fuzzers,True
44326,DoS,True
44327,Exploits,True
44328,Fuzzers,True
44329,Fuzzers,True
44330,Exploits,True
44331,Exploits,True
44332,Fuzzers,True
44333,Fuzzers,True
44334,Exploits,True
44335,Fuzzers,True
44336,Fuzzers,True
44337,Reconnaissance,True
44338,Exploits,True
44339,DoS,True
44340,DoS,True
44341,Fuzzers,True
44342,DoS,True
44343,Reconnaissance,True
44344,Exploits,True
44345,Fuzzers,True
44346,Fuzzers,True
44347,Fuzzers,True
44348,Fuzzers,True
44349,Exploits,True
44350,Reconnaissance,True
44351,Exploits,True
44352,Fuzzers,True
44353,Fuzzers,True
44354,Exploits,True
44355,Exploits,True
44356,Fuzzers,True
44357,Exploits,True
44358,Fuzzers,True
44359,DoS,True
44360,Fuzzers,True
44361,Exploits,True
44362,Exploits,True
44363,Reconnaissance,True
44364,Fuzzers,True
44365,Exploits,True
44366,Exploits,True
44367,Exploits,True
44368,DoS,True
44369,Exploits,True
44370,Exploits,True
44371,Exploits,True
44372,Generic,True
44373,Exploits,True
44374,Exploits,True
44375,Exploits,True
44376,Exploits,True
44377,Exploits,True
44378,Exploits,True
44379,Fuzzers,True
44380,Reconnaissance,True
44381,Fuzzers,True
44382,Exploits,True
44383,Fuzzers,True
44384,Reconnaissance,True
44385,Exploits,True
44386,Fuzzers,True
44387,Fuzzers,True
44388,Exploits,True
44389,Shellcode,True
44390,Reconnaissance,True
44391,Fuzzers,True
44392,Fuzzers,True
44393,Shellcode,True
44394,Fuzzers,True
44395,Fuzzers,True
44396,Reconnaissance,True
44397,Reconnaissance,True
44398,DoS,True
44399,Fuzzers,True
44400,Generic,True
44401,DoS,True
44402,Reconnaissance,True
44403,Shellcode,True
44404,Exploits,True
44405,Reconnaissance,True
44406,Fuzzers,True
44407,Fuzzers,True
44408,Exploits,True
44409,Fuzzers,True
44410,Fuzzers,True
44411,Exploits,True
44412,Fuzzers,True
44413,Fuzzers,True
44414,Fuzzers,True
44415,Reconnaissance,True
44416,Fuzzers,True
44417,Generic,True
44418,Shellcode,True
44419,Generic,True
44420,Fuzzers,True
44421,DoS,True
44422,Fuzzers,True
44423,Fuzzers,True
44424,Exploits,True
44425,Fuzzers,True
44426,Exploits,True
44427,Fuzzers,True
44428,Fuzzers,True
44429,Fuzzers,True
44430,Fuzzers,True
44431,Fuzzers,True
44432,Fuzzers,True
44433,Exploits,True
44434,Exploits,True
44435,Fuzzers,True
44436,Reconnaissance,True
44437,Exploits,True
44438,Fuzzers,True
44439,Fuzzers,True
44440,Fuzzers,True
44441,DoS,True
44442,Fuzzers,True
44443,Fuzzers,True
44444,Fuzzers,True
44445,Reconnaissance,True
44446,Fuzzers,True
44447,Exploits,True
44448,Fuzzers,True
44449,Exploits,True
44450,Fuzzers,True
44451,Reconnaissance,True
44452,Exploits,True
44453,Exploits,True
44454,Exploits,True
44455,Exploits,True
44456,Fuzzers,True
44457,Generic,True
44458,Exploits,True
44459,Reconnaissance,True
44460,Fuzzers,True
44461,Exploits,True
44462,Reconnaissance,True
44463,Exploits,True
44464,Generic,True
44465,Generic,True
44466,Fuzzers,True
44467,Fuzzers,True
44468,Fuzzers,True
44469,Reconnaissance,True
44470,Exploits,True
44471,Fuzzers,True
44472,Fuzzers,True
44473,Fuzzers,True
44474,Fuzzers,True
44475,Fuzzers,True
44476,Exploits,True
44477,Fuzzers,True
44478,Exploits,True
44479,Fuzzers,True
44480,Exploits,True
44481,Exploits,True
44482,Fuzzers,True
44483,Fuzzers,True
44484,Fuzzers,True
44485,Fuzzers,True
44486,Fuzzers,True
44487,Worms,True
44488,Exploits,True
44489,Exploits,True
44490,Exploits,True
44491,Generic,True
44492,Exploits,True
44493,Exploits,True
44494,Fuzzers,True
44495,Fuzzers,True
44496,Fuzzers,True
44497,Fuzzers,True
44498,Fuzzers,True
44499,Exploits,True
44500,Fuzzers,True
44501,Exploits,True
44502,Generic,True
44503,Exploits,True
44504,Fuzzers,True
44505,Fuzzers,True
44506,Fuzzers,True
44507,Reconnaissance,True
44508,Shellcode,True
44509,Fuzzers,True
44510,Exploits,True
44511,Exploits,True
44512,Reconnaissance,True
44513,DoS,True
44514,Fuzzers,True
44515,Fuzzers,True
44516,Exploits,True
44517,Fuzzers,True
44518,Reconnaissance,True
44519,Fuzzers,True
44520,Exploits,True
44521,Exploits,True
44522,Fuzzers,True
44523,Exploits,True
44524,Fuzzers,True
44525,Exploits,True
44526,Exploits,True
44527,Fuzzers,True
44528,Fuzzers,True
44529,Exploits,True
44530,Fuzzers,True
44531,Reconnaissance,True
44532,Exploits,True
44533,Reconnaissance,True
44534,Generic,True
44535,DoS,True
44536,Exploits,True
44537,Generic,True
44538,Exploits,True
44539,Reconnaissance,True
44540,Exploits,True
44541,Reconnaissance,True
44542,Reconnaissance,True
44543,Exploits,True
44544,Exploits,True
44545,Exploits,True
44546,Exploits,True
44547,Fuzzers,True
44548,Exploits,True
44549,Generic,True
44550,Fuzzers,True
44551,Generic,True
44552,Generic,True
44553,Fuzzers,True
44554,Fuzzers,True
44555,Exploits,True
44556,Exploits,True
44557,Exploits,True
44558,Fuzzers,True
44559,Fuzzers,True
44560,Fuzzers,True
44561,Exploits,True
44562,Fuzzers,True
44563,Fuzzers,True
44564,Fuzzers,True
44565,Fuzzers,True
44566,Exploits,True
44567,Exploits,True
44568,Exploits,True
44569,Fuzzers,True
44570,Exploits,True
44571,Exploits,True
44572,Fuzzers,True
44573,DoS,True
44574,Reconnaissance,True
44575,Generic,True
44576,Fuzzers,True
44577,Exploits,True
44578,Fuzzers,True
44579,Fuzzers,True
44580,Fuzzers,True
44581,Exploits,True
44582,Exploits,True
44583,Exploits,True
44584,Fuzzers,True
44585,Exploits,True
44586,Fuzzers,True
44587,Fuzzers,True
44588,Exploits,True
44589,Fuzzers,True
44590,Fuzzers,True
44591,Reconnaissance,True
44592,Fuzzers,True
44593,Fuzzers,True
44594,Fuzzers,True
44595,Fuzzers,True
44596,Fuzzers,True
44597,Fuzzers,True
44598,Exploits,True
44599,Fuzzers,True
44600,Reconnaissance,True
44601,Exploits,True
44602,Shellcode,True
44603,Exploits,True
44604,Reconnaissance,True
44605,Exploits,True
44606,Exploits,True
44607,Exploits,True
44608,Reconnaissance,True
44609,Exploits,True
44610,DoS,True
44611,Fuzzers,True
44612,Exploits,True
44613,Reconnaissance,True
44614,Fuzzers,True
44615,Reconnaissance,True
44616,Fuzzers,True
44617,Fuzzers,True
44618,Exploits,True
44619,Fuzzers,True
44620,Fuzzers,True
44621,Fuzzers,True
44622,Fuzzers,True
44623,Fuzzers,True
44624,Exploits,True
44625,Fuzzers,True
44626,Exploits,True
44627,Fuzzers,True
44628,Exploits,True
44629,Exploits,True
44630,Fuzzers,True
44631,Fuzzers,True
44632,Fuzzers,True
44633,Fuzzers,True
44634,DoS,True
44635,Fuzzers,True
44636,Exploits,True
44637,Exploits,True
44638,Fuzzers,True
44639,Fuzzers,True
44640,Fuzzers,True
44641,DoS,True
44642,Fuzzers,True
44643,Reconnaissance,True
44644,Exploits,True
44645,Exploits,True
44646,Fuzzers,True
44647,Exploits,True
44648,Fuzzers,True
44649,Reconnaissance,True
44650,Fuzzers,True
44651,Reconnaissance,True
44652,Fuzzers,True
44653,Fuzzers,True
44654,DoS,True
44655,Exploits,True
44656,Fuzzers,True
44657,Exploits,True
44658,Fuzzers,True
44659,Exploits,True
44660,Fuzzers,True
44661,DoS,True
44662,Fuzzers,True
44663,Exploits,True
44664,Fuzzers,True
44665,Exploits,True
44666,Fuzzers,True
44667,Fuzzers,True
44668,Fuzzers,True
44669,Fuzzers,True
44670,Exploits,True
44671,Fuzzers,True
44672,Fuzzers,True
44673,Fuzzers,True
44674,Fuzzers,True
44675,Exploits,True
44676,DoS,True
44677,Exploits,True
44678,Exploits,True
44679,Reconnaissance,True
44680,Exploits,True
44681,Fuzzers,True
44682,Exploits,True
44683,Fuzzers,True
44684,Reconnaissance,True
44685,Exploits,True
44686,Generic,True
44687,Fuzzers,True
44688,Exploits,True
44689,Exploits,True
44690,Exploits,True
44691,Shellcode,True
44692,Fuzzers,True
44693,Generic,True
44694,DoS,True
44695,Generic,True
44696,Generic,True
44697,Exploits,True
44698,Exploits,True
44699,Fuzzers,True
44700,Fuzzers,True
44701,Exploits,True
44702,Reconnaissance,True
44703,Fuzzers,True
44704,Fuzzers,True
44705,Exploits,True
44706,Exploits,True
44707,DoS,True
44708,Fuzzers,True
44709,Exploits,True
44710,Fuzzers,True
44711,Fuzzers,True
44712,Fuzzers,True
44713,Fuzzers,True
44714,Exploits,True
44715,Fuzzers,True
44716,Fuzzers,True
44717,Exploits,True
44718,Exploits,True
44719,Fuzzers,True
44720,DoS,True
44721,Generic,True
44722,Generic,True
44723,Fuzzers,True
44724,Reconnaissance,True
44725,Fuzzers,True
44726,Exploits,True
44727,Reconnaissance,True
44728,Exploits,True
44729,Exploits,True
44730,Fuzzers,True
44731,Fuzzers,True
44732,Fuzzers,True
44733,Fuzzers,True
44734,Fuzzers,True
44735,Fuzzers,True
44736,Fuzzers,True
44737,DoS,True
44738,Fuzzers,True
44739,Fuzzers,True
44740,Reconnaissance,True
44741,Fuzzers,True
44742,Exploits,True
44743,Fuzzers,True
44744,Exploits,True
44745,Fuzzers,True
44746,Reconnaissance,True
44747,Fuzzers,True
44748,Exploits,True
44749,Shellcode,True
44750,Fuzzers,True
44751,Exploits,True
44752,Exploits,True
44753,Exploits,True
44754,Fuzzers,True
44755,Exploits,True
44756,Fuzzers,True
44757,Fuzzers,True
44758,Fuzzers,True
44759,Exploits,True
44760,Fuzzers,True
44761,Fuzzers,True
44762,Fuzzers,True
44763,Fuzzers,True
44764,Fuzzers,True
44765,Generic,True
44766,Fuzzers,True
44767,Fuzzers,True
44768,Fuzzers,True
44769,Reconnaissance,True
44770,Fuzzers,True
44771,Fuzzers,True
44772,Reconnaissance,True
44773,Fuzzers,True
44774,Fuzzers,True
44775,Exploits,True
44776,Exploits,True
44777,Exploits,True
44778,Exploits,True
44779,Fuzzers,True
44780,Fuzzers,True
44781,Exploits,True
44782,Reconnaissance,True
44783,Fuzzers,True
44784,Fuzzers,True
44785,Fuzzers,True
44786,Fuzzers,True
44787,Fuzzers,True
44788,Fuzzers,True
44789,Fuzzers,True
44790,Fuzzers,True
44791,Fuzzers,True
44792,Reconnaissance,True
44793,Exploits,True
44794,Fuzzers,True
44795,Generic,True
44796,Fuzzers,True
44797,Fuzzers,True
44798,Generic,True
44799,Exploits,True
44800,Reconnaissance,True
44801,Reconnaissance,True
44802,Exploits,True
44803,Reconnaissance,True
44804,Exploits,True
44805,Exploits,True
44806,Fuzzers,True
44807,Exploits,True
44808,Reconnaissance,True
44809,Reconnaissance,True
44810,Fuzzers,True
44811,Fuzzers,True
44812,Exploits,True
44813,Fuzzers,True
44814,Fuzzers,True
44815,Exploits,True
44816,Exploits,True
44817,Fuzzers,True
44818,Exploits,True
44819,Exploits,True
44820,Exploits,True
44821,Fuzzers,True
44822,Exploits,True
44823,Reconnaissance,True
44824,Exploits,True
44825,Exploits,True
44826,DoS,True
44827,Exploits,True
44828,Exploits,True
44829,Exploits,True
44830,DoS,True
44831,Exploits,True
44832,DoS,True
44833,Exploits,True
44834,DoS,True
44835,Fuzzers,True
44836,Generic,True
44837,Generic,True
44838,Exploits,True
44839,Exploits,True
44840,Exploits,True
44841,Exploits,True
44842,Exploits,True
44843,Reconnaissance,True
44844,Fuzzers,True
44845,Shellcode,True
44846,Exploits,True
44847,Reconnaissance,True
44848,DoS,True
44849,Fuzzers,True
44850,DoS,True
44851,Fuzzers,True
44852,Reconnaissance,True
44853,Reconnaissance,True
44854,Exploits,True
44855,Fuzzers,True
44856,Fuzzers,True
44857,Exploits,True
44858,Fuzzers,True
44859,Fuzzers,True
44860,DoS,True
44861,DoS,True
44862,Exploits,True
44863,Fuzzers,True
44864,Fuzzers,True
44865,DoS,True
44866,Fuzzers,True
44867,Fuzzers,True
44868,Fuzzers,True
44869,Fuzzers,True
44870,Fuzzers,True
44871,Reconnaissance,True
44872,DoS,True
44873,Exploits,True
44874,Fuzzers,True
44875,Shellcode,True
44876,Exploits,True
44877,Exploits,True
44878,Exploits,True
44879,Exploits,True
44880,DoS,True
44881,Fuzzers,True
44882,Generic,True
44883,Exploits,True
44884,Fuzzers,True
44885,Exploits,True
44886,Exploits,True
44887,Exploits,True
44888,Exploits,True
44889,Fuzzers,True
44890,DoS,True
44891,Exploits,True
44892,Fuzzers,True
44893,Fuzzers,True
44894,Exploits,True
44895,Reconnaissance,True
44896,Generic,True
44897,Worms,True
44898,Exploits,True
44899,Fuzzers,True
44900,Fuzzers,True
44901,Reconnaissance,True
44902,Fuzzers,True
44903,Reconnaissance,True
44904,Fuzzers,True
44905,Fuzzers,True
44906,Reconnaissance,True
44907,Exploits,True
44908,Fuzzers,True
44909,Exploits,True
44910,Exploits,True
44911,Fuzzers,True
44912,Shellcode,True
44913,Reconnaissance,True
44914,Exploits,True
44915,Fuzzers,True
44916,Shellcode,True
44917,Exploits,True
44918,Generic,True
44919,Fuzzers,True
44920,Reconnaissance,True
44921,DoS,True
44922,Exploits,True
44923,Exploits,True
44924,Reconnaissance,True
44925,Exploits,True
44926,Fuzzers,True
44927,DoS,True
44928,Fuzzers,True
44929,Exploits,True
44930,Fuzzers,True
44931,Exploits,True
44932,Exploits,True
44933,Exploits,True
44934,Reconnaissance,True
44935,Reconnaissance,True
44936,Fuzzers,True
44937,Shellcode,True
44938,Exploits,True
44939,Fuzzers,True
44940,Exploits,True
44941,Fuzzers,True
44942,Fuzzers,True
44943,Fuzzers,True
44944,Exploits,True
44945,Fuzzers,True
44946,Fuzzers,True
44947,Exploits,True
44948,Generic,True
44949,Generic,True
44950,Exploits,True
44951,Fuzzers,True
44952,Fuzzers,True
44953,Generic,True
44954,Fuzzers,True
44955,Fuzzers,True
44956,Reconnaissance,True
44957,Generic,True
44958,Exploits,True
44959,Reconnaissance,True
44960,Fuzzers,True
44961,Fuzzers,True
44962,Exploits,True
44963,Exploits,True
44964,DoS,True
44965,Fuzzers,True
44966,Fuzzers,True
44967,Exploits,True
44968,Exploits,True
44969,Fuzzers,True
44970,Fuzzers,True
44971,Exploits,True
44972,Fuzzers,True
44973,Exploits,True
44974,Fuzzers,True
44975,Generic,True
44976,Fuzzers,True
44977,Fuzzers,True
44978,Reconnaissance,True
44979,Shellcode,True
44980,Exploits,True
44981,Fuzzers,True
44982,Fuzzers,True
44983,Fuzzers,True
44984,Fuzzers,True
44985,Fuzzers,True
44986,Fuzzers,True
44987,Reconnaissance,True
44988,Fuzzers,True
44989,Fuzzers,True
44990,Fuzzers,True
44991,Fuzzers,True
44992,Fuzzers,True
44993,Reconnaissance,True
44994,Fuzzers,True
44995,DoS,True
44996,Fuzzers,True
44997,Fuzzers,True
44998,Fuzzers,True
44999,Fuzzers,True
45000,DoS,True
45001,Exploits,True
45002,Generic,True
45003,DoS,True
45004,Fuzzers,True
45005,Reconnaissance,True
45006,Exploits,True
45007,Exploits,True
45008,Fuzzers,True
45009,Reconnaissance,True
45010,Exploits,True
45011,Fuzzers,True
45012,Fuzzers,True
45013,Reconnaissance,True
45014,Exploits,True
45015,Fuzzers,True
45016,Fuzzers,True
45017,Exploits,True
45018,Fuzzers,True
45019,Reconnaissance,True
45020,Fuzzers,True
45021,Exploits,True
45022,Generic,True
45023,Exploits,True
45024,Reconnaissance,True
45025,DoS,True
45026,Exploits,True
45027,Exploits,True
45028,Exploits,True
45029,Exploits,True
45030,Fuzzers,True
45031,Reconnaissance,True
45032,Fuzzers,True
45033,Exploits,True
45034,Generic,True
45035,Reconnaissance,True
45036,Exploits,True
45037,Exploits,True
45038,Fuzzers,True
45039,Fuzzers,True
45040,Fuzzers,True
45041,Exploits,True
45042,Exploits,True
45043,Reconnaissance,True
45044,Reconnaissance,True
45045,Exploits,True
45046,Exploits,True
45047,Exploits,True
45048,Exploits,True
45049,Exploits,True
45050,Exploits,True
45051,Fuzzers,True
45052,Fuzzers,True
45053,Fuzzers,True
45054,Fuzzers,True
45055,Fuzzers,True
45056,Fuzzers,True
45057,Reconnaissance,True
45058,Reconnaissance,True
45059,Fuzzers,True
45060,Fuzzers,True
45061,Fuzzers,True
45062,Fuzzers,True
45063,Reconnaissance,True
45064,Fuzzers,True
45065,Fuzzers,True
45066,Generic,True
45067,Exploits,True
45068,Exploits,True
45069,Exploits,True
45070,Exploits,True
45071,Reconnaissance,True
45072,Exploits,True
45073,Fuzzers,True
45074,Exploits,True
45075,Fuzzers,True
45076,Exploits,True
45077,Fuzzers,True
45078,Exploits,True
45079,Exploits,True
45080,Reconnaissance,True
45081,Exploits,True
45082,Fuzzers,True
45083,Fuzzers,True
45084,Fuzzers,True
45085,Fuzzers,True
45086,Fuzzers,True
45087,Fuzzers,True
45088,Exploits,True
45089,Exploits,True
45090,DoS,True
45091,Fuzzers,True
45092,Fuzzers,True
45093,Fuzzers,True
45094,Reconnaissance,True
45095,Generic,True
45096,Reconnaissance,True
45097,Fuzzers,True
45098,Exploits,True
45099,Fuzzers,True
45100,Exploits,True
45101,DoS,True
45102,Reconnaissance,True
45103,Fuzzers,True
45104,Exploits,True
45105,Exploits,True
45106,Reconnaissance,True
45107,DoS,True
45108,Reconnaissance,True
45109,DoS,True
45110,Fuzzers,True
45111,Fuzzers,True
45112,Exploits,True
45113,Reconnaissance,True
45114,Fuzzers,True
45115,Fuzzers,True
45116,Fuzzers,True
45117,Fuzzers,True
45118,Fuzzers,True
45119,Fuzzers,True
45120,DoS,True
45121,Fuzzers,True
45122,Exploits,True
45123,Exploits,True
45124,Exploits,True
45125,Exploits,True
45126,Fuzzers,True
45127,Exploits,True
45128,Generic,True
45129,Reconnaissance,True
45130,Fuzzers,True
45131,Exploits,True
45132,Reconnaissance,True
45133,Exploits,True
45134,Backdoor,True
45135,Exploits,True
45136,Exploits,True
45137,Reconnaissance,True
45138,Exploits,True
45139,Exploits,True
45140,Reconnaissance,True
45141,Fuzzers,True
45142,Exploits,True
45143,Exploits,True
45144,Exploits,True
45145,Fuzzers,True
45146,Fuzzers,True
45147,Fuzzers,True
45148,Fuzzers,True
45149,Fuzzers,True
45150,Fuzzers,True
45151,Exploits,True
45152,Fuzzers,True
45153,Fuzzers,True
45154,Exploits,True
45155,Exploits,True
45156,Exploits,True
45157,Exploits,True
45158,DoS,True
45159,Fuzzers,True
45160,Fuzzers,True
45161,Exploits,True
45162,Fuzzers,True
45163,Exploits,True
45164,Exploits,True
45165,Fuzzers,True
45166,Reconnaissance,True
45167,Generic,True
45168,Exploits,True
45169,Exploits,True
45170,DoS,True
45171,Fuzzers,True
45172,Exploits,True
45173,Reconnaissance,True
45174,Exploits,True
45175,Exploits,True
45176,Exploits,True
45177,Fuzzers,True
45178,Fuzzers,True
45179,Generic,True
45180,Reconnaissance,True
45181,Fuzzers,True
45182,Exploits,True
45183,Exploits,True
45184,Fuzzers,True
45185,Fuzzers,True
45186,Fuzzers,True
45187,Reconnaissance,True
45188,Fuzzers,True
45189,DoS,True
45190,Reconnaissance,True
45191,Exploits,True
45192,Generic,True
45193,Reconnaissance,True
45194,Fuzzers,True
45195,Reconnaissance,True
45196,Exploits,True
45197,Fuzzers,True
45198,Fuzzers,True
45199,DoS,True
45200,Fuzzers,True
45201,Fuzzers,True
45202,Fuzzers,True
45203,DoS,True
45204,Fuzzers,True
45205,Exploits,True
45206,DoS,True
45207,Exploits,True
45208,Exploits,True
45209,Exploits,True
45210,Exploits,True
45211,Exploits,True
45212,Exploits,True
45213,Reconnaissance,True
45214,Fuzzers,True
45215,Exploits,True
45216,Exploits,True
45217,Exploits,True
45218,DoS,True
45219,Exploits,True
45220,Reconnaissance,True
45221,DoS,True
45222,Reconnaissance,True
45223,Exploits,True
45224,Exploits,True
45225,Exploits,True
45226,Reconnaissance,True
45227,Exploits,True
45228,Reconnaissance,True
45229,Exploits,True
45230,Fuzzers,True
45231,Exploits,True
45232,Exploits,True
45233,Fuzzers,True
45234,Fuzzers,True
45235,Generic,True
45236,Reconnaissance,True
45237,DoS,True
45238,Fuzzers,True
45239,Exploits,True
45240,Reconnaissance,True
45241,Fuzzers,True
45242,Fuzzers,True
45243,Exploits,True
45244,DoS,True
45245,Fuzzers,True
45246,Exploits,True
45247,Fuzzers,True
45248,Fuzzers,True
45249,Reconnaissance,True
45250,Exploits,True
45251,Fuzzers,True
45252,Exploits,True
45253,Fuzzers,True
45254,Fuzzers,True
45255,Shellcode,True
45256,Exploits,True
45257,Exploits,True
45258,Fuzzers,True
45259,Reconnaissance,True
45260,Exploits,True
45261,DoS,True
45262,Generic,True
45263,Reconnaissance,True
45264,Exploits,True
45265,DoS,True
45266,Reconnaissance,True
45267,Exploits,True
45268,Fuzzers,True
45269,Exploits,True
45270,Generic,True
45271,Reconnaissance,True
45272,DoS,True
45273,Reconnaissance,True
45274,Fuzzers,True
45275,Exploits,True
45276,Generic,True
45277,Reconnaissance,True
45278,Fuzzers,True
45279,Generic,True
45280,Exploits,True
45281,Generic,True
45282,Fuzzers,True
45283,Fuzzers,True
45284,Exploits,True
45285,Reconnaissance,True
45286,Fuzzers,True
45287,Exploits,True
45288,Exploits,True
45289,Fuzzers,True
45290,Fuzzers,True
45291,Fuzzers,True
45292,Exploits,True
45293,Reconnaissance,True
45294,Fuzzers,True
45295,Exploits,True
45296,Fuzzers,True
45297,Exploits,True
45298,Fuzzers,True
45299,Fuzzers,True
45300,Reconnaissance,True
45301,Reconnaissance,True
45302,DoS,True
45303,Fuzzers,True
45304,Fuzzers,True
45305,Fuzzers,True
45306,Fuzzers,True
45307,Fuzzers,True
45308,Generic,True
45309,Fuzzers,True
45310,Reconnaissance,True
45311,Shellcode,True
45312,Reconnaissance,True
45313,Exploits,True
45314,Fuzzers,True
45315,Fuzzers,True
45316,Exploits,True
45317,Generic,True
45318,Exploits,True
45319,Exploits,True
45320,Fuzzers,True
45321,Exploits,True
45322,Fuzzers,True
45323,Fuzzers,True
45324,Exploits,True
45325,Fuzzers,True
45326,Fuzzers,True
45327,Exploits,True
45328,Generic,True
45329,Fuzzers,True
45330,Exploits,True
45331,Fuzzers,True
45332,Fuzzers,True
45333,Fuzzers,True
45334,Reconnaissance,True
45335,Fuzzers,True
45336,Fuzzers,True
45337,Fuzzers,True
45338,Exploits,True
45339,Generic,True
45340,Fuzzers,True
45341,Fuzzers,True
45342,Exploits,True
45343,Fuzzers,True
45344,Generic,True
45345,Exploits,True
45346,Exploits,True
45347,Fuzzers,True
45348,Exploits,True
45349,Fuzzers,True
45350,Fuzzers,True
45351,Reconnaissance,True
45352,Fuzzers,True
45353,Generic,True
45354,Exploits,True
45355,Exploits,True
45356,Reconnaissance,True
45357,Fuzzers,True
45358,Reconnaissance,True
45359,Reconnaissance,True
45360,Fuzzers,True
45361,Exploits,True
45362,Exploits,True
45363,Fuzzers,True
45364,Exploits,True
45365,Fuzzers,True
45366,Fuzzers,True
45367,Fuzzers,True
45368,Fuzzers,True
45369,Exploits,True
45370,Fuzzers,True
45371,Fuzzers,True
45372,Exploits,True
45373,Generic,True
45374,Exploits,True
45375,Exploits,True
45376,Exploits,True
45377,Exploits,True
45378,Exploits,True
45379,Fuzzers,True
45380,Reconnaissance,True
45381,Fuzzers,True
45382,DoS,True
45383,Fuzzers,True
45384,Exploits,True
45385,Exploits,True
45386,Exploits,True
45387,Exploits,True
45388,Exploits,True
45389,Exploits,True
45390,Fuzzers,True
45391,Fuzzers,True
45392,Fuzzers,True
45393,Exploits,True
45394,Exploits,True
45395,Exploits,True
45396,Exploits,True
45397,Exploits,True
45398,Exploits,True
45399,Exploits,True
45400,Exploits,True
45401,Exploits,True
45402,Fuzzers,True
45403,Reconnaissance,True
45404,Fuzzers,True
45405,Fuzzers,True
45406,Exploits,True
45407,Exploits,True
45408,Fuzzers,True
45409,Exploits,True
45410,Fuzzers,True
45411,Exploits,True
45412,Fuzzers,True
45413,Reconnaissance,True
45414,Fuzzers,True
45415,Exploits,True
45416,Fuzzers,True
45417,Exploits,True
45418,Fuzzers,True
45419,Fuzzers,True
45420,Exploits,True
45421,Fuzzers,True
45422,Exploits,True
45423,Fuzzers,True
45424,Generic,True
45425,Fuzzers,True
45426,Fuzzers,True
45427,Exploits,True
45428,Generic,True
45429,Fuzzers,True
45430,Exploits,True
45431,Fuzzers,True
45432,Fuzzers,True
45433,Reconnaissance,True
45434,Exploits,True
45435,Fuzzers,True
45436,Fuzzers,True
45437,Fuzzers,True
45438,Exploits,True
45439,Fuzzers,True
45440,Fuzzers,True
45441,DoS,True
45442,Fuzzers,True
45443,Fuzzers,True
45444,Fuzzers,True
45445,Exploits,True
45446,Exploits,True
45447,Generic,True
45448,Fuzzers,True
45449,Generic,True
45450,Fuzzers,True
45451,Exploits,True
45452,Fuzzers,True
45453,Fuzzers,True
45454,Exploits,True
45455,Fuzzers,True
45456,Fuzzers,True
45457,Exploits,True
45458,Fuzzers,True
45459,Fuzzers,True
45460,Exploits,True
45461,Exploits,True
45462,Exploits,True
45463,Exploits,True
45464,Exploits,True
45465,Exploits,True
45466,Exploits,True
45467,Reconnaissance,True
45468,Fuzzers,True
45469,Exploits,True
45470,Fuzzers,True
45471,Exploits,True
45472,Reconnaissance,True
45473,Fuzzers,True
45474,DoS,True
45475,DoS,True
45476,Exploits,True
45477,Exploits,True
45478,DoS,True
45479,Fuzzers,True
45480,Fuzzers,True
45481,Fuzzers,True
45482,DoS,True
45483,Fuzzers,True
45484,Generic,True
45485,Fuzzers,True
45486,DoS,True
45487,Shellcode,True
45488,Exploits,True
45489,Exploits,True
45490,Fuzzers,True
45491,Exploits,True
45492,Exploits,True
45493,Fuzzers,True
45494,Fuzzers,True
45495,Fuzzers,True
45496,Reconnaissance,True
45497,Fuzzers,True
45498,Fuzzers,True
45499,Fuzzers,True
45500,Fuzzers,True
45501,Fuzzers,True
45502,Fuzzers,True
45503,Fuzzers,True
45504,Exploits,True
45505,Fuzzers,True
45506,Fuzzers,True
45507,Fuzzers,True
45508,Fuzzers,True
45509,Fuzzers,True
45510,Generic,True
45511,Exploits,True
45512,Reconnaissance,True
45513,Fuzzers,True
45514,Exploits,True
45515,Fuzzers,True
45516,Exploits,True
45517,Fuzzers,True
45518,Fuzzers,True
45519,Exploits,True
45520,Exploits,True
45521,Fuzzers,True
45522,Exploits,True
45523,Exploits,True
45524,Exploits,True
45525,Fuzzers,True
45526,Exploits,True
45527,Exploits,True
45528,Exploits,True
45529,Fuzzers,True
45530,Exploits,True
45531,Reconnaissance,True
45532,Reconnaissance,True
45533,Fuzzers,True
45534,Fuzzers,True
45535,Reconnaissance,True
45536,Fuzzers,True
45537,Fuzzers,True
45538,Exploits,True
45539,Exploits,True
45540,DoS,True
45541,Generic,True
45542,Reconnaissance,True
45543,Exploits,True
45544,Fuzzers,True
45545,Exploits,True
45546,Exploits,True
45547,Exploits,True
45548,Fuzzers,True
45549,Fuzzers,True
45550,Fuzzers,True
45551,Fuzzers,True
45552,Reconnaissance,True
45553,Fuzzers,True
45554,Fuzzers,True
45555,Exploits,True
45556,Fuzzers,True
45557,Exploits,True
45558,Reconnaissance,True
45559,Fuzzers,True
45560,Fuzzers,True
45561,Fuzzers,True
45562,Fuzzers,True
45563,Fuzzers,True
45564,Fuzzers,True
45565,Reconnaissance,True
45566,Fuzzers,True
45567,Fuzzers,True
45568,Fuzzers,True
45569,Exploits,True
45570,Fuzzers,True
45571,Reconnaissance,True
45572,Fuzzers,True
45573,Fuzzers,True
45574,Exploits,True
45575,Fuzzers,True
45576,Reconnaissance,True
45577,Reconnaissance,True
45578,Fuzzers,True
45579,Generic,True
45580,Fuzzers,True
45581,Exploits,True
45582,Reconnaissance,True
45583,Exploits,True
45584,Fuzzers,True
45585,Exploits,True
45586,Reconnaissance,True
45587,Fuzzers,True
45588,Fuzzers,True
45589,Exploits,True
45590,Fuzzers,True
45591,Fuzzers,True
45592,Fuzzers,True
45593,Fuzzers,True
45594,Fuzzers,True
45595,Exploits,True
45596,Reconnaissance,True
45597,Fuzzers,True
45598,Fuzzers,True
45599,Exploits,True
45600,Exploits,True
45601,Fuzzers,True
45602,Reconnaissance,True
45603,Fuzzers,True
45604,Generic,True
45605,Fuzzers,True
45606,Generic,True
45607,Exploits,True
45608,Fuzzers,True
45609,Fuzzers,True
45610,Fuzzers,True
45611,Fuzzers,True
45612,Reconnaissance,True
45613,Fuzzers,True
45614,Reconnaissance,True
45615,Exploits,True
45616,DoS,True
45617,Fuzzers,True
45618,Fuzzers,True
45619,Fuzzers,True
45620,Fuzzers,True
45621,Fuzzers,True
45622,Fuzzers,True
45623,Exploits,True
45624,Exploits,True
45625,Exploits,True
45626,Fuzzers,True
45627,Exploits,True
45628,Fuzzers,True
45629,Fuzzers,True
45630,Shellcode,True
45631,Fuzzers,True
45632,Fuzzers,True
45633,Reconnaissance,True
45634,Exploits,True
45635,Fuzzers,True
45636,DoS,True
45637,Fuzzers,True
45638,Fuzzers,True
45639,Reconnaissance,True
45640,Fuzzers,True
45641,Fuzzers,True
45642,Fuzzers,True
45643,Exploits,True
45644,DoS,True
45645,Generic,True
45646,Exploits,True
45647,Reconnaissance,True
45648,Reconnaissance,True
45649,Reconnaissance,True
45650,Exploits,True
45651,Exploits,True
45652,Generic,True
45653,Exploits,True
45654,Fuzzers,True
45655,Generic,True
45656,Exploits,True
45657,Reconnaissance,True
45658,Reconnaissance,True
45659,DoS,True
45660,Exploits,True
45661,Generic,True
45662,Shellcode,True
45663,Fuzzers,True
45664,Exploits,True
45665,Exploits,True
45666,Fuzzers,True
45667,Reconnaissance,True
45668,Exploits,True
45669,Fuzzers,True
45670,Reconnaissance,True
45671,Exploits,True
45672,Fuzzers,True
45673,Exploits,True
45674,Exploits,True
45675,Exploits,True
45676,Exploits,True
45677,Exploits,True
45678,Fuzzers,True
45679,Exploits,True
45680,Exploits,True
45681,Exploits,True
45682,Fuzzers,True
45683,Fuzzers,True
45684,Exploits,True
45685,Exploits,True
45686,Exploits,True
45687,Exploits,True
45688,Reconnaissance,True
45689,Exploits,True
45690,Fuzzers,True
45691,Reconnaissance,True
45692,Exploits,True
45693,Exploits,True
45694,Fuzzers,True
45695,Fuzzers,True
45696,Exploits,True
45697,Reconnaissance,True
45698,DoS,True
45699,Exploits,True
45700,Fuzzers,True
45701,Reconnaissance,True
45702,Fuzzers,True
45703,Exploits,True
45704,Reconnaissance,True
45705,Generic,True
45706,Fuzzers,True
45707,Exploits,True
45708,Exploits,True
45709,Exploits,True
45710,Reconnaissance,True
45711,Exploits,True
45712,Exploits,True
45713,Fuzzers,True
45714,Reconnaissance,True
45715,Exploits,True
45716,DoS,True
45717,Backdoor,True
45718,Reconnaissance,True
45719,Exploits,True
45720,Fuzzers,True
45721,Exploits,True
45722,Exploits,True
45723,Exploits,True
45724,Fuzzers,True
45725,Fuzzers,True
45726,Fuzzers,True
45727,Reconnaissance,True
45728,Exploits,True
45729,Generic,True
45730,Exploits,True
45731,Fuzzers,True
45732,Fuzzers,True
45733,Reconnaissance,True
45734,Exploits,True
45735,Fuzzers,True
45736,Reconnaissance,True
45737,Fuzzers,True
45738,Exploits,True
45739,Fuzzers,True
45740,Exploits,True
45741,Exploits,True
45742,Fuzzers,True
45743,Generic,True
45744,Exploits,True
45745,Exploits,True
45746,Exploits,True
45747,Exploits,True
45748,Exploits,True
45749,Generic,True
45750,Reconnaissance,True
45751,Exploits,True
45752,Fuzzers,True
45753,Generic,True
45754,Fuzzers,True
45755,Exploits,True
45756,DoS,True
45757,Reconnaissance,True
45758,Generic,True
45759,Exploits,True
45760,Exploits,True
45761,Reconnaissance,True
45762,Exploits,True
45763,Exploits,True
45764,Generic,True
45765,Fuzzers,True
45766,Exploits,True
45767,Generic,True
45768,Fuzzers,True
45769,Fuzzers,True
45770,Reconnaissance,True
45771,Exploits,True
45772,Fuzzers,True
45773,Fuzzers,True
45774,Fuzzers,True
45775,Fuzzers,True
45776,Fuzzers,True
45777,Reconnaissance,True
45778,Fuzzers,True
45779,Fuzzers,True
45780,Fuzzers,True
45781,Fuzzers,True
45782,Exploits,True
45783,Fuzzers,True
45784,Reconnaissance,True
45785,Reconnaissance,True
45786,Generic,True
45787,Generic,True
45788,Exploits,True
45789,Exploits,True
45790,Exploits,True
45791,Generic,True
45792,Reconnaissance,True
45793,Reconnaissance,True
45794,Exploits,True
45795,Worms,True
45796,Exploits,True
45797,DoS,True
45798,Exploits,True
45799,Exploits,True
45800,Exploits,True
45801,Reconnaissance,True
45802,Exploits,True
45803,Exploits,True
45804,Fuzzers,True
45805,Fuzzers,True
45806,Exploits,True
45807,Reconnaissance,True
45808,Fuzzers,True
45809,Exploits,True
45810,Exploits,True
45811,Reconnaissance,True
45812,Exploits,True
45813,Fuzzers,True
45814,Exploits,True
45815,Exploits,True
45816,Exploits,True
45817,Exploits,True
45818,Exploits,True
45819,Fuzzers,True
45820,Exploits,True
45821,Exploits,True
45822,Exploits,True
45823,Exploits,True
45824,Fuzzers,True
45825,Exploits,True
45826,Exploits,True
45827,Fuzzers,True
45828,Exploits,True
45829,Shellcode,True
45830,Fuzzers,True
45831,Fuzzers,True
45832,Exploits,True
45833,Reconnaissance,True
45834,Fuzzers,True
45835,Generic,True
45836,Fuzzers,True
45837,Fuzzers,True
45838,Reconnaissance,True
45839,DoS,True
45840,Reconnaissance,True
45841,Exploits,True
45842,Fuzzers,True
45843,Fuzzers,True
45844,Exploits,True
45845,Reconnaissance,True
45846,Exploits,True
45847,Fuzzers,True
45848,Fuzzers,True
45849,DoS,True
45850,DoS,True
45851,Exploits,True
45852,Generic,True
45853,Exploits,True
45854,Fuzzers,True
45855,Reconnaissance,True
45856,DoS,True
45857,Exploits,True
45858,Exploits,True
45859,Exploits,True
45860,Exploits,True
45861,Exploits,True
45862,Reconnaissance,True
45863,Exploits,True
45864,Fuzzers,True
45865,Generic,True
45866,Reconnaissance,True
45867,Exploits,True
45868,Fuzzers,True
45869,Generic,True
45870,Fuzzers,True
45871,Fuzzers,True
45872,Reconnaissance,True
45873,Exploits,True
45874,Reconnaissance,True
45875,Reconnaissance,True
45876,Reconnaissance,True
45877,Generic,True
45878,Reconnaissance,True
45879,Reconnaissance,True
45880,Fuzzers,True
45881,Exploits,True
45882,Exploits,True
45883,Reconnaissance,True
45884,Exploits,True
45885,Fuzzers,True
45886,DoS,True
45887,Reconnaissance,True
45888,Reconnaissance,True
45889,Exploits,True
45890,Shellcode,True
45891,Fuzzers,True
45892,Exploits,True
45893,Exploits,True
45894,Fuzzers,True
45895,Exploits,True
45896,Exploits,True
45897,Exploits,True
45898,Generic,True
45899,Fuzzers,True
45900,DoS,True
45901,Exploits,True
45902,Reconnaissance,True
45903,Exploits,True
45904,Fuzzers,True
45905,Fuzzers,True
45906,Exploits,True
45907,Exploits,True
45908,Exploits,True
45909,Fuzzers,True
45910,Exploits,True
45911,Fuzzers,True
45912,Fuzzers,True
45913,Exploits,True
45914,Exploits,True
45915,Fuzzers,True
45916,Exploits,True
45917,Generic,True
45918,Fuzzers,True
45919,Reconnaissance,True
45920,Exploits,True
45921,Exploits,True
45922,Exploits,True
45923,Exploits,True
45924,Exploits,True
45925,Exploits,True
45926,Fuzzers,True
45927,Exploits,True
45928,Exploits,True
45929,Exploits,True
45930,Reconnaissance,True
45931,Exploits,True
45932,Exploits,True
45933,Exploits,True
45934,Exploits,True
45935,Exploits,True
45936,Reconnaissance,True
45937,Exploits,True
45938,Exploits,True
45939,Reconnaissance,True
45940,Fuzzers,True
45941,Exploits,True
45942,DoS,True
45943,Reconnaissance,True
45944,Fuzzers,True
45945,Fuzzers,True
45946,Exploits,True
45947,Fuzzers,True
45948,Exploits,True
45949,Exploits,True
45950,Fuzzers,True
45951,Reconnaissance,True
45952,Reconnaissance,True
45953,Fuzzers,True
45954,Fuzzers,True
45955,Shellcode,True
45956,Fuzzers,True
45957,Fuzzers,True
45958,Fuzzers,True
45959,Fuzzers,True
45960,Exploits,True
45961,Exploits,True
45962,Fuzzers,True
45963,Exploits,True
45964,Exploits,True
45965,Exploits,True
45966,Exploits,True
45967,Fuzzers,True
45968,Shellcode,True
45969,Exploits,True
45970,Reconnaissance,True
45971,Fuzzers,True
45972,Fuzzers,True
45973,Reconnaissance,True
45974,Fuzzers,True
45975,Exploits,True
45976,DoS,True
45977,Exploits,True
45978,Exploits,True
45979,DoS,True
45980,Fuzzers,True
45981,DoS,True
45982,Fuzzers,True
45983,Exploits,True
45984,Exploits,True
45985,Exploits,True
45986,Exploits,True
45987,Exploits,True
45988,Exploits,True
45989,Fuzzers,True
45990,Exploits,True
45991,Generic,True
45992,Exploits,True
45993,Exploits,True
45994,Exploits,True
45995,Fuzzers,True
45996,Exploits,True
45997,DoS,True
45998,Reconnaissance,True
45999,Exploits,True
46000,Fuzzers,True
46001,Exploits,True
46002,Exploits,True
46003,Exploits,True
46004,Exploits,True
46005,Generic,True
46006,Exploits,True
46007,Reconnaissance,True
46008,Exploits,True
46009,Exploits,True
46010,Exploits,True
46011,Fuzzers,True
46012,Exploits,True
46013,Exploits,True
46014,Fuzzers,True
46015,Fuzzers,True
46016,Shellcode,True
46017,Exploits,True
46018,Exploits,True
46019,Fuzzers,True
46020,Shellcode,True
46021,Exploits,True
46022,Reconnaissance,True
46023,Exploits,True
46024,Reconnaissance,True
46025,Fuzzers,True
46026,Fuzzers,True
46027,Exploits,True
46028,Exploits,True
46029,Exploits,True
46030,Generic,True
46031,Fuzzers,True
46032,Fuzzers,True
46033,Reconnaissance,True
46034,Reconnaissance,True
46035,Fuzzers,True
46036,Exploits,True
46037,Exploits,True
46038,Fuzzers,True
46039,Exploits,True
46040,Generic,True
46041,Reconnaissance,True
46042,Exploits,True
46043,Reconnaissance,True
46044,Shellcode,True
46045,Exploits,True
46046,Exploits,True
46047,Exploits,True
46048,Exploits,True
46049,Exploits,True
46050,Fuzzers,True
46051,Generic,True
46052,Fuzzers,True
46053,DoS,True
46054,Exploits,True
46055,Fuzzers,True
46056,Generic,True
46057,Fuzzers,True
46058,Reconnaissance,True
46059,DoS,True
46060,Fuzzers,True
46061,Shellcode,True
46062,Exploits,True
46063,Exploits,True
46064,Exploits,True
46065,Exploits,True
46066,Exploits,True
46067,Exploits,True
46068,Exploits,True
46069,Exploits,True
46070,Exploits,True
46071,Exploits,True
46072,Exploits,True
46073,Exploits,True
46074,Exploits,True
46075,Generic,True
46076,Exploits,True
46077,Exploits,True
46078,Exploits,True
46079,Fuzzers,True
46080,Exploits,True
46081,Fuzzers,True
46082,Fuzzers,True
46083,Exploits,True
46084,Fuzzers,True
46085,Exploits,True
46086,Fuzzers,True
46087,Fuzzers,True
46088,Exploits,True
46089,Exploits,True
46090,Reconnaissance,True
46091,Fuzzers,True
46092,Exploits,True
46093,Fuzzers,True
46094,Fuzzers,True
46095,Fuzzers,True
46096,Exploits,True
46097,Fuzzers,True
46098,Exploits,True
46099,Exploits,True
46100,DoS,True
46101,Fuzzers,True
46102,Fuzzers,True
46103,Reconnaissance,True
46104,Exploits,True
46105,Fuzzers,True
46106,Fuzzers,True
46107,Fuzzers,True
46108,Fuzzers,True
46109,Fuzzers,True
46110,Exploits,True
46111,Fuzzers,True
46112,Exploits,True
46113,Reconnaissance,True
46114,Fuzzers,True
46115,Reconnaissance,True
46116,Reconnaissance,True
46117,Exploits,True
46118,Exploits,True
46119,Fuzzers,True
46120,Reconnaissance,True
46121,Fuzzers,True
46122,Fuzzers,True
46123,Exploits,True
46124,Exploits,True
46125,Exploits,True
46126,Fuzzers,True
46127,Generic,True
46128,Fuzzers,True
46129,Reconnaissance,True
46130,Exploits,True
46131,DoS,True
46132,Fuzzers,True
46133,Fuzzers,True
46134,Fuzzers,True
46135,Fuzzers,True
46136,Shellcode,True
46137,Fuzzers,True
46138,Exploits,True
46139,Fuzzers,True
46140,Fuzzers,True
46141,Exploits,True
46142,Exploits,True
46143,Generic,True
46144,Generic,True
46145,Exploits,True
46146,Exploits,True
46147,DoS,True
46148,Generic,True
46149,Exploits,True
46150,Fuzzers,True
46151,Fuzzers,True
46152,Exploits,True
46153,Exploits,True
46154,DoS,True
46155,Fuzzers,True
46156,Fuzzers,True
46157,Exploits,True
46158,Exploits,True
46159,Exploits,True
46160,Reconnaissance,True
46161,Fuzzers,True
46162,Fuzzers,True
46163,Exploits,True
46164,Reconnaissance,True
46165,Exploits,True
46166,Fuzzers,True
46167,Fuzzers,True
46168,Fuzzers,True
46169,Exploits,True
46170,Exploits,True
46171,Exploits,True
46172,Fuzzers,True
46173,Fuzzers,True
46174,Reconnaissance,True
46175,Exploits,True
46176,Fuzzers,True
46177,Exploits,True
46178,Exploits,True
46179,Fuzzers,True
46180,Fuzzers,True
46181,Generic,True
46182,Exploits,True
46183,Backdoor,True
46184,Fuzzers,True
46185,Fuzzers,True
46186,Exploits,True
46187,Exploits,True
46188,Reconnaissance,True
46189,Reconnaissance,True
46190,Fuzzers,True
46191,Exploits,True
46192,Fuzzers,True
46193,Exploits,True
46194,Reconnaissance,True
46195,Fuzzers,True
46196,Fuzzers,True
46197,Fuzzers,True
46198,Shellcode,True
46199,Reconnaissance,True
46200,Exploits,True
46201,Fuzzers,True
46202,Exploits,True
46203,Fuzzers,True
46204,Reconnaissance,True
46205,Fuzzers,True
46206,Backdoor,True
46207,Exploits,True
46208,Exploits,True
46209,Fuzzers,True
46210,Exploits,True
46211,Fuzzers,True
46212,Fuzzers,True
46213,Fuzzers,True
46214,Reconnaissance,True
46215,Reconnaissance,True
46216,Exploits,True
46217,Exploits,False
46218,Reconnaissance,True
46219,Fuzzers,True
46220,Reconnaissance,True
46221,Reconnaissance,True
46222,Fuzzers,True
46223,Exploits,True
46224,Fuzzers,True
46225,Fuzzers,True
46226,Fuzzers,True
46227,Reconnaissance,True
46228,Fuzzers,True
46229,Exploits,True
46230,Reconnaissance,True
46231,Exploits,True
46232,Shellcode,True
46233,Exploits,True
46234,Exploits,True
46235,Generic,True
46236,Fuzzers,True
46237,Fuzzers,True
46238,Exploits,True
46239,Fuzzers,True
46240,Exploits,True
46241,Exploits,True
46242,Reconnaissance,True
46243,DoS,True
46244,Exploits,True
46245,Fuzzers,True
46246,Exploits,True
46247,Exploits,True
46248,Fuzzers,True
46249,Fuzzers,True
46250,Exploits,True
46251,Exploits,True
46252,Fuzzers,True
46253,Fuzzers,True
46254,Shellcode,True
46255,Shellcode,True
46256,Exploits,True
46257,Fuzzers,True
46258,Reconnaissance,True
46259,Fuzzers,True
46260,Exploits,True
46261,Exploits,True
46262,Exploits,True
46263,DoS,True
46264,Exploits,True
46265,Exploits,True
46266,Exploits,True
46267,Exploits,True
46268,Reconnaissance,True
46269,Exploits,True
46270,DoS,True
46271,Fuzzers,True
46272,Reconnaissance,True
46273,Fuzzers,True
46274,DoS,True
46275,Exploits,True
46276,Fuzzers,True
46277,Reconnaissance,True
46278,Reconnaissance,True
46279,Reconnaissance,True
46280,Backdoor,True
46281,Exploits,True
46282,Fuzzers,True
46283,Reconnaissance,True
46284,DoS,True
46285,Exploits,True
46286,Fuzzers,True
46287,Reconnaissance,True
46288,Exploits,True
46289,Reconnaissance,True
46290,Generic,True
46291,Exploits,True
46292,Exploits,True
46293,Fuzzers,True
46294,Fuzzers,True
46295,Exploits,True
46296,Exploits,True
46297,Reconnaissance,True
46298,Fuzzers,True
46299,Fuzzers,True
46300,Fuzzers,True
46301,Fuzzers,True
46302,Fuzzers,True
46303,Exploits,True
46304,Reconnaissance,True
46305,Reconnaissance,True
46306,Fuzzers,True
46307,Reconnaissance,True
46308,Fuzzers,True
46309,Exploits,True
46310,DoS,True
46311,Exploits,True
46312,Fuzzers,True
46313,Exploits,True
46314,Fuzzers,True
46315,Fuzzers,True
46316,DoS,True
46317,Exploits,True
46318,Exploits,True
46319,Fuzzers,True
46320,Fuzzers,True
46321,Exploits,True
46322,Fuzzers,True
46323,Fuzzers,True
46324,Fuzzers,True
46325,Exploits,True
46326,Reconnaissance,True
46327,Reconnaissance,True
46328,Fuzzers,True
46329,Reconnaissance,True
46330,Exploits,True
46331,Fuzzers,True
46332,Exploits,True
46333,Fuzzers,True
46334,Generic,True
46335,Reconnaissance,True
46336,Exploits,True
46337,Exploits,True
46338,Reconnaissance,True
46339,DoS,True
46340,Reconnaissance,True
46341,Exploits,True
46342,Exploits,True
46343,Fuzzers,True
46344,Fuzzers,True
46345,Exploits,True
46346,Fuzzers,True
46347,DoS,True
46348,Backdoor,True
46349,Fuzzers,True
46350,Fuzzers,True
46351,Exploits,True
46352,Fuzzers,True
46353,Exploits,True
46354,Reconnaissance,True
46355,Fuzzers,True
46356,Exploits,True
46357,Fuzzers,True
46358,Fuzzers,True
46359,Exploits,True
46360,Fuzzers,True
46361,Shellcode,True
46362,Exploits,True
46363,Fuzzers,True
46364,Fuzzers,True
46365,Fuzzers,True
46366,Exploits,True
46367,Exploits,True
46368,Reconnaissance,True
46369,Exploits,True
46370,Fuzzers,True
46371,Reconnaissance,True
46372,Exploits,True
46373,Exploits,True
46374,Reconnaissance,True
46375,Fuzzers,True
46376,Fuzzers,True
46377,Reconnaissance,True
46378,Exploits,True
46379,Reconnaissance,True
46380,Fuzzers,True
46381,Exploits,True
46382,Fuzzers,True
46383,Fuzzers,True
46384,Exploits,True
46385,Reconnaissance,True
46386,Exploits,True
46387,Fuzzers,True
46388,Fuzzers,True
46389,Exploits,True
46390,Exploits,True
46391,Reconnaissance,True
46392,Exploits,True
46393,Exploits,True
46394,Fuzzers,True
46395,Reconnaissance,True
46396,Exploits,True
46397,Fuzzers,True
46398,DoS,True
46399,DoS,True
46400,DoS,True
46401,Exploits,True
46402,Exploits,True
46403,Exploits,True
46404,Fuzzers,True
46405,Exploits,True
46406,Reconnaissance,True
46407,Exploits,True
46408,Exploits,True
46409,Fuzzers,True
46410,Exploits,True
46411,Exploits,True
46412,Fuzzers,True
46413,Exploits,True
46414,Reconnaissance,True
46415,Reconnaissance,True
46416,Fuzzers,True
46417,Exploits,True
46418,Backdoor,True
46419,Reconnaissance,True
46420,Exploits,True
46421,Fuzzers,True
46422,DoS,True
46423,Exploits,True
46424,Reconnaissance,True
46425,Fuzzers,True
46426,Exploits,True
46427,Reconnaissance,True
46428,Exploits,True
46429,Reconnaissance,True
46430,Fuzzers,True
46431,Exploits,True
46432,Reconnaissance,True
46433,Fuzzers,True
46434,Shellcode,True
46435,Exploits,True
46436,Reconnaissance,True
46437,Fuzzers,True
46438,Fuzzers,True
46439,Fuzzers,True
46440,Fuzzers,True
46441,Exploits,True
46442,Reconnaissance,True
46443,Exploits,True
46444,Generic,True
46445,Exploits,True
46446,Generic,True
46447,Exploits,True
46448,Exploits,True
46449,Fuzzers,True
46450,DoS,True
46451,Exploits,True
46452,Fuzzers,True
46453,Fuzzers,True
46454,Exploits,True
46455,DoS,True
46456,Exploits,True
46457,Reconnaissance,True
46458,Fuzzers,True
46459,Exploits,True
46460,Fuzzers,True
46461,Exploits,True
46462,Fuzzers,True
46463,Exploits,True
46464,Backdoor,True
46465,Exploits,True
46466,Fuzzers,True
46467,Exploits,True
46468,Fuzzers,True
46469,DoS,True
46470,Exploits,True
46471,Fuzzers,True
46472,Fuzzers,True
46473,Fuzzers,True
46474,Fuzzers,True
46475,Fuzzers,True
46476,Fuzzers,True
46477,Fuzzers,True
46478,Reconnaissance,True
46479,Fuzzers,True
46480,Exploits,True
46481,Fuzzers,True
46482,Exploits,True
46483,Exploits,True
46484,Reconnaissance,True
46485,Fuzzers,True
46486,Exploits,True
46487,Fuzzers,True
46488,Generic,True
46489,Exploits,True
46490,Backdoor,True
46491,Fuzzers,True
46492,Fuzzers,True
46493,Reconnaissance,True
46494,Fuzzers,True
46495,Fuzzers,True
46496,Reconnaissance,True
46497,Generic,True
46498,Fuzzers,True
46499,Exploits,True
46500,Exploits,True
46501,Exploits,True
46502,Fuzzers,True
46503,Exploits,True
46504,Shellcode,True
46505,Exploits,True
46506,DoS,True
46507,Fuzzers,True
46508,Exploits,True
46509,Fuzzers,True
46510,Fuzzers,True
46511,Exploits,True
46512,Fuzzers,True
46513,Fuzzers,True
46514,DoS,True
46515,Fuzzers,True
46516,Reconnaissance,True
46517,DoS,True
46518,Exploits,True
46519,Reconnaissance,True
46520,DoS,True
46521,Fuzzers,True
46522,Exploits,True
46523,Exploits,True
46524,Reconnaissance,True
46525,Fuzzers,True
46526,Exploits,True
46527,DoS,True
46528,Exploits,True
46529,Exploits,True
46530,Reconnaissance,True
46531,Reconnaissance,True
46532,DoS,True
46533,Exploits,True
46534,Reconnaissance,True
46535,Fuzzers,True
46536,Fuzzers,True
46537,DoS,True
46538,Fuzzers,True
46539,Reconnaissance,True
46540,Exploits,True
46541,Fuzzers,True
46542,Exploits,True
46543,Exploits,True
46544,Exploits,True
46545,Exploits,True
46546,Reconnaissance,True
46547,Exploits,True
46548,Reconnaissance,True
46549,Exploits,True
46550,Reconnaissance,True
46551,Exploits,True
46552,Reconnaissance,True
46553,Fuzzers,True
46554,Exploits,True
46555,Exploits,True
46556,Exploits,True
46557,Exploits,True
46558,Exploits,True
46559,Exploits,True
46560,Exploits,True
46561,Reconnaissance,True
46562,Fuzzers,True
46563,Fuzzers,True
46564,Exploits,True
46565,DoS,True
46566,Reconnaissance,True
46567,Reconnaissance,True
46568,Generic,True
46569,Exploits,True
46570,Exploits,True
46571,Exploits,True
46572,Reconnaissance,True
46573,Fuzzers,True
46574,Exploits,True
46575,Exploits,True
46576,Shellcode,True
46577,Exploits,True
46578,Generic,True
46579,Reconnaissance,True
46580,Exploits,True
46581,Exploits,True
46582,Fuzzers,True
46583,Exploits,True
46584,Exploits,True
46585,Exploits,True
46586,Generic,True
46587,Exploits,True
46588,Reconnaissance,True
46589,DoS,True
46590,Exploits,True
46591,Exploits,True
46592,Fuzzers,True
46593,Exploits,True
46594,Exploits,True
46595,Fuzzers,True
46596,Reconnaissance,True
46597,Exploits,True
46598,Exploits,True
46599,Reconnaissance,True
46600,DoS,True
46601,Shellcode,True
46602,Exploits,True
46603,Fuzzers,True
46604,Exploits,True
46605,Reconnaissance,True
46606,Exploits,True
46607,Fuzzers,True
46608,Exploits,True
46609,Reconnaissance,True
46610,Exploits,True
46611,Fuzzers,True
46612,Exploits,True
46613,Exploits,True
46614,Exploits,True
46615,Fuzzers,True
46616,DoS,True
46617,Exploits,True
46618,Exploits,True
46619,Exploits,True
46620,Exploits,True
46621,Fuzzers,True
46622,Exploits,True
46623,Exploits,True
46624,Exploits,True
46625,Fuzzers,True
46626,Exploits,True
46627,Exploits,True
46628,Exploits,True
46629,Exploits,True
46630,Exploits,True
46631,Fuzzers,True
46632,Reconnaissance,True
46633,Fuzzers,True
46634,Exploits,True
46635,Exploits,True
46636,Exploits,True
46637,Generic,True
46638,Reconnaissance,True
46639,Exploits,True
46640,Reconnaissance,True
46641,Fuzzers,True
46642,Fuzzers,True
46643,Generic,True
46644,Exploits,True
46645,Exploits,True
46646,Fuzzers,True
46647,Exploits,True
46648,Reconnaissance,True
46649,Exploits,True
46650,Fuzzers,True
46651,Exploits,True
46652,DoS,True
46653,Reconnaissance,True
46654,Fuzzers,True
46655,Reconnaissance,True
46656,Fuzzers,True
46657,Fuzzers,True
46658,Exploits,True
46659,Fuzzers,True
46660,Exploits,True
46661,Fuzzers,True
46662,Exploits,True
46663,Exploits,True
46664,Exploits,True
46665,Fuzzers,True
46666,Generic,True
46667,Exploits,True
46668,Fuzzers,True
46669,Exploits,True
46670,Generic,True
46671,Reconnaissance,True
46672,Exploits,True
46673,Fuzzers,True
46674,Reconnaissance,True
46675,Exploits,True
46676,Fuzzers,True
46677,Shellcode,True
46678,Exploits,True
46679,Fuzzers,True
46680,Exploits,True
46681,Reconnaissance,True
46682,Exploits,True
46683,Exploits,True
46684,Fuzzers,True
46685,Reconnaissance,True
46686,Reconnaissance,True
46687,Reconnaissance,True
46688,DoS,True
46689,Exploits,True
46690,Fuzzers,True
46691,Reconnaissance,True
46692,Fuzzers,True
46693,Exploits,True
46694,Reconnaissance,True
46695,Fuzzers,True
46696,Exploits,True
46697,DoS,True
46698,Exploits,True
46699,Reconnaissance,True
46700,Generic,True
46701,Exploits,True
46702,Exploits,True
46703,Exploits,True
46704,Exploits,True
46705,Exploits,True
46706,Reconnaissance,True
46707,Fuzzers,True
46708,Exploits,True
46709,Exploits,True
46710,Exploits,True
46711,Fuzzers,True
46712,Exploits,True
46713,Generic,True
46714,Fuzzers,True
46715,DoS,True
46716,Exploits,True
46717,Exploits,True
46718,Fuzzers,True
46719,Generic,True
46720,Exploits,True
46721,Exploits,True
46722,Fuzzers,True
46723,Shellcode,True
46724,Fuzzers,True
46725,Reconnaissance,True
46726,Exploits,True
46727,Fuzzers,True
46728,Exploits,True
46729,Exploits,True
46730,Exploits,True
46731,Fuzzers,True
46732,Exploits,True
46733,Fuzzers,True
46734,Fuzzers,True
46735,Exploits,True
46736,Exploits,True
46737,Shellcode,True
46738,Exploits,True
46739,Fuzzers,True
46740,Exploits,True
46741,Exploits,True
46742,Exploits,True
46743,Reconnaissance,True
46744,Reconnaissance,True
46745,Exploits,True
46746,Reconnaissance,True
46747,Exploits,True
46748,Reconnaissance,True
46749,Exploits,True
46750,Fuzzers,True
46751,Exploits,True
46752,Exploits,True
46753,Reconnaissance,True
46754,Exploits,True
46755,Fuzzers,True
46756,Fuzzers,True
46757,Exploits,True
46758,Fuzzers,True
46759,Exploits,True
46760,Fuzzers,True
46761,Fuzzers,True
46762,Fuzzers,True
46763,DoS,True
46764,Fuzzers,True
46765,Fuzzers,True
46766,Exploits,True
46767,DoS,True
46768,Generic,True
46769,Fuzzers,True
46770,Fuzzers,True
46771,Exploits,True
46772,Exploits,True
46773,Fuzzers,True
46774,Exploits,True
46775,Fuzzers,True
46776,Reconnaissance,True
46777,Generic,True
46778,Reconnaissance,True
46779,Fuzzers,True
46780,Reconnaissance,True
46781,Fuzzers,True
46782,Fuzzers,True
46783,Reconnaissance,True
46784,DoS,True
46785,Fuzzers,True
46786,Exploits,True
46787,Exploits,True
46788,Fuzzers,True
46789,Exploits,True
46790,Exploits,True
46791,Exploits,True
46792,Exploits,True
46793,Exploits,True
46794,Reconnaissance,True
46795,DoS,True
46796,Fuzzers,True
46797,Exploits,True
46798,Generic,True
46799,DoS,True
46800,Exploits,True
46801,DoS,True
46802,Exploits,True
46803,Exploits,True
46804,Reconnaissance,True
46805,Generic,True
46806,Reconnaissance,True
46807,Exploits,True
46808,Exploits,True
46809,Exploits,True
46810,Reconnaissance,True
46811,DoS,True
46812,Generic,True
46813,Fuzzers,True
46814,Fuzzers,True
46815,Reconnaissance,True
46816,Generic,True
46817,Exploits,True
46818,Exploits,True
46819,Generic,True
46820,Exploits,True
46821,Fuzzers,True
46822,Generic,True
46823,Exploits,True
46824,Exploits,True
46825,Reconnaissance,True
46826,DoS,True
46827,Exploits,True
46828,Reconnaissance,True
46829,Fuzzers,True
46830,Exploits,True
46831,Generic,True
46832,Reconnaissance,True
46833,Reconnaissance,True
46834,Fuzzers,True
46835,Reconnaissance,True
46836,Exploits,True
46837,Reconnaissance,True
46838,Backdoor,True
46839,Fuzzers,True
46840,Exploits,True
46841,Exploits,True
46842,Fuzzers,True
46843,Exploits,True
46844,Exploits,True
46845,Exploits,True
46846,Fuzzers,True
46847,Exploits,True
46848,Exploits,True
46849,DoS,True
46850,Fuzzers,True
46851,Generic,True
46852,Fuzzers,True
46853,Exploits,True
46854,Exploits,True
46855,Exploits,True
46856,Exploits,True
46857,Fuzzers,True
46858,Fuzzers,True
46859,Exploits,True
46860,Generic,True
46861,Fuzzers,True
46862,Fuzzers,True
46863,Exploits,True
46864,Fuzzers,True
46865,Exploits,True
46866,Exploits,True
46867,Fuzzers,True
46868,Exploits,True
46869,Fuzzers,True
46870,Reconnaissance,True
46871,Exploits,True
46872,Fuzzers,True
46873,Shellcode,True
46874,Analysis,True
46875,Exploits,True
46876,Fuzzers,True
46877,Fuzzers,True
46878,Exploits,True
46879,Fuzzers,True
46880,Reconnaissance,True
46881,Exploits,True
46882,Fuzzers,True
46883,Backdoor,True
46884,Exploits,True
46885,Reconnaissance,True
46886,Fuzzers,True
46887,Exploits,True
46888,Reconnaissance,True
46889,Reconnaissance,True
46890,Fuzzers,True
46891,Exploits,True
46892,Fuzzers,True
46893,Exploits,True
46894,Fuzzers,True
46895,Exploits,True
46896,Generic,True
46897,DoS,True
46898,Reconnaissance,True
46899,Fuzzers,True
46900,Exploits,True
46901,Generic,True
46902,Exploits,True
46903,Exploits,True
46904,Generic,True
46905,Fuzzers,True
46906,Exploits,True
46907,Exploits,True
46908,Generic,True
46909,Exploits,True
46910,Fuzzers,True
46911,Exploits,True
46912,Fuzzers,True
46913,Reconnaissance,True
46914,Generic,True
46915,Generic,True
46916,Fuzzers,True
46917,DoS,True
46918,Exploits,True
46919,Fuzzers,True
46920,Generic,True
46921,Reconnaissance,True
46922,Analysis,True
46923,Reconnaissance,True
46924,Fuzzers,True
46925,Exploits,True
46926,Exploits,True
46927,Fuzzers,True
46928,Fuzzers,True
46929,Backdoor,True
46930,Exploits,True
46931,Fuzzers,True
46932,Reconnaissance,True
46933,DoS,True
46934,Fuzzers,True
46935,Exploits,True
46936,Exploits,True
46937,Fuzzers,True
46938,Reconnaissance,True
46939,Exploits,True
46940,Exploits,True
46941,Exploits,True
46942,DoS,True
46943,Exploits,True
46944,Fuzzers,True
46945,Reconnaissance,True
46946,Reconnaissance,True
46947,Fuzzers,True
46948,Exploits,True
46949,Fuzzers,True
46950,Fuzzers,True
46951,Reconnaissance,True
46952,Fuzzers,True
46953,Exploits,True
46954,Generic,True
46955,Exploits,True
46956,Exploits,True
46957,Fuzzers,True
46958,Exploits,True
46959,Fuzzers,True
46960,Exploits,True
46961,Generic,True
46962,Exploits,True
46963,Fuzzers,True
46964,Fuzzers,True
46965,Fuzzers,True
46966,Exploits,True
46967,Fuzzers,True
46968,Shellcode,True
46969,Exploits,True
46970,DoS,True
46971,Exploits,True
46972,Generic,True
46973,Exploits,True
46974,Exploits,True
46975,Reconnaissance,True
46976,Exploits,True
46977,Exploits,True
46978,Reconnaissance,True
46979,Exploits,True
46980,Reconnaissance,True
46981,Exploits,True
46982,Fuzzers,True
46983,Generic,True
46984,Fuzzers,True
46985,Exploits,True
46986,Exploits,True
46987,Fuzzers,True
46988,Fuzzers,True
46989,Exploits,True
46990,Fuzzers,True
46991,Fuzzers,True
46992,Exploits,True
46993,Exploits,True
46994,Fuzzers,True
46995,Fuzzers,True
46996,DoS,True
46997,Fuzzers,True
46998,Fuzzers,True
46999,Exploits,True
47000,Exploits,True
47001,Fuzzers,True
47002,Reconnaissance,True
47003,Fuzzers,True
47004,Exploits,True
47005,Fuzzers,True
47006,Fuzzers,True
47007,DoS,True
47008,Exploits,True
47009,Exploits,True
47010,Reconnaissance,True
47011,Fuzzers,True
47012,Analysis,True
47013,Generic,True
47014,Exploits,True
47015,Generic,True
47016,Generic,True
47017,Exploits,True
47018,Backdoor,True
47019,Exploits,True
47020,DoS,True
47021,Generic,True
47022,Reconnaissance,True
47023,DoS,True
47024,DoS,True
47025,Exploits,True
47026,Exploits,True
47027,Exploits,True
47028,Fuzzers,True
47029,Exploits,True
47030,Fuzzers,True
47031,Exploits,True
47032,DoS,True
47033,Reconnaissance,True
47034,Exploits,True
47035,Reconnaissance,True
47036,Exploits,True
47037,Fuzzers,True
47038,Reconnaissance,True
47039,Exploits,True
47040,Exploits,True
47041,Exploits,True
47042,Reconnaissance,True
47043,Fuzzers,True
47044,Exploits,True
47045,Fuzzers,True
47046,Exploits,True
47047,Generic,True
47048,Reconnaissance,True
47049,Reconnaissance,True
47050,Reconnaissance,True
47051,Fuzzers,True
47052,Fuzzers,True
47053,Shellcode,True
47054,Fuzzers,True
47055,Exploits,True
47056,Reconnaissance,True
47057,Reconnaissance,True
47058,Exploits,True
47059,Analysis,True
47060,Exploits,True
47061,DoS,True
47062,Backdoor,True
47063,Exploits,True
47064,Fuzzers,True
47065,Exploits,True
47066,Exploits,True
47067,Exploits,True
47068,Exploits,True
47069,Exploits,True
47070,Exploits,True
47071,Exploits,True
47072,Exploits,True
47073,Exploits,True
47074,Reconnaissance,True
47075,Fuzzers,True
47076,Exploits,True
47077,Exploits,True
47078,Exploits,True
47079,Exploits,True
47080,Fuzzers,True
47081,Exploits,True
47082,Fuzzers,True
47083,Reconnaissance,True
47084,Exploits,True
47085,DoS,True
47086,Fuzzers,True
47087,Reconnaissance,True
47088,Worms,True
47089,Exploits,True
47090,DoS,True
47091,Exploits,True
47092,Generic,True
47093,Reconnaissance,True
47094,Reconnaissance,True
47095,Exploits,True
47096,Reconnaissance,True
47097,DoS,True
47098,Fuzzers,True
47099,Fuzzers,True
47100,Fuzzers,True
47101,DoS,True
47102,Fuzzers,True
47103,Reconnaissance,True
47104,Fuzzers,True
47105,Exploits,True
47106,Fuzzers,True
47107,Reconnaissance,True
47108,Fuzzers,True
47109,Exploits,True
47110,Fuzzers,True
47111,Exploits,True
47112,DoS,True
47113,Fuzzers,True
47114,Exploits,True
47115,Exploits,True
47116,Exploits,True
47117,Exploits,True
47118,Generic,True
47119,Exploits,True
47120,Generic,True
47121,Exploits,True
47122,Exploits,True
47123,Exploits,True
47124,Fuzzers,True
47125,Fuzzers,True
47126,Exploits,True
47127,Exploits,True
47128,Exploits,True
47129,Exploits,True
47130,Exploits,True
47131,Fuzzers,True
47132,Exploits,True
47133,DoS,True
47134,Exploits,True
47135,DoS,True
47136,Exploits,True
47137,Analysis,True
47138,DoS,True
47139,Generic,True
47140,DoS,True
47141,Exploits,True
47142,Backdoor,True
47143,Exploits,True
47144,Reconnaissance,True
47145,Exploits,True
47146,Exploits,True
47147,Exploits,True
47148,Exploits,True
47149,Fuzzers,True
47150,DoS,True
47151,Backdoor,True
47152,Exploits,True
47153,Exploits,True
47154,Reconnaissance,True
47155,DoS,True
47156,Exploits,True
47157,Exploits,True
47158,DoS,True
47159,DoS,True
47160,Exploits,True
47161,DoS,True
47162,Fuzzers,True
47163,Reconnaissance,True
47164,Exploits,True
47165,Exploits,True
47166,Exploits,True
47167,DoS,True
47168,Fuzzers,True
47169,Fuzzers,True
47170,Fuzzers,True
47171,Reconnaissance,True
47172,Exploits,True
47173,Exploits,True
47174,DoS,True
47175,Reconnaissance,True
47176,Analysis,True
47177,Fuzzers,True
47178,DoS,True
47179,Exploits,True
47180,Fuzzers,True
47181,Reconnaissance,True
47182,Exploits,True
47183,Backdoor,True
47184,Exploits,True
47185,Reconnaissance,True
47186,Exploits,True
47187,Reconnaissance,True
47188,Exploits,True
47189,Exploits,True
47190,Exploits,True
47191,Exploits,True
47192,Shellcode,True
47193,Fuzzers,True
47194,DoS,True
47195,DoS,True
47196,Fuzzers,True
47197,Fuzzers,True
47198,Exploits,True
47199,Fuzzers,True
47200,Fuzzers,True
47201,Exploits,True
47202,Fuzzers,True
47203,Generic,True
47204,Exploits,True
47205,Reconnaissance,True
47206,Fuzzers,True
47207,Generic,True
47208,Generic,True
47209,Reconnaissance,True
47210,Exploits,True
47211,Fuzzers,True
47212,Exploits,True
47213,Exploits,True
47214,Generic,True
47215,Exploits,True
47216,Analysis,True
47217,Fuzzers,True
47218,Shellcode,True
47219,Reconnaissance,True
47220,Fuzzers,True
47221,DoS,True
47222,Backdoor,True
47223,Shellcode,True
47224,Fuzzers,True
47225,Exploits,True
47226,DoS,True
47227,Exploits,True
47228,Exploits,True
47229,Fuzzers,True
47230,Exploits,True
47231,Reconnaissance,True
47232,DoS,True
47233,Exploits,True
47234,DoS,True
47235,Exploits,True
47236,Exploits,True
47237,Exploits,True
47238,Exploits,True
47239,Reconnaissance,True
47240,Exploits,True
47241,Exploits,True
47242,Exploits,True
47243,Reconnaissance,True
47244,Reconnaissance,True
47245,Fuzzers,True
47246,Fuzzers,True
47247,Fuzzers,True
47248,Exploits,True
47249,Fuzzers,True
47250,Generic,True
47251,Fuzzers,True
47252,Exploits,True
47253,Fuzzers,True
47254,Fuzzers,True
47255,Exploits,True
47256,Shellcode,True
47257,Fuzzers,True
47258,Exploits,True
47259,DoS,True
47260,Exploits,True
47261,Exploits,True
47262,Fuzzers,True
47263,Analysis,True
47264,Reconnaissance,True
47265,Fuzzers,True
47266,Reconnaissance,True
47267,Generic,True
47268,Exploits,True
47269,Fuzzers,True
47270,Backdoor,True
47271,Shellcode,True
47272,Exploits,True
47273,Generic,True
47274,DoS,True
47275,Reconnaissance,True
47276,Fuzzers,True
47277,Exploits,True
47278,Backdoor,True
47279,Exploits,True
47280,Shellcode,True
47281,Exploits,True
47282,Generic,True
47283,Exploits,True
47284,DoS,True
47285,DoS,True
47286,Exploits,True
47287,Exploits,True
47288,Reconnaissance,True
47289,Exploits,True
47290,Exploits,True
47291,Fuzzers,True
47292,Exploits,True
47293,Fuzzers,True
47294,DoS,True
47295,Exploits,True
47296,Shellcode,True
47297,Generic,True
47298,Fuzzers,True
47299,Exploits,True
47300,Reconnaissance,True
47301,Fuzzers,True
47302,DoS,True
47303,Exploits,True
47304,Generic,True
47305,Generic,True
47306,Exploits,True
47307,Exploits,True
47308,Exploits,True
47309,Reconnaissance,True
47310,Reconnaissance,True
47311,Generic,True
47312,Exploits,True
47313,Exploits,True
47314,Reconnaissance,True
47315,Fuzzers,True
47316,Reconnaissance,True
47317,Fuzzers,True
47318,Generic,True
47319,Exploits,True
47320,Generic,True
47321,Exploits,True
47322,DoS,True
47323,Exploits,True
47324,Generic,True
47325,Fuzzers,True
47326,Generic,True
47327,DoS,True
47328,DoS,True
47329,Generic,True
47330,Fuzzers,True
47331,Generic,True
47332,Fuzzers,True
47333,Generic,True
47334,Exploits,True
47335,Exploits,True
47336,Generic,True
47337,Fuzzers,True
47338,Generic,True
47339,Fuzzers,True
47340,Fuzzers,True
47341,Worms,True
47342,Generic,True
47343,Fuzzers,True
47344,Fuzzers,True
47345,Generic,True
47346,Backdoor,True
47347,Fuzzers,True
47348,Exploits,True
47349,Generic,True
47350,Fuzzers,True
47351,Shellcode,True
47352,Generic,True
47353,Analysis,True
47354,Generic,True
47355,Shellcode,True
47356,Fuzzers,True
47357,Reconnaissance,True
47358,Reconnaissance,True
47359,Exploits,True
47360,Backdoor,True
47361,Backdoor,True
47362,Fuzzers,True
47363,Reconnaissance,True
47364,Exploits,True
47365,Exploits,True
47366,Exploits,True
47367,Exploits,True
47368,Fuzzers,True
47369,DoS,True
47370,Fuzzers,True
47371,Exploits,True
47372,DoS,True
47373,Reconnaissance,True
47374,Fuzzers,True
47375,DoS,True
47376,Fuzzers,True
47377,Exploits,True
47378,Fuzzers,True
47379,Exploits,True
47380,Fuzzers,True
47381,Reconnaissance,True
47382,DoS,True
47383,Fuzzers,True
47384,Fuzzers,True
47385,DoS,True
47386,Fuzzers,True
47387,Exploits,True
47388,Exploits,True
47389,Exploits,True
47390,Fuzzers,True
47391,Shellcode,True
47392,Exploits,True
47393,Fuzzers,True
47394,Generic,True
47395,Fuzzers,True
47396,Exploits,True
47397,Fuzzers,True
47398,Fuzzers,True
47399,Exploits,True
47400,Analysis,True
47401,Fuzzers,True
47402,Reconnaissance,True
47403,Exploits,True
47404,Generic,True
47405,Fuzzers,True
47406,Backdoor,True
47407,DoS,True
47408,Exploits,True
47409,Fuzzers,True
47410,Backdoor,True
47411,Fuzzers,True
47412,Generic,True
47413,Fuzzers,True
47414,Fuzzers,True
47415,Exploits,True
47416,Fuzzers,True
47417,DoS,True
47418,Fuzzers,True
47419,Reconnaissance,True
47420,Fuzzers,True
47421,Fuzzers,True
47422,DoS,True
47423,DoS,True
47424,DoS,True
47425,Fuzzers,True
47426,Fuzzers,True
47427,Exploits,True
47428,Worms,True
47429,Exploits,True
47430,Fuzzers,True
47431,Exploits,True
47432,Reconnaissance,True
47433,Exploits,True
47434,Exploits,True
47435,Fuzzers,True
47436,Reconnaissance,True
47437,Fuzzers,True
47438,Fuzzers,True
47439,Exploits,True
47440,Fuzzers,True
47441,Reconnaissance,True
47442,Fuzzers,True
47443,Fuzzers,True
47444,Fuzzers,True
47445,Reconnaissance,True
47446,Fuzzers,True
47447,Exploits,True
47448,Reconnaissance,True
47449,Reconnaissance,True
47450,Fuzzers,True
47451,Analysis,True
47452,Fuzzers,True
47453,Exploits,True
47454,Exploits,True
47455,Reconnaissance,True
47456,Fuzzers,True
47457,Fuzzers,True
47458,Backdoor,True
47459,Shellcode,True
47460,Exploits,True
47461,Reconnaissance,True
47462,Exploits,True
47463,Fuzzers,True
47464,Fuzzers,True
47465,Generic,True
47466,Exploits,True
47467,Fuzzers,True
47468,Exploits,True
47469,DoS,True
47470,DoS,True
47471,Fuzzers,True
47472,Shellcode,True
47473,DoS,True
47474,Reconnaissance,True
47475,Exploits,True
47476,DoS,True
47477,Fuzzers,True
47478,Exploits,True
47479,Generic,True
47480,Reconnaissance,True
47481,Exploits,True
47482,Exploits,True
47483,Fuzzers,True
47484,Reconnaissance,True
47485,Exploits,True
47486,Reconnaissance,True
47487,Generic,True
47488,Exploits,True
47489,Fuzzers,True
47490,Exploits,True
47491,Exploits,True
47492,Generic,True
47493,Exploits,True
47494,Reconnaissance,True
47495,Generic,True
47496,Exploits,True
47497,Exploits,True
47498,Exploits,True
47499,Reconnaissance,True
47500,Fuzzers,True
47501,Generic,True
47502,Generic,True
47503,Exploits,True
47504,Exploits,True
47505,Exploits,True
47506,Shellcode,True
47507,Fuzzers,True
47508,Reconnaissance,True
47509,Exploits,True
47510,Reconnaissance,True
47511,Fuzzers,True
47512,Exploits,True
47513,Fuzzers,True
47514,DoS,True
47515,Reconnaissance,True
47516,Reconnaissance,True
47517,Exploits,True
47518,Exploits,True
47519,Exploits,True
47520,Exploits,True
47521,Exploits,True
47522,Exploits,True
47523,Exploits,True
47524,Reconnaissance,True
47525,Exploits,True
47526,Fuzzers,True
47527,Exploits,True
47528,Exploits,True
47529,Exploits,True
47530,Exploits,True
47531,Reconnaissance,True
47532,Fuzzers,True
47533,Exploits,True
47534,Reconnaissance,True
47535,Exploits,True
47536,Exploits,True
47537,Exploits,True
47538,Reconnaissance,True
47539,Exploits,True
47540,Exploits,True
47541,Exploits,True
47542,Exploits,True
47543,Exploits,True
47544,Analysis,True
47545,Exploits,True
47546,Fuzzers,True
47547,Exploits,True
47548,Exploits,True
47549,Reconnaissance,True
47550,Backdoor,True
47551,Exploits,True
47552,Fuzzers,True
47553,Reconnaissance,True
47554,DoS,True
47555,Fuzzers,True
47556,Exploits,True
47557,Exploits,True
47558,Reconnaissance,True
47559,Reconnaissance,True
47560,Fuzzers,True
47561,Fuzzers,True
47562,Fuzzers,True
47563,DoS,True
47564,Exploits,True
47565,Reconnaissance,True
47566,Exploits,True
47567,Fuzzers,True
47568,Generic,True
47569,Exploits,True
47570,Fuzzers,True
47571,DoS,True
47572,Fuzzers,True
47573,Exploits,True
47574,Exploits,True
47575,Exploits,True
47576,Exploits,True
47577,Fuzzers,True
47578,Fuzzers,True
47579,Exploits,True
47580,Exploits,True
47581,Exploits,True
47582,Exploits,True
47583,Generic,True
47584,Fuzzers,True
47585,Reconnaissance,True
47586,Exploits,True
47587,DoS,True
47588,Generic,True
47589,Reconnaissance,True
47590,Reconnaissance,True
47591,Reconnaissance,True
47592,Exploits,True
47593,Exploits,True
47594,Fuzzers,True
47595,Fuzzers,True
47596,Generic,True
47597,Reconnaissance,True
47598,Exploits,True
47599,DoS,True
47600,Exploits,True
47601,DoS,True
47602,Exploits,True
47603,DoS,True
47604,Fuzzers,True
47605,Generic,True
47606,Exploits,True
47607,Exploits,True
47608,Fuzzers,True
47609,DoS,True
47610,Fuzzers,True
47611,Exploits,True
47612,Generic,True
47613,Exploits,True
47614,Exploits,True
47615,Exploits,True
47616,Exploits,True
47617,Exploits,True
47618,Generic,True
47619,Fuzzers,True
47620,Exploits,True
47621,Exploits,True
47622,Exploits,True
47623,Exploits,True
47624,Fuzzers,True
47625,Shellcode,True
47626,Exploits,True
47627,Exploits,True
47628,Reconnaissance,True
47629,Exploits,True
47630,Analysis,True
47631,Reconnaissance,True
47632,Fuzzers,True
47633,Exploits,True
47634,Fuzzers,True
47635,Fuzzers,True
47636,Fuzzers,True
47637,Exploits,True
47638,Backdoor,True
47639,DoS,True
47640,Fuzzers,True
47641,Exploits,True
47642,Fuzzers,True
47643,DoS,True
47644,Exploits,True
47645,Reconnaissance,True
47646,Exploits,True
47647,Analysis,True
47648,Reconnaissance,True
47649,Fuzzers,True
47650,Exploits,True
47651,Exploits,True
47652,Exploits,True
47653,Fuzzers,True
47654,DoS,True
47655,Backdoor,True
47656,Reconnaissance,True
47657,Reconnaissance,True
47658,Fuzzers,True
47659,DoS,True
47660,Shellcode,True
47661,Exploits,True
47662,Generic,True
47663,Exploits,True
47664,Fuzzers,True
47665,Fuzzers,True
47666,Exploits,True
47667,Exploits,True
47668,Fuzzers,True
47669,Exploits,True
47670,Generic,True
47671,Exploits,True
47672,Fuzzers,True
47673,Reconnaissance,True
47674,Fuzzers,True
47675,DoS,True
47676,Fuzzers,True
47677,Fuzzers,True
47678,Exploits,True
47679,Fuzzers,True
47680,Fuzzers,True
47681,Fuzzers,True
47682,Exploits,True
47683,Generic,True
47684,Reconnaissance,True
47685,Reconnaissance,True
47686,Exploits,True
47687,Analysis,True
47688,Exploits,True
47689,Fuzzers,True
47690,Reconnaissance,True
47691,Exploits,True
47692,Backdoor,True
47693,Fuzzers,True
47694,Generic,True
47695,Fuzzers,True
47696,Exploits,True
47697,Fuzzers,True
47698,Exploits,True
47699,Reconnaissance,True
47700,Generic,True
47701,Shellcode,True
47702,Fuzzers,True
47703,Fuzzers,True
47704,Exploits,True
47705,DoS,True
47706,Exploits,True
47707,Fuzzers,True
47708,Exploits,True
47709,Fuzzers,True
47710,Fuzzers,True
47711,Fuzzers,True
47712,Reconnaissance,True
47713,Exploits,True
47714,Fuzzers,True
47715,DoS,True
47716,Fuzzers,True
47717,Fuzzers,True
47718,Exploits,True
47719,Fuzzers,True
47720,Exploits,True
47721,Fuzzers,True
47722,Exploits,True
47723,Fuzzers,True
47724,Reconnaissance,True
47725,Exploits,True
47726,Reconnaissance,True
47727,Generic,True
47728,Exploits,True
47729,Fuzzers,True
47730,Fuzzers,True
47731,Exploits,True
47732,Exploits,True
47733,Exploits,True
47734,Exploits,True
47735,Exploits,True
47736,Fuzzers,True
47737,Exploits,True
47738,Exploits,True
47739,Analysis,True
47740,DoS,True
47741,Fuzzers,True
47742,Exploits,True
47743,Generic,True
47744,Exploits,True
47745,Analysis,True
47746,Fuzzers,True
47747,Generic,True
47748,Exploits,True
47749,Exploits,True
47750,Backdoor,True
47751,Generic,True
47752,Exploits,True
47753,Backdoor,True
47754,Fuzzers,True
47755,Fuzzers,True
47756,Generic,True
47757,Exploits,True
47758,Fuzzers,True
47759,Fuzzers,True
47760,Exploits,True
47761,Fuzzers,True
47762,Exploits,True
47763,DoS,True
47764,Exploits,True
47765,Generic,True
47766,Exploits,True
47767,Fuzzers,True
47768,DoS,True
47769,Reconnaissance,True
47770,Fuzzers,True
47771,Exploits,True
47772,Generic,True
47773,Fuzzers,True
47774,Reconnaissance,True
47775,Exploits,True
47776,Exploits,True
47777,Fuzzers,True
47778,Fuzzers,True
47779,Exploits,True
47780,Exploits,True
47781,Generic,True
47782,Fuzzers,True
47783,Exploits,True
47784,DoS,True
47785,Reconnaissance,True
47786,Fuzzers,True
47787,Fuzzers,True
47788,Exploits,True
47789,Generic,True
47790,Fuzzers,True
47791,Fuzzers,True
47792,Exploits,True
47793,Fuzzers,True
47794,Fuzzers,True
47795,DoS,True
47796,Generic,True
47797,Exploits,True
47798,Exploits,True
47799,Exploits,True
47800,Fuzzers,True
47801,Fuzzers,True
47802,Exploits,True
47803,Generic,True
47804,Exploits,True
47805,Exploits,True
47806,Fuzzers,True
47807,Fuzzers,True
47808,Fuzzers,True
47809,Exploits,True
47810,Exploits,True
47811,Exploits,True
47812,Exploits,True
47813,Exploits,True
47814,Generic,True
47815,Exploits,True
47816,Fuzzers,True
47817,Fuzzers,True
47818,Fuzzers,True
47819,Shellcode,True
47820,Generic,True
47821,Fuzzers,True
47822,Fuzzers,True
47823,Exploits,True
47824,Exploits,True
47825,Exploits,True
47826,DoS,True
47827,Reconnaissance,True
47828,Generic,True
47829,Exploits,True
47830,Fuzzers,True
47831,Generic,True
47832,Exploits,True
47833,Reconnaissance,True
47834,Exploits,True
47835,DoS,True
47836,Generic,True
47837,Generic,True
47838,Exploits,True
47839,Exploits,True
47840,Analysis,True
47841,Fuzzers,True
47842,Exploits,True
47843,Reconnaissance,True
47844,Generic,True
47845,Exploits,True
47846,Fuzzers,True
47847,Exploits,True
47848,Backdoor,True
47849,Fuzzers,True
47850,Fuzzers,True
47851,Generic,True
47852,DoS,True
47853,Exploits,True
47854,Exploits,True
47855,Fuzzers,True
47856,Fuzzers,True
47857,Fuzzers,True
47858,Exploits,True
47859,Exploits,True
47860,Fuzzers,True
47861,Exploits,True
47862,Exploits,True
47863,Fuzzers,True
47864,Analysis,True
47865,Exploits,True
47866,Exploits,True
47867,DoS,True
47868,Shellcode,True
47869,Fuzzers,True
47870,Fuzzers,True
47871,Exploits,True
47872,Backdoor,True
47873,Fuzzers,True
47874,Reconnaissance,True
47875,Exploits,True
47876,Fuzzers,True
47877,Reconnaissance,True
47878,Fuzzers,True
47879,Exploits,True
47880,Exploits,True
47881,Fuzzers,True
47882,Fuzzers,True
47883,Fuzzers,True
47884,Exploits,True
47885,Exploits,True
47886,DoS,True
47887,Exploits,True
47888,Generic,True
47889,Exploits,True
47890,Fuzzers,True
47891,Fuzzers,True
47892,Generic,True
47893,Fuzzers,True
47894,Generic,True
47895,Exploits,True
47896,Exploits,True
47897,Generic,True
47898,Reconnaissance,True
47899,DoS,True
47900,Exploits,True
47901,Generic,True
47902,Fuzzers,True
47903,Fuzzers,True
47904,Fuzzers,True
47905,Exploits,True
47906,Fuzzers,True
47907,Generic,True
47908,Reconnaissance,True
47909,Generic,True
47910,Generic,True
47911,Fuzzers,True
47912,Fuzzers,True
47913,Exploits,True
47914,Exploits,True
47915,Reconnaissance,True
47916,Generic,True
47917,Fuzzers,True
47918,Exploits,True
47919,Analysis,True
47920,Backdoor,True
47921,Generic,True
47922,Exploits,True
47923,Fuzzers,True
47924,Backdoor,True
47925,Generic,True
47926,Backdoor,True
47927,Exploits,True
47928,Fuzzers,True
47929,Fuzzers,True
47930,Exploits,True
47931,DoS,True
47932,Exploits,True
47933,Exploits,True
47934,Fuzzers,True
47935,Exploits,True
47936,Exploits,True
47937,Fuzzers,True
47938,DoS,True
47939,Shellcode,True
47940,DoS,True
47941,DoS,True
47942,Exploits,True
47943,Reconnaissance,True
47944,Reconnaissance,True
47945,Reconnaissance,True
47946,DoS,True
47947,Exploits,True
47948,Fuzzers,True
47949,Fuzzers,True
47950,Analysis,True
47951,Exploits,True
47952,Exploits,True
47953,Fuzzers,True
47954,Fuzzers,True
47955,Fuzzers,True
47956,Shellcode,True
47957,Backdoor,True
47958,Fuzzers,True
47959,Fuzzers,True
47960,Exploits,True
47961,Fuzzers,True
47962,Fuzzers,True
47963,Reconnaissance,True
47964,Exploits,True
47965,Exploits,True
47966,Fuzzers,True
47967,Reconnaissance,True
47968,Fuzzers,True
47969,Analysis,True
47970,Reconnaissance,True
47971,Reconnaissance,True
47972,DoS,True
47973,DoS,True
47974,Exploits,True
47975,Generic,True
47976,Exploits,True
47977,Backdoor,True
47978,Exploits,True
47979,Generic,True
47980,Fuzzers,True
47981,Fuzzers,True
47982,Fuzzers,True
47983,Exploits,True
47984,Exploits,True
47985,Fuzzers,True
47986,Exploits,True
47987,Exploits,True
47988,Reconnaissance,True
47989,Reconnaissance,True
47990,Fuzzers,True
47991,Fuzzers,True
47992,Exploits,True
47993,DoS,True
47994,Reconnaissance,True
47995,Generic,True
47996,Reconnaissance,True
47997,Reconnaissance,True
47998,Fuzzers,True
47999,Exploits,True
48000,Exploits,True
48001,Exploits,True
48002,Exploits,True
48003,Exploits,True
48004,DoS,True
48005,Reconnaissance,True
48006,Generic,True
48007,Fuzzers,True
48008,Fuzzers,True
48009,Exploits,True
48010,Reconnaissance,True
48011,Reconnaissance,True
48012,Fuzzers,True
48013,Fuzzers,True
48014,Fuzzers,True
48015,Reconnaissance,True
48016,Fuzzers,True
48017,Reconnaissance,True
48018,Exploits,True
48019,Exploits,True
48020,Fuzzers,True
48021,Exploits,True
48022,Exploits,True
48023,Generic,True
48024,Fuzzers,True
48025,Exploits,True
48026,Analysis,True
48027,Exploits,True
48028,Exploits,True
48029,Fuzzers,True
48030,Fuzzers,True
48031,Generic,True
48032,Backdoor,True
48033,Exploits,True
48034,Backdoor,True
48035,Reconnaissance,True
48036,Exploits,True
48037,DoS,True
48038,Exploits,True
48039,Generic,True
48040,Exploits,True
48041,Exploits,True
48042,Exploits,True
48043,Generic,True
48044,DoS,True
48045,Exploits,True
48046,Exploits,True
48047,Exploits,True
48048,Exploits,True
48049,Generic,True
48050,Reconnaissance,True
48051,Exploits,True
48052,Generic,True
48053,Backdoor,True
48054,Fuzzers,True
48055,Fuzzers,True
48056,Generic,True
48057,Fuzzers,True
48058,Exploits,True
48059,Reconnaissance,True
48060,Generic,True
48061,Reconnaissance,True
48062,Fuzzers,True
48063,Fuzzers,True
48064,Generic,True
48065,DoS,True
48066,Exploits,True
48067,Exploits,True
48068,Fuzzers,True
48069,Generic,True
48070,Analysis,True
48071,Reconnaissance,True
48072,Generic,True
48073,Fuzzers,True
48074,Reconnaissance,True
48075,Exploits,True
48076,Generic,True
48077,Reconnaissance,True
48078,Backdoor,True
48079,Exploits,True
48080,DoS,True
48081,Fuzzers,True
48082,Exploits,True
48083,Exploits,True
48084,Generic,True
48085,DoS,True
48086,Exploits,True
48087,Fuzzers,True
48088,Reconnaissance,True
48089,Exploits,True
48090,Generic,True
48091,Fuzzers,True
48092,Exploits,True
48093,Exploits,True
48094,Fuzzers,True
48095,Fuzzers,True
48096,Exploits,True
48097,DoS,True
48098,Shellcode,True
48099,Exploits,True
48100,Backdoor,True
48101,Fuzzers,True
48102,Fuzzers,True
48103,Generic,True
48104,Exploits,True
48105,Generic,True
48106,Fuzzers,True
48107,Exploits,True
48108,Fuzzers,True
48109,Fuzzers,True
48110,DoS,True
48111,Generic,True
48112,Fuzzers,True
48113,Generic,True
48114,Exploits,True
48115,DoS,True
48116,Exploits,True
48117,DoS,True
48118,Fuzzers,True
48119,Generic,True
48120,Fuzzers,True
48121,Fuzzers,True
48122,Generic,True
48123,Fuzzers,True
48124,DoS,True
48125,Analysis,True
48126,Reconnaissance,True
48127,Generic,True
48128,DoS,True
48129,Exploits,True
48130,Generic,True
48131,DoS,True
48132,Fuzzers,True
48133,Backdoor,True
48134,Exploits,True
48135,Generic,True
48136,Exploits,True
48137,Generic,True
48138,Reconnaissance,True
48139,Fuzzers,True
48140,Fuzzers,True
48141,Exploits,True
48142,Generic,True
48143,Fuzzers,True
48144,Fuzzers,True
48145,Exploits,True
48146,Reconnaissance,True
48147,Generic,True
48148,DoS,True
48149,Exploits,True
48150,Fuzzers,True
48151,Exploits,True
48152,DoS,True
48153,Fuzzers,True
48154,Exploits,True
48155,Generic,True
48156,Exploits,True
48157,Fuzzers,True
48158,Analysis,True
48159,Exploits,True
48160,Fuzzers,True
48161,Fuzzers,True
48162,Fuzzers,True
48163,Reconnaissance,True
48164,Exploits,True
48165,Exploits,True
48166,Exploits,True
48167,Fuzzers,True
48168,Backdoor,True
48169,Generic,True
48170,Exploits,True
48171,Reconnaissance,True
48172,Exploits,True
48173,Reconnaissance,True
48174,Fuzzers,True
48175,Fuzzers,True
48176,Exploits,True
48177,Generic,True
48178,Reconnaissance,True
48179,Exploits,True
48180,Generic,True
48181,Exploits,True
48182,DoS,True
48183,Fuzzers,True
48184,Fuzzers,True
48185,Generic,True
48186,Shellcode,True
48187,Exploits,True
48188,Fuzzers,True
48189,Generic,True
48190,Reconnaissance,True
48191,Fuzzers,True
48192,Exploits,True
48193,Exploits,True
48194,Exploits,True
48195,Fuzzers,True
48196,Fuzzers,True
48197,Exploits,True
48198,Fuzzers,True
48199,Fuzzers,True
48200,Reconnaissance,True
48201,Generic,True
48202,Exploits,True
48203,DoS,True
48204,Generic,True
48205,Generic,True
48206,Fuzzers,True
48207,Generic,True
48208,Generic,True
48209,Exploits,True
48210,Exploits,True
48211,Reconnaissance,True
48212,Fuzzers,True
48213,Fuzzers,True
48214,Generic,True
48215,Generic,True
48216,DoS,True
48217,Fuzzers,True
48218,Reconnaissance,True
48219,Fuzzers,True
48220,Generic,True
48221,Exploits,True
48222,Fuzzers,True
48223,Reconnaissance,True
48224,Fuzzers,True
48225,Generic,True
48226,Exploits,True
48227,Exploits,True
48228,Exploits,True
48229,Fuzzers,True
48230,Fuzzers,True
48231,Reconnaissance,True
48232,Fuzzers,True
48233,Generic,True
48234,Generic,True
48235,Exploits,True
48236,Fuzzers,True
48237,Fuzzers,True
48238,Fuzzers,True
48239,Exploits,True
48240,Exploits,True
48241,Fuzzers,True
48242,Exploits,True
48243,Fuzzers,True
48244,Fuzzers,True
48245,Exploits,True
48246,Reconnaissance,True
48247,Exploits,True
48248,DoS,True
48249,Reconnaissance,True
48250,Fuzzers,True
48251,Fuzzers,True
48252,Analysis,True
48253,Generic,True
48254,Fuzzers,True
48255,Fuzzers,True
48256,Exploits,True
48257,Fuzzers,True
48258,Generic,True
48259,Fuzzers,True
48260,Fuzzers,True
48261,Reconnaissance,True
48262,Exploits,True
48263,Exploits,True
48264,Exploits,True
48265,Fuzzers,True
48266,Exploits,True
48267,Analysis,True
48268,Exploits,True
48269,Generic,True
48270,Reconnaissance,True
48271,Reconnaissance,True
48272,Fuzzers,True
48273,Exploits,True
48274,Reconnaissance,True
48275,Backdoor,True
48276,Fuzzers,True
48277,Backdoor,True
48278,Exploits,True
48279,Fuzzers,True
48280,Fuzzers,True
48281,Fuzzers,True
48282,Exploits,True
48283,DoS,True
48284,Exploits,True
48285,Fuzzers,True
48286,Exploits,True
48287,Reconnaissance,True
48288,Fuzzers,True
48289,Exploits,True
48290,Fuzzers,True
48291,Generic,True
48292,Exploits,True
48293,DoS,True
48294,Fuzzers,True
48295,Exploits,True
48296,Exploits,True
48297,Reconnaissance,True
48298,Exploits,True
48299,Generic,True
48300,Backdoor,True
48301,Exploits,True
48302,Exploits,True
48303,Reconnaissance,True
48304,DoS,True
48305,Exploits,True
48306,Fuzzers,True
48307,Fuzzers,True
48308,Fuzzers,True
48309,Exploits,True
48310,Exploits,True
48311,Exploits,True
48312,Exploits,True
48313,Fuzzers,True
48314,Exploits,True
48315,Fuzzers,True
48316,DoS,True
48317,Exploits,True
48318,Exploits,True
48319,Fuzzers,True
48320,Fuzzers,True
48321,DoS,True
48322,Exploits,True
48323,Exploits,True
48324,Exploits,True
48325,Exploits,True
48326,Reconnaissance,True
48327,Exploits,True
48328,Exploits,True
48329,Reconnaissance,True
48330,Fuzzers,True
48331,Fuzzers,True
48332,Exploits,True
48333,Exploits,True
48334,Fuzzers,True
48335,Exploits,True
48336,Reconnaissance,True
48337,Generic,True
48338,Fuzzers,True
48339,Reconnaissance,True
48340,Exploits,True
48341,Reconnaissance,True
48342,Reconnaissance,True
48343,Fuzzers,True
48344,Exploits,True
48345,Generic,True
48346,Fuzzers,True
48347,Exploits,True
48348,Fuzzers,True
48349,Fuzzers,True
48350,Reconnaissance,True
48351,Exploits,True
48352,Fuzzers,True
48353,Generic,True
48354,Exploits,True
48355,Reconnaissance,True
48356,Exploits,True
48357,Exploits,True
48358,Exploits,True
48359,Exploits,True
48360,Exploits,True
48361,Generic,True
48362,Fuzzers,True
48363,Exploits,True
48364,Generic,True
48365,Reconnaissance,True
48366,Exploits,True
48367,Fuzzers,True
48368,Exploits,True
48369,Exploits,True
48370,Generic,True
48371,Fuzzers,True
48372,Fuzzers,True
48373,Exploits,True
48374,DoS,True
48375,Fuzzers,True
48376,Fuzzers,True
48377,Reconnaissance,True
48378,Generic,True
48379,Fuzzers,True
48380,Exploits,True
48381,Exploits,True
48382,Exploits,True
48383,Exploits,True
48384,Fuzzers,True
48385,Fuzzers,True
48386,Fuzzers,True
48387,Fuzzers,True
48388,Exploits,True
48389,Generic,True
48390,Fuzzers,True
48391,Analysis,True
48392,Shellcode,True
48393,Exploits,True
48394,Fuzzers,True
48395,Fuzzers,True
48396,Reconnaissance,True
48397,Fuzzers,True
48398,Backdoor,True
48399,Exploits,True
48400,DoS,True
48401,Fuzzers,True
48402,Fuzzers,True
48403,Generic,True
48404,Fuzzers,True
48405,Exploits,True
48406,Exploits,True
48407,Generic,True
48408,Fuzzers,True
48409,Exploits,True
48410,Fuzzers,True
48411,DoS,True
48412,Reconnaissance,True
48413,Analysis,True
48414,Reconnaissance,True
48415,Fuzzers,True
48416,Analysis,True
48417,DoS,True
48418,Exploits,True
48419,Exploits,True
48420,Exploits,True
48421,Exploits,True
48422,Fuzzers,True
48423,Exploits,True
48424,DoS,True
48425,Backdoor,True
48426,Fuzzers,True
48427,Reconnaissance,True
48428,Fuzzers,True
48429,Fuzzers,True
48430,Exploits,True
48431,Exploits,True
48432,Fuzzers,True
48433,Exploits,True
48434,Fuzzers,True
48435,Fuzzers,True
48436,Exploits,True
48437,Exploits,True
48438,Exploits,True
48439,DoS,True
48440,Backdoor,True
48441,Analysis,True
48442,Reconnaissance,True
48443,Exploits,True
48444,Fuzzers,True
48445,Generic,True
48446,DoS,True
48447,DoS,True
48448,Exploits,True
48449,Backdoor,True
48450,Reconnaissance,True
48451,Exploits,True
48452,Fuzzers,True
48453,Exploits,True
48454,Fuzzers,True
48455,Fuzzers,True
48456,Exploits,True
48457,Fuzzers,True
48458,Exploits,True
48459,Exploits,True
48460,Fuzzers,True
48461,Fuzzers,True
48462,Exploits,True
48463,Fuzzers,True
48464,Generic,True
48465,Reconnaissance,True
48466,DoS,True
48467,Exploits,True
48468,Fuzzers,True
48469,Exploits,True
48470,DoS,True
48471,Analysis,True
48472,Exploits,True
48473,Reconnaissance,True
48474,Exploits,True
48475,Fuzzers,True
48476,Generic,True
48477,Generic,True
48478,Backdoor,True
48479,Exploits,True
48480,Generic,True
48481,Backdoor,True
48482,Exploits,True
48483,Generic,True
48484,Fuzzers,True
48485,Exploits,True
48486,Generic,True
48487,Fuzzers,True
48488,Generic,True
48489,Exploits,True
48490,Generic,True
48491,DoS,True
48492,Exploits,True
48493,Generic,True
48494,Fuzzers,True
48495,Reconnaissance,True
48496,Fuzzers,True
48497,Generic,True
48498,Exploits,True
48499,Generic,True
48500,Exploits,True
48501,Generic,True
48502,Reconnaissance,True
48503,Exploits,True
48504,Exploits,True
48505,Exploits,True
48506,Exploits,True
48507,DoS,True
48508,Fuzzers,True
48509,Reconnaissance,True
48510,Reconnaissance,True
48511,Fuzzers,True
48512,Fuzzers,True
48513,Fuzzers,True
48514,Fuzzers,True
48515,Exploits,True
48516,Fuzzers,True
48517,Fuzzers,True
48518,Fuzzers,True
48519,DoS,True
48520,Fuzzers,True
48521,Fuzzers,True
48522,Exploits,True
48523,DoS,True
48524,Exploits,True
48525,Reconnaissance,True
48526,Exploits,True
48527,Fuzzers,True
48528,Fuzzers,True
48529,Exploits,True
48530,Fuzzers,True
48531,Fuzzers,True
48532,Exploits,True
48533,Fuzzers,True
48534,Fuzzers,True
48535,Fuzzers,True
48536,Fuzzers,True
48537,Exploits,True
48538,Fuzzers,True
48539,Fuzzers,True
48540,Fuzzers,True
48541,Shellcode,True
48542,Fuzzers,True
48543,Exploits,True
48544,Exploits,True
48545,Fuzzers,True
48546,Fuzzers,True
48547,Analysis,True
48548,Fuzzers,True
48549,Fuzzers,True
48550,Reconnaissance,True
48551,Exploits,True
48552,Fuzzers,True
48553,Generic,True
48554,Generic,True
48555,Reconnaissance,True
48556,Backdoor,True
48557,Reconnaissance,True
48558,Generic,True
48559,Exploits,True
48560,Shellcode,True
48561,Exploits,True
48562,Generic,True
48563,Exploits,True
48564,Exploits,True
48565,Exploits,True
48566,Generic,True
48567,Analysis,True
48568,Exploits,True
48569,Exploits,True
48570,Generic,True
48571,Exploits,True
48572,DoS,True
48573,Fuzzers,True
48574,Backdoor,True
48575,Reconnaissance,True
48576,Fuzzers,True
48577,Fuzzers,True
48578,Reconnaissance,True
48579,Exploits,True
48580,Exploits,True
48581,Exploits,True
48582,DoS,True
48583,Exploits,True
48584,Fuzzers,True
48585,Exploits,True
48586,Fuzzers,True
48587,Exploits,True
48588,Worms,True
48589,Generic,True
48590,Exploits,True
48591,Fuzzers,True
48592,Fuzzers,True
48593,Fuzzers,True
48594,Fuzzers,True
48595,Fuzzers,True
48596,Reconnaissance,True
48597,Exploits,True
48598,Analysis,True
48599,Generic,True
48600,Fuzzers,True
48601,Fuzzers,True
48602,Fuzzers,True
48603,Generic,True
48604,Exploits,True
48605,Backdoor,True
48606,Reconnaissance,True
48607,Generic,True
48608,Generic,True
48609,Exploits,True
48610,Generic,True
48611,Generic,True
48612,Fuzzers,True
48613,Fuzzers,True
48614,Generic,True
48615,Fuzzers,True
48616,Generic,True
48617,Exploits,True
48618,Generic,True
48619,Fuzzers,True
48620,Exploits,True
48621,Generic,True
48622,Generic,True
48623,Fuzzers,True
48624,Exploits,True
48625,Generic,True
48626,Exploits,True
48627,Fuzzers,True
48628,Reconnaissance,True
48629,Generic,True
48630,DoS,True
48631,Fuzzers,True
48632,Fuzzers,True
48633,Fuzzers,True
48634,Generic,True
48635,Generic,True
48636,Fuzzers,True
48637,Generic,True
48638,Fuzzers,True
48639,Exploits,True
48640,Generic,True
48641,Exploits,True
48642,Reconnaissance,True
48643,Fuzzers,True
48644,Generic,True
48645,Generic,True
48646,Exploits,True
48647,Fuzzers,True
48648,Generic,True
48649,Exploits,True
48650,Exploits,True
48651,Generic,True
48652,Fuzzers,True
48653,Generic,True
48654,Reconnaissance,True
48655,Exploits,True
48656,Exploits,True
48657,DoS,True
48658,Exploits,True
48659,Generic,True
48660,Exploits,True
48661,Exploits,True
48662,Exploits,True
48663,Exploits,True
48664,Exploits,True
48665,Generic,True
48666,Exploits,True
48667,Generic,True
48668,Exploits,True
48669,Fuzzers,True
48670,Reconnaissance,True
48671,Analysis,True
48672,Fuzzers,True
48673,Reconnaissance,True
48674,DoS,True
48675,Generic,True
48676,Backdoor,True
48677,Reconnaissance,True
48678,Exploits,True
48679,Fuzzers,True
48680,Exploits,True
48681,Exploits,True
48682,Exploits,True
48683,Fuzzers,True
48684,Reconnaissance,True
48685,DoS,True
48686,Exploits,True
48687,Exploits,True
48688,Exploits,True
48689,DoS,True
48690,Analysis,True
48691,Exploits,True
48692,Reconnaissance,True
48693,Fuzzers,True
48694,Fuzzers,True
48695,Fuzzers,True
48696,Exploits,True
48697,Exploits,True
48698,Exploits,True
48699,Backdoor,True
48700,DoS,True
48701,Analysis,True
48702,Backdoor,True
48703,Reconnaissance,True
48704,Fuzzers,True
48705,Exploits,True
48706,Exploits,True
48707,Exploits,True
48708,DoS,True
48709,Fuzzers,True
48710,Fuzzers,True
48711,Generic,True
48712,DoS,True
48713,Exploits,True
48714,Exploits,True
48715,Fuzzers,True
48716,Fuzzers,True
48717,Analysis,True
48718,Exploits,True
48719,Fuzzers,True
48720,DoS,True
48721,Fuzzers,True
48722,Fuzzers,True
48723,Analysis,True
48724,Fuzzers,True
48725,Backdoor,True
48726,Reconnaissance,True
48727,Fuzzers,True
48728,Exploits,True
48729,Backdoor,True
48730,Exploits,True
48731,Fuzzers,True
48732,Fuzzers,True
48733,Exploits,True
48734,Fuzzers,True
48735,Exploits,True
48736,Exploits,True
48737,DoS,True
48738,Analysis,True
48739,Shellcode,True
48740,Exploits,True
48741,Fuzzers,True
48742,Exploits,True
48743,Reconnaissance,True
48744,Reconnaissance,True
48745,Fuzzers,True
48746,Fuzzers,True
48747,Fuzzers,True
48748,Backdoor,True
48749,Fuzzers,True
48750,Fuzzers,True
48751,Fuzzers,True
48752,Exploits,True
48753,Analysis,True
48754,Exploits,True
48755,Fuzzers,True
48756,Backdoor,True
48757,Exploits,True
48758,Fuzzers,True
48759,Exploits,True
48760,Exploits,True
48761,Exploits,True
48762,Fuzzers,True
48763,Fuzzers,True
48764,DoS,True
48765,Exploits,True
48766,Generic,True
48767,Reconnaissance,True
48768,DoS,True
48769,Exploits,True
48770,Shellcode,True
48771,Generic,True
48772,Fuzzers,True
48773,Generic,True
48774,Reconnaissance,True
48775,Fuzzers,True
48776,Exploits,True
48777,Fuzzers,True
48778,Reconnaissance,True
48779,Generic,True
48780,Exploits,True
48781,Reconnaissance,True
48782,Analysis,True
48783,Fuzzers,True
48784,Exploits,True
48785,Generic,True
48786,Backdoor,True
48787,Fuzzers,True
48788,Fuzzers,True
48789,Exploits,True
48790,Fuzzers,True
48791,Exploits,True
48792,Generic,True
48793,Fuzzers,True
48794,DoS,True
48795,Fuzzers,True
48796,Exploits,True
48797,Exploits,True
48798,Analysis,True
48799,Generic,True
48800,Fuzzers,True
48801,Exploits,True
48802,Fuzzers,True
48803,Fuzzers,True
48804,Exploits,True
48805,Generic,True
48806,Fuzzers,True
48807,Backdoor,True
48808,Fuzzers,True
48809,Exploits,True
48810,Fuzzers,True
48811,Exploits,True
48812,Exploits,True
48813,Exploits,True
48814,Analysis,True
48815,Exploits,True
48816,Exploits,True
48817,Fuzzers,True
48818,Reconnaissance,True
48819,Fuzzers,True
48820,DoS,True
48821,DoS,True
48822,Reconnaissance,True
48823,Fuzzers,True
48824,Exploits,True
48825,Exploits,True
48826,Fuzzers,True
48827,Reconnaissance,True
48828,Exploits,True
48829,Exploits,True
48830,Reconnaissance,True
48831,Exploits,True
48832,Shellcode,True
48833,Exploits,True
48834,Fuzzers,True
48835,Reconnaissance,True
48836,Fuzzers,True
48837,Fuzzers,True
48838,Backdoor,True
48839,Exploits,True
48840,Exploits,True
48841,Fuzzers,True
48842,DoS,True
48843,Fuzzers,True
48844,Fuzzers,True
48845,DoS,True
48846,Fuzzers,True
48847,Fuzzers,True
48848,Exploits,True
48849,Exploits,True
48850,Analysis,True
48851,Analysis,True
48852,Fuzzers,True
48853,DoS,True
48854,Exploits,True
48855,Exploits,True
48856,Fuzzers,True
48857,Exploits,True
48858,Backdoor,True
48859,Generic,True
48860,Reconnaissance,True
48861,Analysis,True
48862,Exploits,True
48863,Shellcode,True
48864,Backdoor,True
48865,Exploits,True
48866,Reconnaissance,True
48867,Fuzzers,True
48868,Exploits,True
48869,Exploits,True
48870,Exploits,True
48871,Exploits,True
48872,DoS,True
48873,DoS,True
48874,Generic,True
48875,Generic,True
48876,Exploits,True
48877,Fuzzers,True
48878,Exploits,True
48879,Exploits,True
48880,Fuzzers,True
48881,Reconnaissance,True
48882,Reconnaissance,True
48883,Exploits,True
48884,Fuzzers,True
48885,Fuzzers,True
48886,DoS,True
48887,Generic,True
48888,Fuzzers,True
48889,Exploits,True
48890,Analysis,True
48891,Exploits,True
48892,Fuzzers,True
48893,Fuzzers,True
48894,Generic,True
48895,Exploits,True
48896,Backdoor,True
48897,Exploits,True
48898,Exploits,True
48899,Exploits,True
48900,Fuzzers,True
48901,Exploits,True
48902,Fuzzers,True
48903,Generic,True
48904,DoS,True
48905,Exploits,True
48906,Exploits,True
48907,Exploits,True
48908,Exploits,True
48909,Fuzzers,True
48910,Reconnaissance,True
48911,Exploits,True
48912,Fuzzers,True
48913,Exploits,True
48914,Exploits,True
48915,Analysis,True
48916,Exploits,True
48917,Exploits,True
48918,Exploits,True
48919,Exploits,True
48920,DoS,True
48921,Fuzzers,True
48922,Backdoor,True
48923,Exploits,True
48924,Reconnaissance,True
48925,Reconnaissance,True
48926,Reconnaissance,True
48927,Reconnaissance,True
48928,Exploits,True
48929,Exploits,True
48930,Exploits,True
48931,Exploits,True
48932,Exploits,True
48933,Exploits,True
48934,Fuzzers,True
48935,Fuzzers,True
48936,DoS,True
48937,Fuzzers,True
48938,DoS,True
48939,Fuzzers,True
48940,Exploits,True
48941,Analysis,True
48942,Exploits,True
48943,Exploits,True
48944,Backdoor,True
48945,Fuzzers,True
48946,Fuzzers,True
48947,Exploits,True
48948,Exploits,True
48949,Fuzzers,True
48950,Exploits,True
48951,DoS,True
48952,Fuzzers,True
48953,DoS,True
48954,Exploits,False
48955,Exploits,True
48956,Fuzzers,True
48957,Reconnaissance,True
48958,Fuzzers,True
48959,Generic,True
48960,Shellcode,True
48961,Exploits,True
48962,Generic,True
48963,Fuzzers,True
48964,Analysis,True
48965,Exploits,True
48966,Analysis,True
48967,Backdoor,True
48968,Shellcode,True
48969,Exploits,True
48970,Reconnaissance,True
48971,Backdoor,True
48972,Backdoor,True
48973,Exploits,True
48974,Exploits,True
48975,DoS,True
48976,Reconnaissance,True
48977,Exploits,True
48978,Exploits,True
48979,Exploits,True
48980,DoS,True
48981,Exploits,True
48982,Fuzzers,True
48983,Fuzzers,True
48984,Fuzzers,True
48985,Exploits,True
48986,Fuzzers,True
48987,Exploits,True
48988,DoS,True
48989,Fuzzers,True
48990,Exploits,True
48991,Fuzzers,True
48992,Fuzzers,True
48993,Fuzzers,True
48994,Shellcode,True
48995,Fuzzers,True
48996,Exploits,True
48997,Fuzzers,True
48998,Fuzzers,True
48999,Fuzzers,True
49000,DoS,True
49001,Fuzzers,True
49002,Fuzzers,True
49003,Fuzzers,True
49004,Shellcode,True
49005,DoS,True
49006,Exploits,True
49007,Fuzzers,True
49008,Exploits,True
49009,Generic,True
49010,Fuzzers,True
49011,Fuzzers,True
49012,DoS,True
49013,Fuzzers,True
49014,Analysis,True
49015,Fuzzers,True
49016,Generic,True
49017,DoS,True
49018,Analysis,True
49019,Backdoor,True
49020,Fuzzers,True
49021,Backdoor,True
49022,Exploits,True
49023,Backdoor,True
49024,Generic,True
49025,Exploits,True
49026,Exploits,True
49027,Fuzzers,True
49028,Exploits,True
49029,Generic,True
49030,Fuzzers,True
49031,DoS,True
49032,Fuzzers,True
49033,Exploits,True
49034,Exploits,True
49035,Exploits,True
49036,Generic,True
49037,Fuzzers,True
49038,Fuzzers,True
49039,DoS,True
49040,Exploits,True
49041,Analysis,True
49042,Fuzzers,True
49043,Generic,True
49044,Generic,True
49045,Analysis,True
49046,Exploits,True
49047,Reconnaissance,True
49048,Fuzzers,True
49049,Backdoor,True
49050,Fuzzers,True
49051,Exploits,True
49052,Analysis,True
49053,Shellcode,True
49054,Reconnaissance,True
49055,Fuzzers,True
49056,Exploits,True
49057,Fuzzers,True
49058,Exploits,True
49059,Reconnaissance,True
49060,Reconnaissance,True
49061,Exploits,True
49062,Fuzzers,True
49063,DoS,True
49064,Fuzzers,True
49065,Backdoor,True
49066,Exploits,True
49067,Reconnaissance,True
49068,Backdoor,True
49069,Fuzzers,True
49070,Exploits,True
49071,Analysis,True
49072,Exploits,True
49073,Reconnaissance,True
49074,Exploits,True
49075,Reconnaissance,True
49076,DoS,True
49077,Exploits,True
49078,Backdoor,True
49079,Fuzzers,True
49080,DoS,True
49081,Reconnaissance,True
49082,Exploits,True
49083,DoS,True
49084,Reconnaissance,True
49085,Fuzzers,True
49086,Exploits,True
49087,Fuzzers,True
49088,Exploits,True
49089,Exploits,True
49090,Fuzzers,True
49091,Exploits,True
49092,Reconnaissance,True
49093,Fuzzers,True
49094,Analysis,True
49095,DoS,True
49096,Reconnaissance,True
49097,Generic,True
49098,Fuzzers,True
49099,DoS,True
49100,Fuzzers,True
49101,Generic,True
49102,Exploits,True
49103,Generic,True
49104,Exploits,True
49105,Backdoor,True
49106,Fuzzers,True
49107,Exploits,True
49108,Fuzzers,True
49109,Exploits,True
49110,Reconnaissance,True
49111,Exploits,True
49112,Generic,True
49113,Generic,True
49114,Reconnaissance,True
49115,Fuzzers,True
49116,Exploits,True
49117,Fuzzers,True
49118,Generic,True
49119,Generic,True
49120,Fuzzers,True
49121,Generic,True
49122,Analysis,True
49123,Reconnaissance,True
49124,DoS,True
49125,Fuzzers,True
49126,DoS,True
49127,Generic,True
49128,Exploits,True
49129,Backdoor,True
49130,Fuzzers,True
49131,Fuzzers,True
49132,Exploits,True
49133,Exploits,True
49134,Exploits,True
49135,Fuzzers,True
49136,Fuzzers,True
49137,Exploits,True
49138,Generic,True
49139,Exploits,True
49140,Fuzzers,True
49141,Exploits,True
49142,Generic,True
49143,DoS,True
49144,Generic,True
49145,Reconnaissance,True
49146,Exploits,True
49147,Fuzzers,True
49148,Exploits,True
49149,Generic,True
49150,Generic,True
49151,Generic,True
49152,Fuzzers,True
49153,Exploits,True
49154,Exploits,True
49155,Exploits,True
49156,Fuzzers,True
49157,Analysis,True
49158,Reconnaissance,True
49159,Generic,True
49160,DoS,True
49161,Exploits,True
49162,Fuzzers,True
49163,Fuzzers,True
49164,Backdoor,True
49165,Reconnaissance,True
49166,Exploits,True
49167,Generic,True
49168,Reconnaissance,True
49169,Fuzzers,True
49170,Exploits,True
49171,Generic,True
49172,Exploits,True
49173,Exploits,True
49174,Reconnaissance,True
49175,Generic,True
49176,Analysis,True
49177,Exploits,True
49178,Reconnaissance,True
49179,Exploits,True
49180,DoS,True
49181,Reconnaissance,True
49182,Generic,True
49183,Fuzzers,True
49184,Backdoor,True
49185,Generic,True
49186,Fuzzers,True
49187,Generic,True
49188,Exploits,True
49189,Exploits,True
49190,Generic,True
49191,Exploits,True
49192,Exploits,True
49193,DoS,True
49194,Generic,True
49195,Fuzzers,True
49196,Generic,True
49197,Fuzzers,True
49198,Exploits,True
49199,Generic,True
49200,DoS,True
49201,Exploits,True
49202,Generic,True
49203,Fuzzers,True
49204,Fuzzers,True
49205,Generic,True
49206,Exploits,True
49207,Generic,True
49208,Fuzzers,True
49209,Exploits,True
49210,Fuzzers,True
49211,Analysis,True
49212,Generic,True
49213,Exploits,True
49214,Fuzzers,True
49215,Fuzzers,True
49216,Fuzzers,True
49217,Generic,True
49218,Fuzzers,True
49219,Backdoor,True
49220,Fuzzers,True
49221,Generic,True
49222,Fuzzers,True
49223,Fuzzers,True
49224,Fuzzers,True
49225,Exploits,True
49226,Generic,True
49227,Reconnaissance,True
49228,Reconnaissance,True
49229,Generic,True
49230,Exploits,True
49231,Fuzzers,True
49232,Analysis,True
49233,Fuzzers,True
49234,Generic,True
49235,DoS,True
49236,Generic,True
49237,DoS,True
49238,Fuzzers,True
49239,Backdoor,True
49240,Fuzzers,True
49241,Exploits,True
49242,Fuzzers,True
49243,Exploits,True
49244,Exploits,True
49245,Fuzzers,True
49246,Fuzzers,True
49247,Exploits,True
49248,Exploits,True
49249,Reconnaissance,True
49250,Exploits,True
49251,Exploits,True
49252,Exploits,True
49253,Fuzzers,True
49254,Exploits,True
49255,DoS,True
49256,Reconnaissance,True
49257,Exploits,True
49258,Fuzzers,True
49259,Fuzzers,True
49260,Exploits,True
49261,Exploits,True
49262,Exploits,True
49263,Reconnaissance,True
49264,Exploits,True
49265,Fuzzers,True
49266,Reconnaissance,True
49267,Fuzzers,True
49268,Fuzzers,True
49269,Fuzzers,True
49270,Exploits,True
49271,Fuzzers,True
49272,Exploits,True
49273,Fuzzers,True
49274,Exploits,True
49275,Fuzzers,True
49276,Generic,True
49277,Reconnaissance,True
49278,Exploits,True
49279,Exploits,True
49280,Fuzzers,True
49281,Reconnaissance,True
49282,Fuzzers,True
49283,Generic,True
49284,Generic,True
49285,Generic,True
49286,Exploits,True
49287,Exploits,True
49288,Analysis,True
49289,Exploits,True
49290,Fuzzers,True
49291,Fuzzers,True
49292,Generic,True
49293,Exploits,True
49294,Fuzzers,True
49295,Backdoor,True
49296,Reconnaissance,True
49297,Fuzzers,True
49298,Exploits,True
49299,Analysis,True
49300,Generic,True
49301,Backdoor,True
49302,Exploits,True
49303,Exploits,True
49304,DoS,True
49305,Fuzzers,True
49306,Generic,True
49307,Exploits,True
49308,Exploits,True
49309,DoS,True
49310,DoS,True
49311,Exploits,True
49312,Fuzzers,True
49313,Generic,True
49314,Generic,True
49315,Exploits,True
49316,Reconnaissance,True
49317,Exploits,True
49318,Fuzzers,True
49319,Reconnaissance,True
49320,Fuzzers,True
49321,Exploits,True
49322,Generic,True
49323,Fuzzers,True
49324,DoS,True
49325,Reconnaissance,True
49326,Fuzzers,True
49327,Exploits,True
49328,DoS,True
49329,Generic,True
49330,Reconnaissance,True
49331,Fuzzers,True
49332,Generic,True
49333,DoS,True
49334,Exploits,True
49335,Fuzzers,True
49336,Generic,True
49337,DoS,True
49338,Analysis,True
49339,Exploits,True
49340,Exploits,True
49341,Reconnaissance,True
49342,Exploits,True
49343,Backdoor,True
49344,Exploits,True
49345,DoS,True
49346,Fuzzers,True
49347,Reconnaissance,True
49348,Fuzzers,True
49349,Shellcode,True
49350,Exploits,True
49351,Exploits,True
49352,Fuzzers,True
49353,Exploits,True
49354,Fuzzers,True
49355,Exploits,True
49356,Fuzzers,True
49357,Shellcode,True
49358,Fuzzers,True
49359,DoS,True
49360,DoS,True
49361,Fuzzers,True
49362,Fuzzers,True
49363,Fuzzers,True
49364,Generic,True
49365,Exploits,True
49366,Fuzzers,True
49367,Exploits,True
49368,Exploits,True
49369,Reconnaissance,True
49370,Exploits,True
49371,Fuzzers,True
49372,Exploits,True
49373,Exploits,True
49374,Fuzzers,True
49375,Fuzzers,True
49376,Fuzzers,True
49377,Exploits,True
49378,DoS,True
49379,Fuzzers,True
49380,Fuzzers,True
49381,Reconnaissance,True
49382,Exploits,True
49383,Fuzzers,True
49384,Fuzzers,True
49385,Generic,True
49386,Fuzzers,True
49387,Fuzzers,True
49388,Reconnaissance,True
49389,DoS,True
49390,Analysis,True
49391,Reconnaissance,True
49392,Generic,True
49393,Shellcode,True
49394,Fuzzers,True
49395,Generic,True
49396,Generic,True
49397,Backdoor,True
49398,Fuzzers,True
49399,Fuzzers,True
49400,Fuzzers,True
49401,Fuzzers,True
49402,Fuzzers,True
49403,Analysis,True
49404,Fuzzers,True
49405,Fuzzers,True
49406,Exploits,True
49407,Backdoor,True
49408,DoS,True
49409,DoS,True
49410,Exploits,True
49411,Fuzzers,True
49412,Exploits,True
49413,Fuzzers,True
49414,DoS,True
49415,Exploits,True
49416,Exploits,True
49417,Exploits,True
49418,Reconnaissance,True
49419,Fuzzers,True
49420,Fuzzers,True
49421,Exploits,True
49422,Exploits,True
49423,Exploits,True
49424,Fuzzers,True
49425,Exploits,True
49426,Fuzzers,True
49427,Fuzzers,True
49428,Exploits,True
49429,DoS,True
49430,Exploits,True
49431,Exploits,True
49432,DoS,True
49433,Fuzzers,True
49434,Fuzzers,True
49435,Fuzzers,True
49436,Reconnaissance,True
49437,Exploits,True
49438,Reconnaissance,True
49439,Fuzzers,True
49440,Reconnaissance,True
49441,Generic,True
49442,Exploits,True
49443,Analysis,True
49444,Generic,True
49445,Fuzzers,True
49446,Exploits,True
49447,Exploits,True
49448,Generic,True
49449,Exploits,True
49450,DoS,True
49451,Backdoor,True
49452,Fuzzers,True
49453,Generic,True
49454,Generic,True
49455,DoS,True
49456,Exploits,True
49457,Generic,True
49458,Exploits,True
49459,Generic,True
49460,Fuzzers,True
49461,Fuzzers,True
49462,Generic,True
49463,Reconnaissance,True
49464,Exploits,True
49465,Exploits,True
49466,DoS,True
49467,Generic,True
49468,Fuzzers,True
49469,Generic,True
49470,Exploits,True
49471,Exploits,True
49472,Exploits,True
49473,Exploits,True
49474,Generic,True
49475,Fuzzers,True
49476,Fuzzers,True
49477,Fuzzers,True
49478,Fuzzers,True
49479,Generic,True
49480,Exploits,True
49481,Fuzzers,True
49482,Exploits,True
49483,Shellcode,True
49484,Fuzzers,True
49485,Fuzzers,True
49486,Generic,True
49487,Fuzzers,True
49488,Fuzzers,True
49489,Generic,True
49490,Exploits,True
49491,Fuzzers,True
49492,Fuzzers,True
49493,Exploits,True
49494,Fuzzers,True
49495,Analysis,True
49496,Exploits,True
49497,Fuzzers,True
49498,Reconnaissance,True
49499,Fuzzers,True
49500,Fuzzers,True
49501,Exploits,True
49502,Backdoor,True
49503,Analysis,True
49504,Generic,True
49505,Reconnaissance,True
49506,Fuzzers,True
49507,Fuzzers,True
49508,Backdoor,True
49509,Exploits,True
49510,Fuzzers,True
49511,Exploits,True
49512,Exploits,True
49513,Exploits,True
49514,Exploits,True
49515,Fuzzers,True
49516,DoS,True
49517,Generic,True
49518,DoS,True
49519,Fuzzers,True
49520,Generic,True
49521,Fuzzers,True
49522,Shellcode,True
49523,Reconnaissance,True
49524,Fuzzers,True
49525,Exploits,True
49526,Generic,True
49527,Fuzzers,True
49528,Exploits,True
49529,Fuzzers,True
49530,Exploits,True
49531,Exploits,True
49532,Generic,True
49533,Fuzzers,True
49534,Generic,True
49535,Fuzzers,True
49536,Fuzzers,True
49537,Exploits,True
49538,Generic,True
49539,Fuzzers,True
49540,Exploits,True
49541,Fuzzers,True
49542,Worms,True
49543,Fuzzers,True
49544,Reconnaissance,True
49545,Exploits,True
49546,Exploits,True
49547,Fuzzers,True
49548,Exploits,True
49549,Fuzzers,True
49550,Reconnaissance,True
49551,Exploits,True
49552,Exploits,True
49553,Fuzzers,True
49554,Analysis,True
49555,Analysis,True
49556,Reconnaissance,True
49557,Exploits,True
49558,Exploits,True
49559,Backdoor,True
49560,Shellcode,True
49561,Generic,True
49562,Backdoor,True
49563,Fuzzers,True
49564,Reconnaissance,True
49565,Exploits,True
49566,Reconnaissance,True
49567,Generic,True
49568,Exploits,True
49569,Exploits,True
49570,Fuzzers,True
49571,Fuzzers,True
49572,Generic,True
49573,Fuzzers,True
49574,Exploits,True
49575,DoS,True
49576,Generic,True
49577,Exploits,True
49578,Fuzzers,True
49579,Fuzzers,True
49580,Generic,True
49581,Exploits,True
49582,Shellcode,True
49583,Exploits,True
49584,Reconnaissance,True
49585,Fuzzers,True
49586,DoS,True
49587,Fuzzers,True
49588,Generic,True
49589,Fuzzers,True
49590,Exploits,True
49591,Fuzzers,True
49592,Backdoor,True
49593,Exploits,True
49594,Fuzzers,True
49595,Fuzzers,True
49596,Exploits,True
49597,Generic,True
49598,Fuzzers,True
49599,Fuzzers,True
49600,DoS,True
49601,Exploits,True
49602,Fuzzers,True
49603,Analysis,True
49604,Generic,True
49605,Generic,True
49606,Fuzzers,True
49607,Exploits,True
49608,Fuzzers,True
49609,Exploits,True
49610,Fuzzers,True
49611,Generic,True
49612,Fuzzers,True
49613,Exploits,True
49614,Reconnaissance,True
49615,Fuzzers,True
49616,Analysis,True
49617,Fuzzers,True
49618,Exploits,True
49619,Generic,True
49620,Generic,True
49621,Exploits,True
49622,Reconnaissance,True
49623,Analysis,True
49624,Reconnaissance,True
49625,Backdoor,True
49626,DoS,True
49627,Generic,True
49628,Fuzzers,True
49629,Exploits,True
49630,Exploits,True
49631,Backdoor,True
49632,Exploits,True
49633,Generic,True
49634,Exploits,True
49635,DoS,True
49636,Exploits,True
49637,Exploits,True
49638,Fuzzers,True
49639,Exploits,True
49640,Reconnaissance,True
49641,Generic,True
49642,Shellcode,True
49643,DoS,True
49644,Reconnaissance,True
49645,DoS,True
49646,DoS,True
49647,Exploits,True
49648,Backdoor,True
49649,Generic,True
49650,Fuzzers,True
49651,Exploits,True
49652,Fuzzers,True
49653,Fuzzers,True
49654,Exploits,True
49655,Fuzzers,True
49656,DoS,True
49657,Generic,True
49658,Reconnaissance,True
49659,Exploits,True
49660,Fuzzers,True
49661,Reconnaissance,True
49662,Fuzzers,True
49663,Fuzzers,True
49664,Fuzzers,True
49665,Generic,True
49666,Reconnaissance,True
49667,Fuzzers,True
49668,DoS,True
49669,Fuzzers,True
49670,Fuzzers,True
49671,Shellcode,True
49672,Reconnaissance,True
49673,Generic,True
49674,Analysis,True
49675,DoS,True
49676,Reconnaissance,True
49677,Exploits,True
49678,Reconnaissance,True
49679,Generic,True
49680,DoS,True
49681,Analysis,True
49682,Backdoor,True
49683,Fuzzers,True
49684,Reconnaissance,True
49685,Backdoor,True
49686,Generic,True
49687,Generic,True
49688,Fuzzers,True
49689,Exploits,True
49690,Exploits,True
49691,Analysis,True
49692,DoS,True
49693,Exploits,True
49694,Fuzzers,True
49695,Fuzzers,True
49696,Backdoor,True
49697,Exploits,True
49698,DoS,True
49699,Exploits,True
49700,Fuzzers,True
49701,Exploits,True
49702,Exploits,True
49703,Generic,True
49704,DoS,True
49705,Exploits,False
49706,Fuzzers,True
49707,Exploits,True
49708,Exploits,True
49709,Generic,True
49710,Generic,True
49711,Analysis,True
49712,Fuzzers,True
49713,Exploits,True
49714,Fuzzers,True
49715,Backdoor,True
49716,Exploits,True
49717,Exploits,True
49718,Reconnaissance,True
49719,Fuzzers,True
49720,Reconnaissance,True
49721,Exploits,True
49722,Fuzzers,True
49723,DoS,True
49724,DoS,True
49725,Generic,True
49726,Generic,True
49727,Fuzzers,True
49728,Fuzzers,True
49729,Exploits,True
49730,Exploits,True
49731,Fuzzers,True
49732,Fuzzers,True
49733,Generic,True
49734,Generic,True
49735,Fuzzers,True
49736,Fuzzers,True
49737,Exploits,True
49738,Fuzzers,True
49739,Analysis,True
49740,Generic,True
49741,Generic,True
49742,Generic,True
49743,Backdoor,True
49744,Exploits,True
49745,Exploits,True
49746,Fuzzers,True
49747,Exploits,True
49748,Exploits,True
49749,Generic,True
49750,Generic,True
49751,Exploits,True
49752,DoS,True
49753,Fuzzers,True
49754,Analysis,True
49755,Fuzzers,True
49756,Generic,True
49757,Shellcode,True
49758,Exploits,True
49759,Exploits,True
49760,Backdoor,True
49761,Fuzzers,True
49762,Fuzzers,True
49763,Analysis,True
49764,Generic,True
49765,Exploits,True
49766,Fuzzers,True
49767,Backdoor,True
49768,Fuzzers,True
49769,Exploits,True
49770,Exploits,True
49771,Analysis,True
49772,DoS,True
49773,Generic,True
49774,DoS,True
49775,Backdoor,True
49776,DoS,True
49777,Analysis,True
49778,Generic,True
49779,DoS,True
49780,Exploits,True
49781,Generic,True
49782,Exploits,True
49783,DoS,True
49784,Backdoor,True
49785,Exploits,True
49786,DoS,True
49787,Exploits,True
49788,Exploits,True
49789,DoS,True
49790,Fuzzers,True
49791,Exploits,True
49792,Fuzzers,True
49793,Exploits,True
49794,DoS,True
49795,Fuzzers,True
49796,Reconnaissance,True
49797,Generic,True
49798,Fuzzers,True
49799,DoS,True
49800,Reconnaissance,True
49801,Fuzzers,True
49802,Fuzzers,True
49803,Reconnaissance,True
49804,Generic,True
49805,Analysis,True
49806,Exploits,True
49807,Exploits,True
49808,Shellcode,True
49809,Backdoor,True
49810,Fuzzers,True
49811,Generic,True
49812,Generic,True
49813,Fuzzers,True
49814,Shellcode,True
49815,Exploits,True
49816,Fuzzers,True
49817,DoS,True
49818,DoS,True
49819,Generic,True
49820,DoS,True
49821,Exploits,True
49822,Exploits,True
49823,Fuzzers,True
49824,Generic,True
49825,Fuzzers,True
49826,Generic,True
49827,DoS,True
49828,Exploits,True
49829,Exploits,True
49830,Fuzzers,True
49831,Fuzzers,True
49832,Generic,True
49833,Analysis,True
49834,Generic,True
49835,Generic,True
49836,DoS,True
49837,Analysis,True
49838,Backdoor,True
49839,Generic,True
49840,Reconnaissance,True
49841,Reconnaissance,True
49842,Exploits,True
49843,Generic,True
49844,Backdoor,True
49845,Exploits,True
49846,DoS,True
49847,Fuzzers,True
49848,DoS,True
49849,Exploits,True
49850,Fuzzers,True
49851,Exploits,True
49852,Exploits,True
49853,Fuzzers,True
49854,DoS,True
49855,Fuzzers,True
49856,Fuzzers,True
49857,Generic,True
49858,Fuzzers,True
49859,DoS,True
49860,DoS,True
49861,Analysis,True
49862,Reconnaissance,True
49863,Backdoor,True
49864,Generic,True
49865,Analysis,True
49866,Fuzzers,True
49867,DoS,True
49868,Exploits,True
49869,Backdoor,True
49870,Generic,True
49871,Fuzzers,True
49872,Exploits,True
49873,Fuzzers,True
49874,Fuzzers,True
49875,DoS,True
49876,Generic,True
49877,Reconnaissance,True
49878,Fuzzers,True
49879,Exploits,True
49880,Generic,True
49881,Generic,True
49882,Fuzzers,True
49883,Fuzzers,True
49884,Fuzzers,True
49885,Exploits,True
49886,Fuzzers,True
49887,DoS,True
49888,DoS,True
49889,Analysis,True
49890,Generic,True
49891,Reconnaissance,True
49892,Analysis,True
49893,Exploits,True
49894,DoS,True
49895,Backdoor,True
49896,Fuzzers,True
49897,Exploits,True
49898,Backdoor,True
49899,Reconnaissance,True
49900,Fuzzers,True
49901,Fuzzers,True
49902,DoS,True
49903,DoS,True
49904,Analysis,True
49905,Exploits,True
49906,Exploits,True
49907,Generic,True
49908,Reconnaissance,True
49909,Backdoor,True
49910,Fuzzers,True
49911,DoS,True
49912,Fuzzers,True
49913,Generic,True
49914,Fuzzers,True
49915,Reconnaissance,True
49916,Exploits,True
49917,Exploits,True
49918,DoS,True
49919,Generic,True
49920,Exploits,True
49921,Exploits,True
49922,Exploits,True
49923,Exploits,True
49924,Generic,True
49925,Fuzzers,True
49926,Generic,True
49927,Fuzzers,True
49928,Exploits,True
49929,Reconnaissance,True
49930,Fuzzers,True
49931,Generic,True
49932,Generic,True
49933,Analysis,True
49934,Exploits,True
49935,Fuzzers,True
49936,Backdoor,True
49937,Exploits,True
49938,Exploits,True
49939,Generic,True
49940,DoS,True
49941,Fuzzers,True
49942,Generic,True
49943,Reconnaissance,True
49944,Exploits,True
49945,Fuzzers,True
49946,Generic,True
49947,Reconnaissance,True
49948,Fuzzers,True
49949,Reconnaissance,True
49950,Generic,True
49951,Fuzzers,True
49952,Fuzzers,True
49953,Fuzzers,True
49954,Fuzzers,True
49955,Exploits,True
49956,Fuzzers,True
49957,Reconnaissance,True
49958,Reconnaissance,True
49959,Exploits,True
49960,Generic,True
49961,Exploits,True
49962,Exploits,True
49963,Generic,True
49964,Fuzzers,True
49965,Exploits,True
49966,DoS,True
49967,Exploits,True
49968,Generic,True
49969,DoS,True
49970,Exploits,True
49971,Reconnaissance,True
49972,Fuzzers,True
49973,Exploits,True
49974,Generic,True
49975,Exploits,True
49976,Fuzzers,True
49977,Fuzzers,True
49978,Exploits,True
49979,Analysis,True
49980,Analysis,True
49981,Generic,True
49982,Reconnaissance,True
49983,Reconnaissance,True
49984,Backdoor,True
49985,Exploits,True
49986,Fuzzers,True
49987,Exploits,True
49988,Exploits,True
49989,Generic,True
49990,Reconnaissance,True
49991,Exploits,True
49992,DoS,True
49993,Exploits,True
49994,Generic,True
49995,Exploits,True
49996,Exploits,True
49997,Generic,True
49998,Backdoor,True
49999,Fuzzers,True
50000,Fuzzers,True
50001,Generic,True
50002,Fuzzers,True
50003,Fuzzers,True
50004,Generic,True
50005,Shellcode,True
50006,Backdoor,True
50007,Fuzzers,True
50008,Analysis,True
50009,Exploits,True
50010,Reconnaissance,True
50011,Backdoor,True
50012,Backdoor,True
50013,DoS,True
50014,DoS,True
50015,Fuzzers,True
50016,Exploits,True
50017,DoS,True
50018,Generic,True
50019,Exploits,True
50020,Generic,True
50021,DoS,True
50022,Analysis,True
50023,Fuzzers,True
50024,Exploits,True
50025,Exploits,True
50026,Exploits,True
50027,Exploits,True
50028,Fuzzers,True
50029,Fuzzers,True
50030,Generic,True
50031,Reconnaissance,True
50032,Fuzzers,True
50033,Analysis,True
50034,Generic,True
50035,Exploits,True
50036,Generic,True
50037,Analysis,True
50038,Backdoor,True
50039,Exploits,True
50040,Generic,True
50041,Backdoor,True
50042,Exploits,True
50043,Analysis,True
50044,DoS,True
50045,Fuzzers,True
50046,Fuzzers,True
50047,Exploits,True
50048,Exploits,True
50049,Backdoor,True
50050,DoS,True
50051,Fuzzers,True
50052,Fuzzers,True
50053,Generic,True
50054,Exploits,True
50055,Fuzzers,True
50056,Fuzzers,True
50057,Exploits,True
50058,Analysis,True
50059,Fuzzers,True
50060,Generic,True
50061,Fuzzers,True
50062,Backdoor,True
50063,DoS,True
50064,Exploits,True
50065,Fuzzers,True
50066,Exploits,True
50067,Analysis,True
50068,DoS,True
50069,Backdoor,True
50070,Exploits,True
50071,Backdoor,True
50072,Exploits,True
50073,Exploits,True
50074,DoS,True
50075,Exploits,True
50076,Generic,True
50077,Fuzzers,True
50078,Exploits,True
50079,DoS,True
50080,Fuzzers,True
50081,Generic,True
50082,DoS,True
50083,Fuzzers,True
50084,Fuzzers,True
50085,Generic,True
50086,Fuzzers,True
50087,Worms,True
50088,DoS,True
50089,Exploits,True
50090,Analysis,True
50091,Reconnaissance,True
50092,Generic,True
50093,Exploits,True
50094,Exploits,True
50095,Generic,True
50096,Fuzzers,True
50097,Backdoor,True
50098,Exploits,True
50099,Generic,True
50100,Exploits,True
50101,Generic,True
50102,Reconnaissance,True
50103,Fuzzers,True
50104,Exploits,True
50105,Reconnaissance,True
50106,Exploits,True
50107,DoS,True
50108,Generic,True
50109,Analysis,True
50110,DoS,True
50111,Fuzzers,True
50112,Generic,True
50113,Reconnaissance,True
50114,Generic,True
50115,Reconnaissance,True
50116,Backdoor,True
50117,Backdoor,True
50118,Generic,True
50119,Exploits,True
50120,Generic,True
50121,Fuzzers,True
50122,Fuzzers,True
50123,Exploits,True
50124,Generic,True
50125,Exploits,True
50126,Fuzzers,True
50127,Fuzzers,True
50128,Generic,True
50129,Exploits,True
50130,DoS,True
50131,Analysis,True
50132,Generic,True
50133,Fuzzers,True
50134,Generic,True
50135,Backdoor,True
50136,Fuzzers,True
50137,Fuzzers,True
50138,Exploits,True
50139,Exploits,True
50140,Fuzzers,True
50141,Fuzzers,True
50142,Generic,True
50143,DoS,True
50144,Fuzzers,True
50145,Analysis,True
50146,Fuzzers,True
50147,Fuzzers,True
50148,Generic,True
50149,Exploits,True
50150,Fuzzers,True
50151,Fuzzers,True
50152,Backdoor,True
50153,Exploits,True
50154,Fuzzers,True
50155,Exploits,True
50156,Generic,True
50157,Generic,True
50158,Exploits,True
50159,Generic,True
50160,DoS,True
50161,Fuzzers,True
50162,Exploits,True
50163,Generic,True
50164,Generic,True
50165,Generic,True
50166,Fuzzers,True
50167,Fuzzers,True
50168,Generic,True
50169,Exploits,True
50170,Reconnaissance,True
50171,Generic,True
50172,Generic,True
50173,Exploits,True
50174,Fuzzers,True
50175,Fuzzers,True
50176,Generic,True
50177,Fuzzers,True
50178,Generic,True
50179,Fuzzers,True
50180,Fuzzers,True
50181,Generic,True
50182,Fuzzers,True
50183,Fuzzers,True
50184,Generic,True
50185,Analysis,True
50186,Generic,True
50187,Fuzzers,True
50188,Backdoor,True
50189,Exploits,True
50190,Fuzzers,True
50191,Generic,True
50192,Fuzzers,True
50193,Exploits,True
50194,Generic,True
50195,Generic,True
50196,Generic,True
50197,Generic,True
50198,Generic,True
50199,Fuzzers,True
50200,Fuzzers,True
50201,Fuzzers,True
50202,Generic,True
50203,Generic,True
50204,Generic,True
50205,Fuzzers,True
50206,Generic,True
50207,Generic,True
50208,Fuzzers,True
50209,Generic,True
50210,Reconnaissance,True
50211,Generic,True
50212,Fuzzers,True
50213,Generic,True
50214,Exploits,True
50215,Generic,True
50216,Fuzzers,True
50217,Reconnaissance,True
50218,Generic,True
50219,Generic,True
50220,Exploits,True
50221,Generic,True
50222,DoS,True
50223,Generic,True
50224,Generic,True
50225,Reconnaissance,True
50226,Exploits,True
50227,Analysis,True
50228,Generic,True
50229,Reconnaissance,True
50230,Reconnaissance,True
50231,Exploits,True
50232,Generic,True
50233,Exploits,True
50234,Backdoor,True
50235,Generic,True
50236,Exploits,True
50237,Generic,True
50238,Exploits,True
50239,Fuzzers,True
50240,Exploits,True
50241,Exploits,True
50242,Generic,True
50243,Generic,True
50244,Exploits,True
50245,Exploits,True
50246,Fuzzers,True
50247,DoS,True
50248,Reconnaissance,True
50249,DoS,True
50250,Reconnaissance,True
50251,Exploits,True
50252,Generic,True
50253,Exploits,True
50254,Reconnaissance,True
50255,Exploits,True
50256,Fuzzers,True
50257,Exploits,True
50258,Fuzzers,True
50259,Fuzzers,True
50260,Exploits,True
50261,Generic,True
50262,Fuzzers,True
50263,Fuzzers,True
50264,Fuzzers,True
50265,Shellcode,True
50266,Exploits,True
50267,Reconnaissance,True
50268,Fuzzers,True
50269,Exploits,True
50270,Exploits,True
50271,Generic,True
50272,Exploits,True
50273,Exploits,True
50274,Reconnaissance,True
50275,Fuzzers,True
50276,Analysis,True
50277,Exploits,True
50278,Generic,True
50279,Fuzzers,True
50280,Generic,True
50281,Generic,True
50282,Reconnaissance,True
50283,Generic,True
50284,Fuzzers,True
50285,Backdoor,True
50286,Generic,True
50287,Generic,True
50288,Generic,True
50289,Generic,True
50290,Generic,True
50291,Generic,True
50292,Generic,True
50293,Fuzzers,True
50294,Fuzzers,True
50295,Generic,True
50296,Fuzzers,True
50297,Exploits,True
50298,Generic,True
50299,Generic,True
50300,Fuzzers,True
50301,Fuzzers,True
50302,Generic,True
50303,Exploits,True
50304,Generic,True
50305,Reconnaissance,True
50306,Exploits,True
50307,Generic,True
50308,Exploits,True
50309,Fuzzers,True
50310,Exploits,True
50311,Generic,True
50312,Shellcode,True
50313,Exploits,True
50314,Exploits,True
50315,Exploits,True
50316,Generic,True
50317,Exploits,True
50318,Fuzzers,True
50319,Generic,True
50320,Generic,True
50321,Fuzzers,True
50322,Fuzzers,True
50323,Fuzzers,True
50324,DoS,True
50325,Fuzzers,True
50326,Generic,True
50327,Generic,True
50328,Exploits,True
50329,Exploits,True
50330,Generic,True
50331,Exploits,True
50332,DoS,True
50333,Exploits,True
50334,Analysis,True
50335,Generic,True
50336,Exploits,True
50337,Generic,True
50338,Generic,True
50339,Generic,True
50340,Fuzzers,True
50341,Fuzzers,True
50342,Exploits,True
50343,Generic,True
50344,Fuzzers,True
50345,DoS,True
50346,Exploits,True
50347,Fuzzers,True
50348,Generic,True
50349,Exploits,True
50350,Analysis,True
50351,Fuzzers,True
50352,Fuzzers,True
50353,Generic,True
50354,DoS,True
50355,Fuzzers,True
50356,Generic,True
50357,Exploits,True
50358,Generic,True
50359,Generic,True
50360,Fuzzers,True
50361,Backdoor,True
50362,Reconnaissance,True
50363,Generic,True
50364,Generic,True
50365,Exploits,True
50366,DoS,True
50367,Generic,True
50368,Fuzzers,True
50369,DoS,True
50370,Generic,True
50371,Generic,True
50372,Fuzzers,True
50373,Exploits,True
50374,Exploits,True
50375,Generic,True
50376,Fuzzers,True
50377,Fuzzers,True
50378,Reconnaissance,True
50379,Fuzzers,True
50380,Fuzzers,True
50381,Fuzzers,True
50382,Fuzzers,True
50383,Reconnaissance,True
50384,Fuzzers,True
50385,Reconnaissance,True
50386,Fuzzers,True
50387,Exploits,True
50388,Reconnaissance,True
50389,Fuzzers,True
50390,Exploits,True
50391,Fuzzers,True
50392,Exploits,True
50393,Fuzzers,True
50394,Generic,True
50395,Analysis,True
50396,Reconnaissance,True
50397,Generic,True
50398,Generic,True
50399,Backdoor,True
50400,Exploits,True
50401,Fuzzers,True
50402,Backdoor,True
50403,Exploits,True
50404,Generic,True
50405,Generic,True
50406,Reconnaissance,True
50407,DoS,True
50408,Exploits,True
50409,Generic,True
50410,Exploits,True
50411,Generic,True
50412,Exploits,True
50413,Generic,True
50414,Fuzzers,True
50415,DoS,True
50416,Generic,True
50417,Fuzzers,True
50418,Exploits,True
50419,Generic,True
50420,Fuzzers,True
50421,Generic,True
50422,Exploits,True
50423,Generic,True
50424,DoS,True
50425,Exploits,True
50426,Generic,True
50427,Generic,True
50428,Reconnaissance,True
50429,Generic,True
50430,Fuzzers,True
50431,Generic,True
50432,Generic,True
50433,Generic,True
50434,Generic,True
50435,Exploits,True
50436,Generic,True
50437,Fuzzers,True
50438,Generic,True
50439,Generic,True
50440,Generic,True
50441,Generic,True
50442,Fuzzers,True
50443,Reconnaissance,True
50444,Generic,True
50445,Generic,True
50446,Generic,True
50447,Generic,True
50448,Generic,True
50449,Exploits,True
50450,Fuzzers,True
50451,Exploits,True
50452,Analysis,True
50453,Fuzzers,True
50454,Exploits,True
50455,Generic,True
50456,Backdoor,True
50457,Fuzzers,True
50458,Fuzzers,True
50459,Generic,True
50460,Exploits,True
50461,Exploits,True
50462,Generic,True
50463,Exploits,True
50464,DoS,True
50465,Fuzzers,True
50466,Reconnaissance,True
50467,Exploits,True
50468,Exploits,True
50469,Generic,True
50470,Exploits,True
50471,Fuzzers,True
50472,Reconnaissance,True
50473,Fuzzers,True
50474,Generic,True
50475,Generic,True
50476,Exploits,True
50477,Generic,True
50478,Exploits,True
50479,Fuzzers,True
50480,Generic,True
50481,Generic,True
50482,Generic,True
50483,Exploits,True
50484,Generic,True
50485,Generic,True
50486,Generic,True
50487,Exploits,True
50488,Generic,True
50489,Fuzzers,True
50490,Generic,True
50491,Generic,True
50492,Generic,True
50493,Exploits,True
50494,Reconnaissance,True
50495,Generic,True
50496,Generic,True
50497,Fuzzers,True
50498,DoS,True
50499,Reconnaissance,True
50500,Exploits,True
50501,Exploits,True
50502,Fuzzers,True
50503,DoS,True
50504,Fuzzers,True
50505,Fuzzers,True
50506,Generic,True
50507,Exploits,True
50508,Exploits,True
50509,Exploits,True
50510,DoS,True
50511,Generic,True
50512,Fuzzers,True
50513,Exploits,True
50514,Exploits,True
50515,Generic,True
50516,Fuzzers,True
50517,Fuzzers,True
50518,Reconnaissance,True
50519,Fuzzers,True
50520,Fuzzers,True
50521,Exploits,True
50522,Exploits,True
50523,Generic,True
50524,Reconnaissance,True
50525,Exploits,True
50526,Fuzzers,True
50527,Generic,True
50528,Exploits,True
50529,Fuzzers,True
50530,Generic,True
50531,Exploits,True
50532,Analysis,True
50533,Generic,True
50534,Analysis,True
50535,DoS,True
50536,Generic,True
50537,Backdoor,True
50538,Generic,True
50539,Fuzzers,True
50540,Backdoor,True
50541,Generic,True
50542,Exploits,True
50543,Reconnaissance,True
50544,Reconnaissance,True
50545,DoS,True
50546,Fuzzers,True
50547,Exploits,True
50548,Generic,True
50549,Shellcode,True
50550,Analysis,True
50551,Reconnaissance,True
50552,DoS,True
50553,Backdoor,True
50554,Reconnaissance,True
50555,DoS,True
50556,Generic,True
50557,Generic,True
50558,Exploits,True
50559,Exploits,True
50560,Generic,True
50561,Fuzzers,True
50562,DoS,True
50563,Exploits,True
50564,Generic,True
50565,Fuzzers,True
50566,Generic,True
50567,Exploits,True
50568,Exploits,True
50569,Generic,True
50570,Fuzzers,True
50571,Fuzzers,True
50572,Exploits,True
50573,Fuzzers,True
50574,Generic,True
50575,Generic,True
50576,Fuzzers,True
50577,Fuzzers,True
50578,Generic,True
50579,Generic,True
50580,Generic,True
50581,Fuzzers,True
50582,Fuzzers,True
50583,Generic,True
50584,Fuzzers,True
50585,Fuzzers,True
50586,Analysis,True
50587,Exploits,True
50588,Generic,True
50589,Fuzzers,True
50590,Backdoor,True
50591,Fuzzers,True
50592,Exploits,True
50593,Fuzzers,True
50594,Generic,True
50595,Exploits,False
50596,Generic,True
50597,Reconnaissance,True
50598,Fuzzers,True
50599,Generic,True
50600,Generic,True
50601,Analysis,True
50602,Fuzzers,True
50603,Generic,True
50604,Generic,True
50605,Generic,True
50606,Fuzzers,True
50607,Generic,True
50608,Generic,True
50609,Generic,True
50610,Generic,True
50611,Generic,True
50612,Generic,True
50613,Fuzzers,True
50614,Fuzzers,True
50615,Exploits,True
50616,Generic,True
50617,Generic,True
50618,Generic,True
50619,DoS,True
50620,Exploits,True
50621,Exploits,True
50622,DoS,True
50623,Generic,True
50624,Generic,True
50625,Exploits,True
50626,Exploits,True
50627,Exploits,True
50628,Generic,True
50629,Fuzzers,True
50630,Fuzzers,True
50631,Generic,True
50632,Generic,True
50633,Fuzzers,True
50634,DoS,True
50635,Generic,True
50636,Fuzzers,True
50637,Generic,True
50638,Analysis,True
50639,Fuzzers,True
50640,Generic,True
50641,Fuzzers,True
50642,Backdoor,True
50643,Fuzzers,True
50644,Generic,True
50645,Generic,True
50646,Generic,True
50647,Exploits,True
50648,Fuzzers,True
50649,Generic,True
50650,Fuzzers,True
50651,Backdoor,True
50652,Exploits,True
50653,Fuzzers,True
50654,Reconnaissance,True
50655,Fuzzers,True
50656,Generic,True
50657,Generic,True
50658,Exploits,True
50659,Reconnaissance,True
50660,Generic,True
50661,Fuzzers,True
50662,Exploits,True
50663,DoS,True
50664,Generic,True
50665,Generic,True
50666,Generic,True
50667,Generic,True
50668,Exploits,True
50669,Generic,True
50670,Exploits,True
50671,Generic,True
50672,Exploits,True
50673,DoS,True
50674,Generic,True
50675,Generic,True
50676,Exploits,True
50677,Generic,True
50678,Fuzzers,True
50679,Backdoor,True
50680,Worms,True
50681,Fuzzers,True
50682,Generic,True
50683,Generic,True
50684,Fuzzers,True
50685,Generic,True
50686,Generic,True
50687,DoS,True
50688,Generic,True
50689,Analysis,True
50690,Fuzzers,True
50691,Fuzzers,True
50692,Generic,True
50693,Analysis,True
50694,Generic,True
50695,Exploits,True
50696,Generic,True
50697,Backdoor,True
50698,Generic,True
50699,Analysis,True
50700,Exploits,True
50701,Fuzzers,True
50702,Generic,True
50703,Generic,True
50704,DoS,True
50705,Generic,True
50706,Generic,True
50707,Backdoor,True
50708,Fuzzers,True
50709,Generic,True
50710,Exploits,True
50711,Generic,True
50712,Shellcode,True
50713,Fuzzers,True
50714,Generic,True
50715,Generic,True
50716,Fuzzers,True
50717,Exploits,True
50718,Backdoor,True
50719,Fuzzers,True
50720,Generic,True
50721,Analysis,True
50722,Exploits,True
50723,DoS,True
50724,Generic,True
50725,Fuzzers,True
50726,Backdoor,True
50727,DoS,True
50728,Exploits,True
50729,Generic,True
50730,Generic,True
50731,Exploits,True
50732,Exploits,True
50733,Exploits,True
50734,DoS,True
50735,Fuzzers,True
50736,Generic,True
50737,Fuzzers,True
50738,Reconnaissance,True
50739,Generic,True
50740,Generic,True
50741,Fuzzers,True
50742,Fuzzers,True
50743,Exploits,True
50744,Generic,True
50745,Generic,True
50746,Exploits,True
50747,Fuzzers,True
50748,Generic,True
50749,Fuzzers,True
50750,Generic,True
50751,Generic,True
50752,Fuzzers,True
50753,Generic,True
50754,Exploits,True
50755,Generic,True
50756,Generic,True
50757,Generic,True
50758,Fuzzers,True
50759,Generic,True
50760,Generic,True
50761,Generic,True
50762,Exploits,True
50763,Exploits,True
50764,Generic,True
50765,Fuzzers,True
50766,Shellcode,True
50767,Generic,True
50768,Generic,True
50769,Fuzzers,True
50770,Fuzzers,True
50771,Generic,True
50772,Reconnaissance,True
50773,Analysis,True
50774,Fuzzers,True
50775,Generic,True
50776,Generic,True
50777,Fuzzers,True
50778,Backdoor,True
50779,DoS,True
50780,Reconnaissance,True
50781,Exploits,True
50782,Exploits,True
50783,Generic,True
50784,Exploits,True
50785,Generic,True
50786,DoS,True
50787,Fuzzers,True
50788,Exploits,True
50789,Exploits,True
50790,Generic,True
50791,Fuzzers,True
50792,Generic,True
50793,DoS,True
50794,Generic,True
50795,Fuzzers,True
50796,Exploits,True
50797,Analysis,True
50798,DoS,True
50799,Generic,True
50800,Reconnaissance,True
50801,Fuzzers,True
50802,Generic,True
50803,Generic,True
50804,Backdoor,True
50805,Analysis,True
50806,Exploits,True
50807,Generic,True
50808,Fuzzers,True
50809,Backdoor,True
50810,Exploits,True
50811,Generic,True
50812,Exploits,True
50813,Fuzzers,True
50814,Reconnaissance,True
50815,Exploits,True
50816,Fuzzers,True
50817,DoS,True
50818,Generic,True
50819,Generic,True
50820,Fuzzers,True
50821,Exploits,True
50822,Exploits,True
50823,DoS,True
50824,Exploits,True
50825,Fuzzers,True
50826,Generic,True
50827,Exploits,True
50828,Fuzzers,True
50829,Exploits,True
50830,Exploits,True
50831,Fuzzers,True
50832,Exploits,True
50833,Fuzzers,True
50834,Analysis,True
50835,Fuzzers,True
50836,Exploits,True
50837,Fuzzers,True
50838,Fuzzers,True
50839,Fuzzers,True
50840,Exploits,True
50841,Fuzzers,True
50842,Exploits,True
50843,Fuzzers,True
50844,Fuzzers,True
50845,Fuzzers,True
50846,Fuzzers,True
50847,Analysis,True
50848,DoS,True
50849,Fuzzers,True
50850,Backdoor,True
50851,Exploits,True
50852,Fuzzers,True
50853,Fuzzers,True
50854,Fuzzers,True
50855,Backdoor,True
50856,Reconnaissance,True
50857,Fuzzers,True
50858,Exploits,True
50859,Fuzzers,True
50860,Reconnaissance,True
50861,Exploits,True
50862,Analysis,True
50863,Generic,True
50864,Fuzzers,True
50865,DoS,True
50866,Generic,True
50867,Generic,True
50868,Backdoor,True
50869,DoS,True
50870,Exploits,True
50871,Exploits,True
50872,Generic,True
50873,Exploits,True
50874,Generic,True
50875,DoS,True
50876,Generic,True
50877,Generic,True
50878,Fuzzers,True
50879,Generic,True
50880,Fuzzers,True
50881,Reconnaissance,True
50882,Generic,True
50883,Generic,True
50884,Generic,True
50885,Fuzzers,True
50886,Fuzzers,True
50887,Generic,True
50888,Generic,True
50889,Fuzzers,True
50890,Generic,True
50891,Generic,True
50892,Exploits,True
50893,Generic,True
50894,Analysis,True
50895,Fuzzers,True
50896,Exploits,True
50897,Exploits,True
50898,Generic,True
50899,Generic,True
50900,Fuzzers,True
50901,Generic,True
50902,Analysis,True
50903,Generic,True
50904,Generic,True
50905,Exploits,True
50906,Generic,True
50907,Fuzzers,True
50908,Exploits,True
50909,Fuzzers,True
50910,Generic,True
50911,Generic,True
50912,Fuzzers,True
50913,Generic,True
50914,Fuzzers,True
50915,Generic,True
50916,Generic,True
50917,Generic,True
50918,Analysis,True
50919,Generic,True
50920,Exploits,True
50921,Generic,True
50922,Exploits,True
50923,Generic,True
50924,Generic,True
50925,Backdoor,True
50926,Generic,True
50927,Exploits,True
50928,Fuzzers,True
50929,Fuzzers,True
50930,Exploits,True
50931,Backdoor,True
50932,Generic,True
50933,Generic,True
50934,Generic,True
50935,DoS,True
50936,Fuzzers,True
50937,Exploits,True
50938,Exploits,True
50939,Generic,True
50940,DoS,True
50941,Generic,True
50942,Exploits,True
50943,Generic,True
50944,Analysis,True
50945,Exploits,True
50946,Generic,True
50947,Backdoor,True
50948,Exploits,True
50949,Generic,True
50950,Generic,True
50951,Fuzzers,True
50952,Backdoor,True
50953,Generic,True
50954,Fuzzers,True
50955,Exploits,True
50956,Fuzzers,True
50957,Exploits,True
50958,DoS,True
50959,Generic,True
50960,Exploits,True
50961,Exploits,True
50962,Generic,True
50963,DoS,True
50964,Exploits,True
50965,Reconnaissance,True
50966,Fuzzers,True
50967,Generic,True
50968,DoS,True
50969,Exploits,True
50970,Fuzzers,True
50971,Generic,True
50972,Reconnaissance,True
50973,Reconnaissance,True
50974,Exploits,True
50975,Exploits,True
50976,Analysis,True
50977,Fuzzers,True
50978,Reconnaissance,True
50979,Generic,True
50980,Fuzzers,True
50981,Backdoor,True
50982,Fuzzers,True
50983,Reconnaissance,True
50984,Generic,True
50985,Fuzzers,True
50986,Exploits,True
50987,Fuzzers,True
50988,Exploits,True
50989,DoS,True
50990,Fuzzers,True
50991,Exploits,True
50992,Fuzzers,True
50993,Generic,True
50994,Generic,True
50995,Reconnaissance,True
50996,Reconnaissance,True
50997,Generic,True
50998,Fuzzers,True
50999,Exploits,True
51000,Generic,True
51001,Generic,True
51002,Exploits,True
51003,Generic,True
51004,Generic,True
51005,Exploits,True
51006,Fuzzers,True
51007,Generic,True
51008,Exploits,True
51009,Generic,True
51010,Exploits,True
51011,Generic,True
51012,Generic,True
51013,Generic,True
51014,Generic,True
51015,Generic,True
51016,Exploits,True
51017,Generic,True
51018,Generic,True
51019,Generic,True
51020,Generic,True
51021,DoS,True
51022,Exploits,True
51023,Exploits,True
51024,Generic,True
51025,Exploits,True
51026,Reconnaissance,True
51027,Exploits,True
51028,DoS,True
51029,Fuzzers,True
51030,Reconnaissance,True
51031,Generic,True
51032,Fuzzers,True
51033,Fuzzers,True
51034,Reconnaissance,True
51035,Exploits,True
51036,Exploits,True
51037,Fuzzers,True
51038,Generic,True
51039,Analysis,True
51040,Generic,True
51041,Analysis,True
51042,Generic,True
51043,Reconnaissance,True
51044,Exploits,True
51045,Exploits,True
51046,Fuzzers,True
51047,Generic,True
51048,Fuzzers,True
51049,Backdoor,True
51050,Exploits,True
51051,Reconnaissance,True
51052,Generic,True
51053,Generic,True
51054,Fuzzers,True
51055,Exploits,True
51056,Fuzzers,True
51057,Generic,True
51058,Exploits,True
51059,Reconnaissance,True
51060,Generic,True
51061,Generic,True
51062,Reconnaissance,True
51063,DoS,True
51064,Exploits,True
51065,Exploits,True
51066,Exploits,True
51067,Reconnaissance,True
51068,Backdoor,True
51069,Generic,True
51070,Exploits,True
51071,Generic,True
51072,Exploits,True
51073,Exploits,True
51074,Exploits,True
51075,Shellcode,True
51076,DoS,True
51077,Generic,True
51078,Exploits,True
51079,Reconnaissance,True
51080,Exploits,True
51081,Fuzzers,True
51082,Exploits,True
51083,Reconnaissance,True
51084,Fuzzers,True
51085,Fuzzers,True
51086,Fuzzers,True
51087,Generic,True
51088,Fuzzers,True
51089,Exploits,True
51090,Exploits,True
51091,Fuzzers,True
51092,Exploits,True
51093,Exploits,True
51094,Fuzzers,True
51095,Generic,True
51096,Generic,True
51097,Fuzzers,True
51098,Fuzzers,True
51099,Generic,True
51100,Analysis,True
51101,Exploits,True
51102,Fuzzers,True
51103,Analysis,True
51104,Generic,True
51105,Generic,True
51106,Backdoor,True
51107,Exploits,True
51108,Fuzzers,True
51109,Backdoor,True
51110,Fuzzers,True
51111,Generic,True
51112,Generic,True
51113,Exploits,True
51114,Exploits,True
51115,Exploits,True
51116,Generic,True
51117,Analysis,True
51118,DoS,True
51119,Generic,True
51120,Backdoor,True
51121,Exploits,True
51122,Exploits,True
51123,Generic,True
51124,DoS,True
51125,Exploits,True
51126,Fuzzers,True
51127,Generic,True
51128,DoS,True
51129,DoS,True
51130,Fuzzers,True
51131,Generic,True
51132,Exploits,True
51133,Analysis,True
51134,Exploits,True
51135,Exploits,True
51136,Exploits,True
51137,Generic,True
51138,Fuzzers,True
51139,Fuzzers,True
51140,Backdoor,True
51141,Generic,True
51142,Fuzzers,True
51143,Reconnaissance,True
51144,Generic,True
51145,Fuzzers,True
51146,Exploits,True
51147,Generic,True
51148,Exploits,True
51149,DoS,True
51150,Generic,True
51151,Exploits,True
51152,Analysis,True
51153,Exploits,True
51154,DoS,True
51155,Exploits,True
51156,Generic,True
51157,Fuzzers,True
51158,Generic,True
51159,Exploits,True
51160,Exploits,True
51161,Backdoor,True
51162,Fuzzers,True
51163,Fuzzers,True
51164,Generic,True
51165,Fuzzers,True
51166,Reconnaissance,True
51167,Exploits,True
51168,Fuzzers,True
51169,Exploits,True
51170,Generic,True
51171,Fuzzers,True
51172,Generic,True
51173,Exploits,True
51174,Exploits,True
51175,Exploits,True
51176,DoS,True
51177,Analysis,True
51178,Exploits,True
51179,Exploits,True
51180,Generic,True
51181,Generic,True
51182,Generic,True
51183,Exploits,True
51184,Generic,True
51185,Backdoor,True
51186,Generic,True
51187,Generic,True
51188,Generic,True
51189,Generic,True
51190,Generic,True
51191,Exploits,True
51192,Generic,True
51193,Exploits,True
51194,Fuzzers,True
51195,Generic,True
51196,Reconnaissance,True
51197,Analysis,True
51198,Exploits,True
51199,Shellcode,True
51200,DoS,True
51201,Shellcode,True
51202,Backdoor,True
51203,Reconnaissance,True
51204,Fuzzers,True
51205,Exploits,True
51206,Exploits,True
51207,Exploits,True
51208,Exploits,True
51209,Generic,True
51210,Generic,True
51211,DoS,True
51212,Reconnaissance,True
51213,DoS,True
51214,Exploits,True
51215,Fuzzers,True
51216,Generic,True
51217,Generic,True
51218,Generic,True
51219,Generic,True
51220,Fuzzers,True
51221,Exploits,True
51222,Exploits,True
51223,Generic,True
51224,Generic,True
51225,Generic,True
51226,Generic,True
51227,Generic,True
51228,Reconnaissance,True
51229,Fuzzers,True
51230,Fuzzers,True
51231,Exploits,True
51232,Generic,True
51233,Fuzzers,True
51234,Generic,True
51235,Exploits,True
51236,Reconnaissance,True
51237,Generic,True
51238,Generic,True
51239,Fuzzers,True
51240,Generic,True
51241,Exploits,True
51242,Generic,True
51243,Reconnaissance,True
51244,Exploits,True
51245,Generic,True
51246,Generic,True
51247,Fuzzers,True
51248,Generic,True
51249,Exploits,True
51250,Exploits,True
51251,DoS,True
51252,Generic,True
51253,Reconnaissance,True
51254,Analysis,True
51255,Generic,True
51256,Generic,True
51257,Exploits,True
51258,Generic,True
51259,Fuzzers,True
51260,Backdoor,True
51261,Generic,True
51262,Exploits,True
51263,Generic,True
51264,Exploits,True
51265,Generic,True
51266,Fuzzers,True
51267,Generic,True
51268,Exploits,True
51269,Exploits,True
51270,Generic,True
51271,Generic,True
51272,Generic,True
51273,Exploits,True
51274,Fuzzers,True
51275,Generic,True
51276,DoS,True
51277,Exploits,True
51278,Generic,True
51279,Generic,True
51280,Generic,True
51281,Fuzzers,True
51282,Fuzzers,True
51283,Generic,True
51284,Exploits,True
51285,Fuzzers,True
51286,Generic,True
51287,Generic,True
51288,Exploits,True
51289,Fuzzers,True
51290,Generic,True
51291,Fuzzers,True
51292,Exploits,True
51293,Exploits,True
51294,Fuzzers,True
51295,Exploits,True
51296,Fuzzers,True
51297,Fuzzers,True
51298,Exploits,True
51299,Fuzzers,True
51300,Fuzzers,True
51301,Exploits,True
51302,Fuzzers,True
51303,Fuzzers,True
51304,Analysis,True
51305,Fuzzers,True
51306,Fuzzers,True
51307,Analysis,True
51308,Shellcode,True
51309,Backdoor,True
51310,Generic,True
51311,Fuzzers,True
51312,Generic,True
51313,Fuzzers,True
51314,Exploits,True
51315,Backdoor,True
51316,Exploits,True
51317,DoS,True
51318,Generic,True
51319,Exploits,True
51320,Fuzzers,True
51321,Generic,True
51322,Generic,True
51323,Generic,True
51324,Exploits,True
51325,Generic,True
51326,Fuzzers,True
51327,Shellcode,True
51328,Generic,True
51329,Generic,True
51330,Fuzzers,True
51331,Generic,True
51332,Fuzzers,True
51333,Generic,True
51334,Generic,True
51335,Generic,True
51336,Exploits,True
51337,Generic,True
51338,Fuzzers,True
51339,Generic,True
51340,Reconnaissance,True
51341,Generic,True
51342,Fuzzers,True
51343,Generic,True
51344,Generic,True
51345,Generic,True
51346,Exploits,True
51347,Generic,True
51348,Generic,True
51349,Generic,True
51350,Generic,True
51351,Generic,True
51352,Reconnaissance,True
51353,Generic,True
51354,Generic,True
51355,Generic,True
51356,Generic,True
51357,Fuzzers,True
51358,Generic,True
51359,Reconnaissance,True
51360,Generic,True
51361,Generic,True
51362,Generic,True
51363,Generic,True
51364,Fuzzers,True
51365,Generic,True
51366,Generic,True
51367,Exploits,True
51368,Generic,True
51369,Generic,True
51370,Exploits,True
51371,Generic,True
51372,Generic,True
51373,Exploits,True
51374,Analysis,True
51375,Exploits,True
51376,Generic,True
51377,DoS,True
51378,Fuzzers,True
51379,Generic,True
51380,Generic,True
51381,Fuzzers,True
51382,Exploits,True
51383,Backdoor,True
51384,Generic,True
51385,Exploits,True
51386,Fuzzers,True
51387,Generic,True
51388,Generic,True
51389,Exploits,True
51390,Fuzzers,True
51391,Exploits,True
51392,Fuzzers,True
51393,Generic,True
51394,Analysis,True
51395,Generic,True
51396,Exploits,True
51397,Generic,True
51398,Generic,True
51399,DoS,True
51400,Fuzzers,True
51401,Generic,True
51402,Generic,True
51403,Generic,True
51404,Analysis,True
51405,Reconnaissance,True
51406,Exploits,True
51407,Generic,True
51408,Fuzzers,True
51409,Generic,True
51410,Generic,True
51411,Exploits,True
51412,Backdoor,True
51413,Reconnaissance,True
51414,Generic,True
51415,Generic,True
51416,Fuzzers,True
51417,Generic,True
51418,Generic,True
51419,Generic,True
51420,Exploits,True
51421,Generic,True
51422,Reconnaissance,True
51423,Generic,True
51424,Fuzzers,True
51425,Exploits,True
51426,Generic,True
51427,Generic,True
51428,DoS,True
51429,Generic,True
51430,Generic,True
51431,Fuzzers,True
51432,Fuzzers,True
51433,Generic,True
51434,Generic,True
51435,Generic,True
51436,Exploits,True
51437,Generic,True
51438,DoS,True
51439,Fuzzers,True
51440,Generic,True
51441,Fuzzers,True
51442,Generic,True
51443,Fuzzers,True
51444,Generic,True
51445,Backdoor,True
51446,Reconnaissance,True
51447,Generic,True
51448,Generic,True
51449,Exploits,True
51450,Exploits,True
51451,Fuzzers,True
51452,Generic,True
51453,DoS,True
51454,Fuzzers,True
51455,Generic,True
51456,Fuzzers,True
51457,Exploits,True
51458,Generic,True
51459,Generic,True
51460,Fuzzers,True
51461,Generic,True
51462,Fuzzers,True
51463,Generic,True
51464,Fuzzers,True
51465,Generic,True
51466,Fuzzers,True
51467,Exploits,True
51468,Exploits,True
51469,Generic,True
51470,Analysis,True
51471,Generic,True
51472,Generic,True
51473,Generic,True
51474,Generic,True
51475,Generic,True
51476,Fuzzers,True
51477,Backdoor,True
51478,Generic,True
51479,Generic,True
51480,Generic,True
51481,Reconnaissance,True
51482,Fuzzers,True
51483,Generic,True
51484,Fuzzers,True
51485,Exploits,True
51486,Worms,True
51487,Generic,True
51488,Generic,True
51489,Exploits,True
51490,Generic,True
51491,Fuzzers,True
51492,Reconnaissance,True
51493,Generic,True
51494,Generic,True
51495,Generic,True
51496,Fuzzers,True
51497,Generic,True
51498,Generic,True
51499,Exploits,True
51500,Reconnaissance,True
51501,Generic,True
51502,Analysis,True
51503,Generic,True
51504,Generic,True
51505,Generic,True
51506,Generic,True
51507,Generic,True
51508,Fuzzers,True
51509,Backdoor,True
51510,Generic,True
51511,Generic,True
51512,Generic,True
51513,Exploits,True
51514,Fuzzers,True
51515,Fuzzers,True
51516,Generic,True
51517,Exploits,True
51518,Generic,True
51519,DoS,True
51520,Generic,True
51521,Fuzzers,True
51522,Generic,True
51523,Exploits,True
51524,DoS,True
51525,Generic,True
51526,Generic,True
51527,Generic,True
51528,Generic,True
51529,Fuzzers,True
51530,Generic,True
51531,Exploits,True
51532,Generic,True
51533,Generic,True
51534,Generic,True
51535,Generic,True
51536,Generic,True
51537,Fuzzers,True
51538,Exploits,True
51539,Generic,True
51540,Analysis,True
51541,Generic,True
51542,Backdoor,True
51543,Fuzzers,True
51544,Exploits,True
51545,Generic,True
51546,Generic,True
51547,Exploits,True
51548,DoS,True
51549,Exploits,True
51550,Generic,True
51551,Fuzzers,True
51552,Analysis,True
51553,Exploits,True
51554,Generic,True
51555,Fuzzers,True
51556,Generic,True
51557,Fuzzers,True
51558,Backdoor,True
51559,Generic,True
51560,Generic,True
51561,Generic,True
51562,Fuzzers,True
51563,Generic,True
51564,Exploits,True
51565,Generic,True
51566,Generic,True
51567,Generic,True
51568,Generic,True
51569,Exploits,True
51570,Fuzzers,True
51571,Generic,True
51572,DoS,True
51573,Generic,True
51574,Fuzzers,True
51575,Fuzzers,True
51576,Reconnaissance,True
51577,Fuzzers,True
51578,Generic,True
51579,Exploits,True
51580,Generic,True
51581,Generic,True
51582,Fuzzers,True
51583,Exploits,True
51584,Fuzzers,True
51585,Fuzzers,True
51586,Generic,True
51587,Generic,True
51588,Generic,True
51589,Exploits,True
51590,Generic,True
51591,Fuzzers,True
51592,Exploits,True
51593,Generic,True
51594,Generic,True
51595,Exploits,True
51596,Fuzzers,True
51597,Generic,True
51598,Fuzzers,True
51599,Exploits,True
51600,Fuzzers,True
51601,Generic,True
51602,Exploits,True
51603,Exploits,True
51604,Generic,True
51605,Analysis,True
51606,Analysis,True
51607,Generic,True
51608,Fuzzers,True
51609,Backdoor,True
51610,Fuzzers,True
51611,Backdoor,True
51612,Fuzzers,True
51613,Generic,True
51614,Exploits,True
51615,Reconnaissance,True
51616,Exploits,True
51617,Fuzzers,True
51618,DoS,True
51619,Exploits,True
51620,Exploits,True
51621,Exploits,True
51622,Exploits,True
51623,Exploits,True
51624,Generic,True
51625,Reconnaissance,True
51626,Generic,True
51627,DoS,True
51628,Generic,True
51629,Exploits,True
51630,Generic,True
51631,Fuzzers,True
51632,Generic,True
51633,Exploits,True
51634,Exploits,True
51635,Generic,True
51636,Generic,True
51637,Fuzzers,True
51638,Reconnaissance,True
51639,Generic,True
51640,Fuzzers,True
51641,Generic,True
51642,Generic,True
51643,Generic,True
51644,Fuzzers,True
51645,Generic,True
51646,DoS,True
51647,Generic,True
51648,Generic,True
51649,Reconnaissance,True
51650,Exploits,True
51651,Generic,True
51652,Generic,True
51653,Generic,True
51654,Fuzzers,True
51655,Generic,True
51656,Generic,True
51657,Exploits,True
51658,Reconnaissance,True
51659,Exploits,True
51660,Fuzzers,True
51661,Generic,True
51662,Fuzzers,True
51663,Generic,True
51664,Fuzzers,True
51665,Fuzzers,True
51666,Generic,True
51667,Fuzzers,True
51668,DoS,True
51669,Generic,True
51670,Generic,True
51671,Generic,True
51672,Generic,True
51673,Fuzzers,True
51674,Exploits,True
51675,Exploits,True
51676,Generic,True
51677,Generic,True
51678,Exploits,True
51679,Exploits,True
51680,Generic,True
51681,Exploits,True
51682,DoS,True
51683,Generic,True
51684,Generic,True
51685,Generic,True
51686,Fuzzers,True
51687,Fuzzers,True
51688,Exploits,True
51689,Generic,True
51690,Exploits,True
51691,Exploits,True
51692,Generic,True
51693,Generic,True
51694,Fuzzers,True
51695,Exploits,True
51696,Generic,True
51697,Exploits,True
51698,Exploits,True
51699,Fuzzers,True
51700,Generic,True
51701,Exploits,True
51702,Reconnaissance,True
51703,Exploits,True
51704,Exploits,True
51705,Fuzzers,True
51706,Exploits,True
51707,Fuzzers,True
51708,Exploits,True
51709,Fuzzers,True
51710,Generic,True
51711,Exploits,True
51712,Exploits,True
51713,Exploits,True
51714,Exploits,True
51715,Fuzzers,True
51716,Fuzzers,True
51717,Generic,True
51718,Generic,True
51719,Fuzzers,True
51720,Generic,True
51721,Exploits,True
51722,Generic,True
51723,Fuzzers,True
51724,Fuzzers,True
51725,Generic,True
51726,Fuzzers,True
51727,Generic,True
51728,Exploits,True
51729,Generic,True
51730,Fuzzers,True
51731,Generic,True
51732,Fuzzers,True
51733,Generic,True
51734,Fuzzers,True
51735,Fuzzers,True
51736,Fuzzers,True
51737,Generic,True
51738,DoS,True
51739,Fuzzers,True
51740,Reconnaissance,True
51741,Exploits,True
51742,Generic,True
51743,Fuzzers,True
51744,Analysis,True
51745,Generic,True
51746,Exploits,True
51747,Fuzzers,True
51748,Backdoor,True
51749,Reconnaissance,True
51750,Generic,True
51751,Exploits,True
51752,Exploits,True
51753,Generic,True
51754,Exploits,True
51755,Exploits,True
51756,DoS,True
51757,Fuzzers,True
51758,Reconnaissance,True
51759,Exploits,True
51760,DoS,True
51761,Generic,True
51762,Fuzzers,True
51763,Exploits,True
51764,DoS,True
51765,Generic,True
51766,Generic,True
51767,Exploits,True
51768,Exploits,True
51769,Generic,True
51770,Exploits,True
51771,Exploits,True
51772,Generic,True
51773,Generic,True
51774,Fuzzers,True
51775,Exploits,True
51776,Exploits,True
51777,Exploits,True
51778,Reconnaissance,True
51779,Generic,True
51780,Exploits,True
51781,Reconnaissance,True
51782,Generic,True
51783,Reconnaissance,True
51784,Exploits,True
51785,Exploits,True
51786,Generic,True
51787,Generic,True
51788,Reconnaissance,True
51789,Fuzzers,True
51790,Generic,True
51791,Reconnaissance,True
51792,Generic,True
51793,DoS,True
51794,Generic,True
51795,Generic,True
51796,Exploits,True
51797,Exploits,True
51798,Generic,True
51799,Shellcode,True
51800,Fuzzers,True
51801,Generic,True
51802,Generic,True
51803,Reconnaissance,True
51804,Generic,True
51805,Fuzzers,True
51806,Exploits,True
51807,Generic,True
51808,Generic,True
51809,Generic,True
51810,Fuzzers,True
51811,Generic,True
51812,Fuzzers,True
51813,Exploits,True
51814,Generic,True
51815,Fuzzers,True
51816,Backdoor,True
51817,Generic,True
51818,Fuzzers,True
51819,Analysis,True
51820,DoS,True
51821,Exploits,True
51822,Generic,True
51823,Shellcode,True
51824,DoS,True
51825,Exploits,True
51826,Backdoor,True
51827,Generic,True
51828,Worms,True
51829,DoS,True
51830,Generic,True
51831,Exploits,True
51832,Fuzzers,True
51833,Fuzzers,True
51834,Exploits,True
51835,Generic,True
51836,Exploits,True
51837,Fuzzers,True
51838,Generic,True
51839,Generic,True
51840,Fuzzers,True
51841,DoS,True
51842,Generic,True
51843,Generic,True
51844,Fuzzers,True
51845,Exploits,True
51846,Exploits,True
51847,Generic,True
51848,Exploits,True
51849,Reconnaissance,True
51850,Generic,True
51851,Reconnaissance,True
51852,DoS,True
51853,Generic,True
51854,Fuzzers,True
51855,Exploits,True
51856,Exploits,True
51857,Fuzzers,True
51858,Generic,True
51859,Reconnaissance,True
51860,Fuzzers,True
51861,Fuzzers,True
51862,Exploits,True
51863,Exploits,True
51864,Generic,True
51865,Exploits,True
51866,Fuzzers,True
51867,Exploits,True
51868,Fuzzers,True
51869,Generic,True
51870,Fuzzers,True
51871,Generic,True
51872,Exploits,True
51873,Analysis,True
51874,Exploits,True
51875,Generic,True
51876,Fuzzers,True
51877,Reconnaissance,True
51878,Backdoor,True
51879,Fuzzers,True
51880,Exploits,True
51881,Exploits,True
51882,Fuzzers,True
51883,Generic,True
51884,Fuzzers,True
51885,Exploits,True
51886,Exploits,True
51887,Generic,True
51888,Exploits,True
51889,Fuzzers,True
51890,Exploits,True
51891,Reconnaissance,True
51892,Generic,True
51893,Reconnaissance,True
51894,Exploits,True
51895,Fuzzers,True
51896,Generic,True
51897,Exploits,True
51898,Exploits,True
51899,Exploits,True
51900,DoS,True
51901,Fuzzers,True
51902,Reconnaissance,True
51903,Exploits,True
51904,Exploits,True
51905,Fuzzers,True
51906,Exploits,True
51907,Fuzzers,True
51908,Exploits,True
51909,Fuzzers,True
51910,Reconnaissance,True
51911,Fuzzers,True
51912,DoS,True
51913,Fuzzers,True
51914,Generic,True
51915,Exploits,True
51916,Generic,True
51917,Fuzzers,True
51918,Generic,True
51919,Exploits,True
51920,Fuzzers,True
51921,Generic,True
51922,Generic,True
51923,DoS,True
51924,Generic,True
51925,Fuzzers,True
51926,Generic,True
51927,Exploits,True
51928,Fuzzers,True
51929,Generic,True
51930,Fuzzers,True
51931,Fuzzers,True
51932,Fuzzers,True
51933,Exploits,True
51934,Generic,True
51935,Exploits,True
51936,Generic,True
51937,Reconnaissance,True
51938,Fuzzers,True
51939,Fuzzers,True
51940,Reconnaissance,True
51941,Fuzzers,True
51942,Exploits,True
51943,Fuzzers,True
51944,Fuzzers,True
51945,Analysis,True
51946,DoS,True
51947,Generic,True
51948,Exploits,True
51949,DoS,True
51950,Fuzzers,True
51951,Fuzzers,True
51952,Exploits,True
51953,Backdoor,True
51954,Fuzzers,True
51955,Exploits,True
51956,Exploits,True
51957,Fuzzers,True
51958,Fuzzers,True
51959,Fuzzers,True
51960,Exploits,True
51961,Fuzzers,True
51962,Fuzzers,True
51963,Exploits,True
51964,Reconnaissance,True
51965,Analysis,True
51966,Generic,True
51967,Backdoor,True
51968,Fuzzers,True
51969,Reconnaissance,True
51970,DoS,True
51971,Generic,True
51972,Reconnaissance,True
51973,Exploits,True
51974,Generic,True
51975,Exploits,True
51976,Exploits,True
51977,Generic,True
51978,Exploits,True
51979,Fuzzers,True
51980,Worms,True
51981,Reconnaissance,True
51982,Fuzzers,True
51983,Fuzzers,True
51984,Generic,True
51985,Fuzzers,True
51986,Exploits,True
51987,Reconnaissance,True
51988,Generic,True
51989,Exploits,True
51990,Generic,True
51991,Exploits,True
51992,Generic,True
51993,Reconnaissance,True
51994,Exploits,True
51995,Fuzzers,True
51996,DoS,True
51997,Shellcode,True
51998,Generic,True
51999,Exploits,True
52000,Reconnaissance,True
52001,Backdoor,True
52002,Fuzzers,True
52003,Analysis,True
52004,Exploits,True
52005,Fuzzers,True
52006,Fuzzers,True
52007,Fuzzers,True
52008,Fuzzers,True
52009,Fuzzers,True
52010,Exploits,True
52011,Exploits,True
52012,Backdoor,True
52013,Analysis,True
52014,DoS,True
52015,Reconnaissance,True
52016,DoS,True
52017,Exploits,True
52018,Exploits,True
52019,Fuzzers,True
52020,Exploits,True
52021,Reconnaissance,True
52022,Reconnaissance,True
52023,Fuzzers,True
52024,Fuzzers,True
52025,Reconnaissance,True
52026,Generic,True
52027,Fuzzers,True
52028,DoS,True
52029,DoS,True
52030,Generic,True
52031,Exploits,True
52032,Fuzzers,True
52033,Generic,True
52034,Exploits,True
52035,Backdoor,True
52036,Fuzzers,True
52037,Generic,True
52038,Exploits,True
52039,Generic,True
52040,Exploits,True
52041,Fuzzers,True
52042,DoS,True
52043,Reconnaissance,True
52044,Fuzzers,True
52045,Generic,True
52046,Exploits,True
52047,Generic,True
52048,Fuzzers,True
52049,Fuzzers,True
52050,Fuzzers,True
52051,Generic,True
52052,Generic,True
52053,Fuzzers,True
52054,Fuzzers,True
52055,Generic,True
52056,Fuzzers,True
52057,Analysis,True
52058,Generic,True
52059,Generic,True
52060,Exploits,True
52061,Fuzzers,True
52062,Backdoor,True
52063,Generic,True
52064,Exploits,True
52065,Exploits,True
52066,Generic,True
52067,Fuzzers,True
52068,Fuzzers,True
52069,Generic,True
52070,DoS,True
52071,Generic,True
52072,Exploits,True
52073,Generic,True
52074,Exploits,True
52075,Fuzzers,True
52076,Fuzzers,True
52077,Fuzzers,True
52078,Generic,True
52079,Fuzzers,True
52080,Fuzzers,True
52081,Fuzzers,True
52082,Exploits,True
52083,Generic,True
52084,Analysis,True
52085,Generic,True
52086,Fuzzers,True
52087,Backdoor,True
52088,Exploits,True
52089,Backdoor,True
52090,Exploits,True
52091,Fuzzers,True
52092,Fuzzers,True
52093,Exploits,True
52094,Fuzzers,True
52095,DoS,True
52096,Fuzzers,True
52097,Exploits,True
52098,Generic,True
52099,Fuzzers,True
52100,Fuzzers,True
52101,Generic,True
52102,Fuzzers,True
52103,Fuzzers,True
52104,Fuzzers,True
52105,Reconnaissance,True
52106,Reconnaissance,True
52107,Reconnaissance,True
52108,Analysis,True
52109,Generic,True
52110,Fuzzers,True
52111,Generic,True
52112,Backdoor,True
52113,Fuzzers,True
52114,Generic,True
52115,Exploits,True
52116,Generic,True
52117,Exploits,True
52118,Fuzzers,True
52119,DoS,True
52120,Generic,True
52121,Generic,True
52122,DoS,True
52123,Generic,True
52124,Exploits,True
52125,Exploits,True
52126,Generic,True
52127,Generic,True
52128,Fuzzers,True
52129,Fuzzers,True
52130,Generic,True
52131,Reconnaissance,True
52132,Generic,True
52133,Fuzzers,True
52134,Generic,True
52135,Fuzzers,True
52136,Analysis,True
52137,DoS,True
52138,Exploits,True
52139,DoS,True
52140,Backdoor,True
52141,Generic,True
52142,Generic,True
52143,DoS,True
52144,Exploits,True
52145,Fuzzers,True
52146,Reconnaissance,True
52147,Generic,True
52148,Generic,True
52149,Fuzzers,True
52150,Generic,True
52151,Generic,True
52152,Generic,True
52153,Shellcode,True
52154,Generic,True
52155,Generic,True
52156,Fuzzers,True
52157,Fuzzers,True
52158,Generic,True
52159,Generic,True
52160,Generic,True
52161,Exploits,True
52162,Fuzzers,True
52163,Exploits,True
52164,Generic,True
52165,Generic,True
52166,Generic,True
52167,Generic,True
52168,Generic,True
52169,Exploits,True
52170,Generic,True
52171,Exploits,True
52172,Generic,True
52173,Generic,True
52174,Fuzzers,True
52175,Generic,True
52176,Generic,True
52177,Exploits,True
52178,Generic,True
52179,Fuzzers,True
52180,Generic,True
52181,Fuzzers,True
52182,Generic,True
52183,Generic,True
52184,Exploits,True
52185,Generic,True
52186,Generic,True
52187,Generic,True
52188,Exploits,True
52189,Generic,True
52190,Generic,True
52191,Exploits,True
52192,DoS,True
52193,Exploits,True
52194,Exploits,True
52195,Generic,True
52196,Generic,True
52197,Exploits,True
52198,Generic,True
52199,Fuzzers,True
52200,Exploits,True
52201,Fuzzers,True
52202,Generic,True
52203,Backdoor,True
52204,Generic,True
52205,Fuzzers,True
52206,Exploits,True
52207,Generic,True
52208,Generic,True
52209,Fuzzers,True
52210,Analysis,True
52211,Fuzzers,True
52212,Generic,True
52213,Backdoor,True
52214,Generic,True
52215,Reconnaissance,True
52216,Fuzzers,True
52217,Analysis,True
52218,Exploits,True
52219,Generic,True
52220,Generic,True
52221,Generic,True
52222,Generic,True
52223,Fuzzers,True
52224,Reconnaissance,True
52225,Backdoor,True
52226,Fuzzers,True
52227,Generic,True
52228,Exploits,True
52229,Fuzzers,True
52230,Exploits,True
52231,Reconnaissance,True
52232,Generic,True
52233,Fuzzers,True
52234,Fuzzers,True
52235,Generic,True
52236,Generic,True
52237,Exploits,True
52238,Fuzzers,True
52239,Generic,True
52240,Generic,True
52241,Fuzzers,True
52242,Exploits,True
52243,Exploits,True
52244,Generic,True
52245,Generic,True
52246,Generic,True
52247,Fuzzers,True
52248,Exploits,True
52249,Generic,True
52250,Exploits,True
52251,Generic,True
52252,Generic,True
52253,Generic,True
52254,Generic,True
52255,Generic,True
52256,Exploits,True
52257,Exploits,True
52258,Exploits,True
52259,Generic,True
52260,Worms,True
52261,Generic,True
52262,Fuzzers,True
52263,Generic,True
52264,DoS,True
52265,Fuzzers,True
52266,Reconnaissance,True
52267,Backdoor,True
52268,Generic,True
52269,Exploits,True
52270,Exploits,True
52271,Generic,True
52272,Shellcode,True
52273,DoS,True
52274,Reconnaissance,True
52275,DoS,True
52276,Generic,True
52277,Exploits,True
52278,DoS,True
52279,Generic,True
52280,Reconnaissance,True
52281,Generic,True
52282,Fuzzers,True
52283,Fuzzers,True
52284,Generic,True
52285,Generic,True
52286,Fuzzers,True
52287,Exploits,True
52288,Fuzzers,True
52289,Generic,True
52290,Analysis,True
52291,Generic,True
52292,Analysis,True
52293,Exploits,True
52294,Backdoor,True
52295,Generic,True
52296,Generic,True
52297,Generic,True
52298,Exploits,True
52299,Reconnaissance,True
52300,Generic,True
52301,Exploits,True
52302,Exploits,True
52303,DoS,True
52304,Generic,True
52305,Generic,True
52306,Exploits,True
52307,Exploits,True
52308,Generic,True
52309,Exploits,True
52310,Generic,True
52311,Fuzzers,True
52312,Exploits,True
52313,Reconnaissance,True
52314,Generic,True
52315,Generic,True
52316,Fuzzers,True
52317,Generic,True
52318,Fuzzers,True
52319,Generic,True
52320,Exploits,True
52321,Exploits,True
52322,Fuzzers,True
52323,Backdoor,True
52324,Fuzzers,True
52325,Generic,True
52326,Exploits,True
52327,Exploits,True
52328,Fuzzers,True
52329,Fuzzers,True
52330,DoS,True
52331,Exploits,True
52332,Generic,True
52333,Analysis,True
52334,DoS,True
52335,Exploits,True
52336,Exploits,True
52337,Fuzzers,True
52338,Fuzzers,True
52339,Reconnaissance,True
52340,Reconnaissance,True
52341,Generic,True
52342,Generic,True
52343,Fuzzers,True
52344,Exploits,True
52345,Fuzzers,True
52346,DoS,True
52347,Generic,True
52348,Generic,True
52349,Generic,True
52350,Exploits,True
52351,Generic,True
52352,Generic,True
52353,Fuzzers,True
52354,Fuzzers,True
52355,Generic,True
52356,Exploits,True
52357,Generic,True
52358,Fuzzers,True
52359,Generic,True
52360,Exploits,True
52361,Analysis,True
52362,Fuzzers,True
52363,Exploits,True
52364,Generic,True
52365,Generic,True
52366,Backdoor,True
52367,Generic,True
52368,Exploits,True
52369,Reconnaissance,True
52370,Exploits,True
52371,Generic,True
52372,Analysis,True
52373,Reconnaissance,True
52374,DoS,True
52375,Backdoor,True
52376,Exploits,True
52377,Fuzzers,True
52378,Exploits,True
52379,Exploits,True
52380,Exploits,True
52381,Reconnaissance,True
52382,Exploits,True
52383,Exploits,True
52384,DoS,True
52385,Generic,True
52386,Reconnaissance,True
52387,Fuzzers,True
52388,Exploits,True
52389,DoS,True
52390,Exploits,True
52391,Reconnaissance,True
52392,Fuzzers,True
52393,Fuzzers,True
52394,Fuzzers,True
52395,Generic,True
52396,Exploits,True
52397,Exploits,True
52398,Fuzzers,True
52399,Reconnaissance,True
52400,Generic,True
52401,Exploits,True
52402,Generic,True
52403,Reconnaissance,True
52404,Exploits,True
52405,Reconnaissance,True
52406,Generic,True
52407,Reconnaissance,True
52408,Fuzzers,True
52409,Fuzzers,True
52410,Fuzzers,True
52411,Generic,True
52412,Exploits,True
52413,Exploits,True
52414,DoS,True
52415,Generic,True
52416,Fuzzers,True
52417,DoS,True
52418,Generic,True
52419,Exploits,True
52420,Exploits,True
52421,Exploits,True
52422,Reconnaissance,True
52423,Generic,True
52424,Fuzzers,True
52425,Exploits,True
52426,Exploits,True
52427,Generic,True
52428,Exploits,True
52429,Fuzzers,True
52430,Fuzzers,True
52431,Fuzzers,True
52432,Fuzzers,True
52433,Exploits,True
52434,Exploits,False
52435,Generic,True
52436,Fuzzers,True
52437,Exploits,True
52438,Fuzzers,True
52439,Generic,True
52440,Fuzzers,True
52441,Generic,True
52442,Fuzzers,True
52443,Analysis,True
52444,Fuzzers,True
52445,DoS,True
52446,Analysis,True
52447,Fuzzers,True
52448,Generic,True
52449,Analysis,True
52450,Backdoor,True
52451,Backdoor,True
52452,Reconnaissance,True
52453,Backdoor,True
52454,Exploits,True
52455,Generic,True
52456,Generic,True
52457,Exploits,True
52458,Generic,True
52459,Exploits,True
52460,Generic,True
52461,DoS,True
52462,Exploits,True
52463,Generic,True
52464,Generic,True
52465,Generic,True
52466,Exploits,True
52467,Generic,True
52468,Generic,True
52469,Generic,True
52470,Generic,True
52471,Generic,True
52472,Exploits,True
52473,Generic,True
52474,Generic,True
52475,Generic,True
52476,Reconnaissance,True
52477,Generic,True
52478,Generic,True
52479,Exploits,True
52480,Generic,True
52481,Exploits,True
52482,Generic,True
52483,Generic,True
52484,DoS,True
52485,Generic,True
52486,Generic,True
52487,Generic,True
52488,Exploits,True
52489,Fuzzers,True
52490,Generic,True
52491,Generic,True
52492,Exploits,True
52493,Generic,True
52494,Generic,True
52495,Exploits,True
52496,Exploits,True
52497,DoS,True
52498,Exploits,True
52499,Fuzzers,True
52500,Fuzzers,True
52501,Reconnaissance,True
52502,Fuzzers,True
52503,Exploits,True
52504,Fuzzers,True
52505,Exploits,True
52506,Fuzzers,True
52507,Fuzzers,True
52508,Fuzzers,True
52509,Fuzzers,True
52510,Generic,True
52511,DoS,True
52512,Generic,True
52513,Fuzzers,True
52514,Shellcode,True
52515,Generic,True
52516,Generic,True
52517,Exploits,True
52518,Exploits,True
52519,Fuzzers,True
52520,Fuzzers,True
52521,Fuzzers,True
52522,Fuzzers,True
52523,Fuzzers,True
52524,Generic,True
52525,Fuzzers,True
52526,DoS,True
52527,Analysis,True
52528,Exploits,True
52529,Exploits,True
52530,Fuzzers,True
52531,Backdoor,True
52532,Fuzzers,True
52533,Generic,True
52534,Fuzzers,True
52535,Exploits,True
52536,Fuzzers,True
52537,Fuzzers,True
52538,Fuzzers,True
52539,DoS,True
52540,Generic,True
52541,Analysis,True
52542,Fuzzers,True
52543,Generic,True
52544,Fuzzers,True
52545,Fuzzers,True
52546,Exploits,True
52547,Generic,True
52548,Generic,True
52549,Exploits,True
52550,Generic,True
52551,Analysis,True
52552,Generic,True
52553,Fuzzers,True
52554,Generic,True
52555,Generic,True
52556,Exploits,True
52557,Fuzzers,True
52558,Generic,True
52559,Backdoor,True
52560,Generic,True
52561,Exploits,True
52562,Exploits,True
52563,Generic,True
52564,Generic,True
52565,Exploits,True
52566,Generic,True
52567,Exploits,True
52568,Exploits,True
52569,Fuzzers,True
52570,Exploits,True
52571,Generic,True
52572,DoS,True
52573,DoS,True
52574,Reconnaissance,True
52575,Fuzzers,True
52576,Exploits,True
52577,Analysis,True
52578,Exploits,True
52579,Generic,True
52580,Fuzzers,True
52581,Exploits,True
52582,Exploits,True
52583,Exploits,True
52584,Backdoor,True
52585,Fuzzers,True
52586,Generic,True
52587,Backdoor,True
52588,Exploits,True
52589,Generic,True
52590,Fuzzers,True
52591,Fuzzers,True
52592,Generic,True
52593,Exploits,True
52594,Exploits,True
52595,Exploits,True
52596,Exploits,True
52597,DoS,True
52598,Exploits,True
52599,Reconnaissance,True
52600,DoS,True
52601,Exploits,True
52602,Exploits,True
52603,Generic,True
52604,Exploits,True
52605,Exploits,True
52606,Exploits,True
52607,Generic,True
52608,Fuzzers,True
52609,Exploits,True
52610,Fuzzers,True
52611,DoS,True
52612,Generic,True
52613,Fuzzers,True
52614,Fuzzers,True
52615,Fuzzers,True
52616,Generic,True
52617,Fuzzers,True
52618,Fuzzers,True
52619,Analysis,True
52620,Fuzzers,True
52621,Exploits,True
52622,Generic,True
52623,Generic,True
52624,Fuzzers,True
52625,Exploits,True
52626,Generic,True
52627,Fuzzers,True
52628,Generic,True
52629,Fuzzers,True
52630,Exploits,True
52631,DoS,True
52632,Exploits,True
52633,Generic,True
52634,Analysis,True
52635,Generic,True
52636,Reconnaissance,True
52637,Exploits,True
52638,Fuzzers,True
52639,Backdoor,True
52640,Generic,True
52641,Generic,True
52642,Generic,True
52643,Fuzzers,True
52644,Exploits,True
52645,Exploits,True
52646,Generic,True
52647,Generic,True
52648,Generic,True
52649,Generic,True
52650,Fuzzers,True
52651,Fuzzers,True
52652,DoS,True
52653,Generic,True
52654,Exploits,True
52655,Exploits,True
52656,Generic,True
52657,Reconnaissance,True
52658,Generic,True
52659,Exploits,True
52660,Generic,True
52661,Backdoor,True
52662,DoS,True
52663,Reconnaissance,True
52664,Generic,True
52665,Generic,True
52666,Exploits,True
52667,Fuzzers,True
52668,Generic,True
52669,Exploits,True
52670,Exploits,True
52671,Fuzzers,True
52672,Generic,True
52673,Generic,True
52674,Fuzzers,True
52675,Fuzzers,True
52676,Exploits,True
52677,Reconnaissance,True
52678,Fuzzers,True
52679,Generic,True
52680,DoS,True
52681,DoS,True
52682,Analysis,True
52683,Generic,True
52684,Fuzzers,True
52685,Analysis,True
52686,Generic,True
52687,Exploits,True
52688,Exploits,True
52689,Backdoor,True
52690,Generic,True
52691,Generic,True
52692,Fuzzers,True
52693,Backdoor,True
52694,Fuzzers,True
52695,Reconnaissance,True
52696,Generic,True
52697,Exploits,True
52698,Generic,True
52699,Generic,True
52700,Generic,True
52701,Exploits,True
52702,Fuzzers,True
52703,Generic,True
52704,DoS,True
52705,Fuzzers,True
52706,Exploits,True
52707,Generic,True
52708,DoS,True
52709,Generic,True
52710,Exploits,True
52711,Generic,True
52712,Reconnaissance,True
52713,Reconnaissance,True
52714,Exploits,True
52715,Generic,True
52716,Generic,True
52717,Fuzzers,True
52718,Generic,True
52719,DoS,True
52720,Reconnaissance,True
52721,Exploits,True
52722,Fuzzers,True
52723,Generic,True
52724,Exploits,True
52725,Fuzzers,True
52726,Fuzzers,True
52727,Fuzzers,True
52728,Fuzzers,True
52729,Fuzzers,True
52730,Shellcode,True
52731,DoS,True
52732,Fuzzers,True
52733,Generic,True
52734,Exploits,True
52735,Fuzzers,True
52736,Generic,True
52737,Exploits,True
52738,Exploits,True
52739,Backdoor,True
52740,Fuzzers,True
52741,Generic,True
52742,Fuzzers,True
52743,Generic,True
52744,Generic,True
52745,Fuzzers,True
52746,Generic,True
52747,Fuzzers,True
52748,Generic,True
52749,Generic,True
52750,Generic,True
52751,Generic,True
52752,Generic,True
52753,Generic,True
52754,Generic,True
52755,Reconnaissance,True
52756,Generic,True
52757,Generic,True
52758,Generic,True
52759,Generic,True
52760,Fuzzers,True
52761,Generic,True
52762,Fuzzers,True
52763,Generic,True
52764,Generic,True
52765,Generic,True
52766,Exploits,True
52767,Generic,True
52768,Fuzzers,True
52769,Generic,True
52770,Analysis,True
52771,Generic,True
52772,Reconnaissance,True
52773,Fuzzers,True
52774,Fuzzers,True
52775,Generic,True
52776,Backdoor,True
52777,Reconnaissance,True
52778,Generic,True
52779,Generic,True
52780,Exploits,True
52781,Reconnaissance,True
52782,Generic,True
52783,Exploits,True
52784,Exploits,True
52785,Exploits,True
52786,Analysis,True
52787,Generic,True
52788,Fuzzers,True
52789,Generic,True
52790,Generic,True
52791,DoS,True
52792,Fuzzers,True
52793,Generic,True
52794,Backdoor,True
52795,Generic,True
52796,Generic,True
52797,Generic,True
52798,Generic,True
52799,Generic,True
52800,Exploits,True
52801,Analysis,True
52802,Exploits,True
52803,Generic,True
52804,Generic,True
52805,Generic,True
52806,Generic,True
52807,Generic,True
52808,Backdoor,True
52809,Exploits,True
52810,Generic,True
52811,Generic,True
52812,DoS,True
52813,Exploits,True
52814,Exploits,True
52815,Exploits,True
52816,Fuzzers,True
52817,Generic,True
52818,Exploits,True
52819,Reconnaissance,True
52820,DoS,True
52821,Generic,True
52822,Generic,True
52823,Fuzzers,True
52824,Exploits,True
52825,Reconnaissance,True
52826,Generic,True
52827,Generic,True
52828,Analysis,True
52829,Fuzzers,True
52830,DoS,True
52831,Exploits,True
52832,Backdoor,True
52833,Generic,True
52834,Generic,True
52835,Exploits,True
52836,Generic,True
52837,Generic,True
52838,Reconnaissance,True
52839,Generic,True
52840,DoS,True
52841,Generic,True
52842,Exploits,True
52843,Generic,True
52844,Generic,True
52845,Reconnaissance,True
52846,Generic,True
52847,Fuzzers,True
52848,Generic,True
52849,Generic,True
52850,Fuzzers,True
52851,Generic,True
52852,Generic,True
52853,Exploits,True
52854,Analysis,True
52855,Generic,True
52856,Generic,True
52857,Generic,True
52858,Backdoor,True
52859,Generic,True
52860,Generic,True
52861,Fuzzers,True
52862,Exploits,True
52863,Generic,True
52864,Generic,True
52865,Generic,False
52866,DoS,True
52867,Exploits,True
52868,Generic,True
52869,Analysis,True
52870,Exploits,True
52871,Generic,True
52872,Backdoor,True
52873,Fuzzers,True
52874,Generic,True
52875,Exploits,True
52876,Exploits,True
52877,Fuzzers,True
52878,Generic,True
52879,DoS,True
52880,Analysis,True
52881,Generic,True
52882,Exploits,True
52883,Exploits,True
52884,Backdoor,True
52885,Exploits,True
52886,Generic,True
52887,Generic,True
52888,Generic,True
52889,Exploits,True
52890,Exploits,True
52891,Fuzzers,True
52892,DoS,True
52893,Generic,True
52894,Exploits,True
52895,Generic,True
52896,Generic,True
52897,Exploits,True
52898,Generic,True
52899,Generic,True
52900,Fuzzers,True
52901,Generic,True
52902,Generic,True
52903,Reconnaissance,True
52904,Fuzzers,True
52905,Exploits,True
52906,Generic,True
52907,Reconnaissance,True
52908,Analysis,True
52909,Fuzzers,True
52910,Generic,True
52911,Backdoor,True
52912,Generic,True
52913,Fuzzers,True
52914,Backdoor,True
52915,Generic,True
52916,Exploits,True
52917,Generic,True
52918,Fuzzers,True
52919,Generic,True
52920,DoS,True
52921,Fuzzers,True
52922,Exploits,True
52923,Fuzzers,True
52924,Generic,True
52925,Exploits,True
52926,Exploits,True
52927,Generic,True
52928,DoS,True
52929,Fuzzers,True
52930,Analysis,True
52931,Fuzzers,True
52932,Generic,True
52933,Fuzzers,True
52934,Generic,True
52935,Fuzzers,True
52936,Exploits,True
52937,Backdoor,True
52938,Analysis,True
52939,Fuzzers,True
52940,Analysis,True
52941,Generic,True
52942,Backdoor,True
52943,Backdoor,True
52944,Exploits,True
52945,Fuzzers,True
52946,Analysis,True
52947,Exploits,True
52948,Generic,True
52949,DoS,True
52950,DoS,True
52951,Fuzzers,True
52952,Exploits,True
52953,Backdoor,True
52954,Generic,True
52955,Exploits,True
52956,Fuzzers,True
52957,Generic,True
52958,Fuzzers,True
52959,Fuzzers,True
52960,Exploits,True
52961,Exploits,True
52962,Reconnaissance,True
52963,Generic,True
52964,Generic,True
52965,Generic,True
52966,DoS,True
52967,Generic,True
52968,Fuzzers,True
52969,Generic,True
52970,Generic,True
52971,Generic,True
52972,Fuzzers,True
52973,Exploits,True
52974,Fuzzers,True
52975,Generic,True
52976,Exploits,True
52977,Generic,True
52978,Reconnaissance,True
52979,Generic,True
52980,Generic,True
52981,Analysis,True
52982,Reconnaissance,True
52983,Generic,True
52984,Exploits,True
52985,Generic,True
52986,Fuzzers,True
52987,Backdoor,True
52988,Fuzzers,True
52989,Generic,True
52990,Generic,True
52991,Generic,True
52992,Exploits,True
52993,Exploits,True
52994,Analysis,True
52995,Fuzzers,True
52996,Generic,True
52997,Generic,True
52998,Exploits,True
52999,DoS,True
53000,DoS,True
53001,Backdoor,True
53002,Fuzzers,True
53003,Generic,True
53004,Exploits,True
53005,Generic,True
53006,Generic,True
53007,Exploits,True
53008,Exploits,True
53009,DoS,True
53010,Generic,True
53011,Exploits,True
53012,Exploits,True
53013,Generic,True
53014,Generic,True
53015,Fuzzers,True
53016,DoS,True
53017,Fuzzers,True
53018,Generic,True
53019,Fuzzers,True
53020,Exploits,True
53021,Generic,True
53022,Exploits,True
53023,Fuzzers,True
53024,Fuzzers,True
53025,Exploits,True
53026,Generic,True
53027,Analysis,True
53028,Exploits,True
53029,Exploits,True
53030,Analysis,True
53031,Exploits,True
53032,Generic,True
53033,Fuzzers,True
53034,Fuzzers,True
53035,Fuzzers,True
53036,Fuzzers,True
53037,Exploits,True
53038,Generic,True
53039,Exploits,True
53040,Backdoor,True
53041,Fuzzers,True
53042,Generic,True
53043,Fuzzers,True
53044,Fuzzers,True
53045,Fuzzers,True
53046,Generic,True
53047,Exploits,True
53048,Exploits,True
53049,Reconnaissance,True
53050,Fuzzers,True
53051,Generic,True
53052,Reconnaissance,True
53053,Fuzzers,True
53054,Generic,True
53055,Backdoor,True
53056,Fuzzers,True
53057,Generic,True
53058,Fuzzers,True
53059,Exploits,True
53060,Exploits,True
53061,Exploits,True
53062,Generic,True
53063,DoS,True
53064,Generic,True
53065,Fuzzers,True
53066,Exploits,True
53067,Exploits,True
53068,Fuzzers,True
53069,Exploits,True
53070,Generic,True
53071,Generic,True
53072,Fuzzers,True
53073,Analysis,True
53074,Fuzzers,True
53075,Fuzzers,True
53076,Fuzzers,True
53077,Generic,True
53078,Generic,True
53079,Generic,True
53080,Backdoor,True
53081,Fuzzers,True
53082,Exploits,True
53083,Fuzzers,True
53084,Exploits,True
53085,Generic,True
53086,Exploits,True
53087,Exploits,True
53088,Exploits,True
53089,Exploits,True
53090,Exploits,True
53091,Fuzzers,True
53092,Generic,True
53093,Exploits,True
53094,Fuzzers,True
53095,Exploits,True
53096,Exploits,True
53097,DoS,True
53098,Generic,True
53099,Exploits,True
53100,Analysis,True
53101,Reconnaissance,True
53102,DoS,True
53103,Generic,True
53104,Reconnaissance,True
53105,Backdoor,True
53106,Generic,True
53107,Exploits,True
53108,Generic,True
53109,Generic,True
53110,Exploits,True
53111,Generic,True
53112,Fuzzers,True
53113,Generic,True
53114,DoS,True
53115,Exploits,True
53116,Fuzzers,True
53117,Generic,True
53118,Exploits,True
53119,Reconnaissance,True
53120,Reconnaissance,True
53121,Generic,True
53122,Fuzzers,True
53123,Fuzzers,True
53124,Generic,True
53125,Fuzzers,True
53126,Fuzzers,True
53127,Exploits,True
53128,Fuzzers,True
53129,Generic,True
53130,Reconnaissance,True
53131,Fuzzers,True
53132,Exploits,True
53133,Generic,True
53134,Analysis,True
53135,Fuzzers,True
53136,Generic,True
53137,Fuzzers,True
53138,Analysis,True
53139,Fuzzers,True
53140,Fuzzers,True
53141,Reconnaissance,True
53142,Fuzzers,True
53143,Backdoor,True
53144,Generic,True
53145,Backdoor,True
53146,Exploits,True
53147,Fuzzers,True
53148,Reconnaissance,True
53149,Exploits,True
53150,Fuzzers,True
53151,Exploits,True
53152,Fuzzers,True
53153,Generic,True
53154,Fuzzers,True
53155,Analysis,True
53156,DoS,True
53157,DoS,True
53158,Backdoor,True
53159,DoS,True
53160,DoS,True
53161,Exploits,True
53162,Exploits,True
53163,Generic,True
53164,Fuzzers,True
53165,Exploits,True
53166,DoS,True
53167,Exploits,True
53168,Exploits,True
53169,Fuzzers,True
53170,Exploits,True
53171,Generic,True
53172,Fuzzers,True
53173,Fuzzers,True
53174,Fuzzers,True
53175,Exploits,True
53176,Fuzzers,True
53177,Fuzzers,True
53178,Generic,True
53179,Fuzzers,True
53180,Fuzzers,True
53181,Fuzzers,True
53182,Fuzzers,True
53183,Fuzzers,True
53184,Exploits,True
53185,Exploits,True
53186,Generic,True
53187,Analysis,True
53188,Exploits,True
53189,Exploits,True
53190,Exploits,True
53191,Fuzzers,True
53192,Fuzzers,True
53193,DoS,True
53194,Backdoor,True
53195,Fuzzers,True
53196,Fuzzers,True
53197,Fuzzers,True
53198,Fuzzers,True
53199,Generic,True
53200,Exploits,True
53201,Fuzzers,True
53202,Exploits,True
53203,Reconnaissance,True
53204,Exploits,True
53205,Fuzzers,True
53206,Fuzzers,True
53207,Fuzzers,True
53208,DoS,True
53209,Fuzzers,True
53210,Fuzzers,True
53211,Fuzzers,True
53212,Analysis,True
53213,Fuzzers,True
53214,Exploits,True
53215,Exploits,True
53216,Generic,True
53217,Exploits,True
53218,Fuzzers,True
53219,Backdoor,True
53220,Fuzzers,True
53221,Exploits,True
53222,Exploits,True
53223,Generic,True
53224,Exploits,True
53225,Analysis,True
53226,Exploits,True
53227,Reconnaissance,True
53228,Exploits,True
53229,Fuzzers,True
53230,Fuzzers,True
53231,Generic,True
53232,Generic,True
53233,Backdoor,True
53234,Fuzzers,True
53235,Fuzzers,True
53236,Generic,True
53237,Generic,True
53238,Exploits,True
53239,Fuzzers,True
53240,Exploits,True
53241,Generic,True
53242,Fuzzers,True
53243,Fuzzers,True
53244,Fuzzers,True
53245,Analysis,True
53246,Exploits,True
53247,DoS,True
53248,Reconnaissance,True
53249,Generic,True
53250,Exploits,True
53251,DoS,True
53252,Fuzzers,True
53253,Backdoor,True
53254,Exploits,True
53255,Exploits,True
53256,Generic,True
53257,Exploits,True
53258,Generic,True
53259,Generic,True
53260,Exploits,True
53261,Reconnaissance,True
53262,Fuzzers,True
53263,Exploits,True
53264,Generic,True
53265,Exploits,True
53266,Generic,True
53267,Fuzzers,True
53268,Exploits,True
53269,Reconnaissance,True
53270,Generic,True
53271,Generic,True
53272,DoS,True
53273,Fuzzers,True
53274,Generic,True
53275,Fuzzers,True
53276,Fuzzers,True
53277,Exploits,True
53278,Generic,True
53279,Exploits,True
53280,Exploits,True
53281,Reconnaissance,True
53282,Fuzzers,True
53283,Exploits,True
53284,Generic,True
53285,Fuzzers,True
53286,Fuzzers,True
53287,Exploits,True
53288,Generic,True
53289,Reconnaissance,True
53290,Exploits,True
53291,Generic,True
53292,Fuzzers,True
53293,DoS,True
53294,Fuzzers,True
53295,Generic,True
53296,DoS,True
53297,Reconnaissance,True
53298,Generic,True
53299,Fuzzers,True
53300,Analysis,True
53301,Exploits,True
53302,Generic,True
53303,Exploits,True
53304,Exploits,True
53305,Generic,True
53306,Exploits,True
53307,Backdoor,True
53308,Fuzzers,True
53309,Fuzzers,True
53310,Fuzzers,True
53311,Exploits,True
53312,Reconnaissance,True
53313,Generic,True
53314,Analysis,True
53315,Exploits,True
53316,DoS,True
53317,Exploits,True
53318,Exploits,True
53319,Exploits,True
53320,Backdoor,True
53321,Fuzzers,True
53322,Exploits,True
53323,Generic,True
53324,Exploits,True
53325,Fuzzers,True
53326,Exploits,True
53327,Exploits,True
53328,Generic,True
53329,Fuzzers,True
53330,Fuzzers,True
53331,Fuzzers,True
53332,Reconnaissance,True
53333,Generic,True
53334,Generic,True
53335,Reconnaissance,True
53336,Exploits,True
53337,Generic,True
53338,Fuzzers,True
53339,Exploits,True
53340,Generic,True
53341,Reconnaissance,True
53342,Generic,True
53343,Exploits,True
53344,Analysis,True
53345,Generic,True
53346,Exploits,True
53347,Exploits,True
53348,Reconnaissance,True
53349,Generic,True
53350,Exploits,True
53351,Fuzzers,True
53352,Generic,True
53353,Generic,True
53354,Backdoor,True
53355,Exploits,True
53356,Generic,True
53357,Fuzzers,True
53358,Reconnaissance,True
53359,Exploits,True
53360,Exploits,True
53361,Generic,True
53362,Fuzzers,True
53363,Exploits,True
53364,Generic,True
53365,Reconnaissance,True
53366,Fuzzers,True
53367,Fuzzers,True
53368,Generic,True
53369,Exploits,True
53370,Exploits,True
53371,Generic,True
53372,Generic,True
53373,DoS,True
53374,Exploits,True
53375,Exploits,True
53376,Exploits,True
53377,Reconnaissance,True
53378,Fuzzers,True
53379,DoS,True
53380,Worms,True
53381,Exploits,True
53382,Generic,True
53383,Generic,True
53384,Reconnaissance,True
53385,Exploits,True
53386,Reconnaissance,True
53387,Exploits,True
53388,Fuzzers,True
53389,Fuzzers,True
53390,Generic,True
53391,Reconnaissance,True
53392,Exploits,True
53393,Exploits,True
53394,Fuzzers,True
53395,Exploits,True
53396,Fuzzers,True
53397,Fuzzers,True
53398,Generic,True
53399,Exploits,True
53400,Fuzzers,True
53401,Fuzzers,True
53402,Fuzzers,True
53403,Fuzzers,True
53404,Fuzzers,True
53405,Analysis,True
53406,Fuzzers,True
53407,Exploits,True
53408,Generic,True
53409,Analysis,True
53410,Exploits,True
53411,Exploits,True
53412,Backdoor,True
53413,Generic,True
53414,Generic,True
53415,Reconnaissance,True
53416,Backdoor,True
53417,Fuzzers,True
53418,DoS,True
53419,Fuzzers,True
53420,Exploits,True
53421,Generic,True
53422,Fuzzers,True
53423,Shellcode,True
53424,Fuzzers,True
53425,Generic,True
53426,Exploits,True
53427,DoS,True
53428,Generic,True
53429,DoS,True
53430,Generic,True
53431,Exploits,True
53432,Fuzzers,True
53433,Generic,True
53434,Generic,True
53435,Exploits,True
53436,Fuzzers,True
53437,Exploits,True
53438,Fuzzers,True
53439,Generic,True
53440,Fuzzers,True
53441,Generic,True
53442,Fuzzers,True
53443,Fuzzers,True
53444,Fuzzers,True
53445,Fuzzers,True
53446,Generic,True
53447,Exploits,True
53448,Exploits,True
53449,Generic,True
53450,Generic,True
53451,Exploits,True
53452,Fuzzers,True
53453,Fuzzers,True
53454,Fuzzers,True
53455,Exploits,True
53456,Generic,True
53457,Generic,True
53458,DoS,True
53459,Fuzzers,True
53460,Analysis,True
53461,Exploits,True
53462,DoS,True
53463,Fuzzers,True
53464,Exploits,True
53465,Reconnaissance,True
53466,Backdoor,True
53467,Fuzzers,True
53468,Generic,True
53469,Analysis,True
53470,DoS,True
53471,Fuzzers,True
53472,Exploits,True
53473,Exploits,True
53474,Analysis,True
53475,Analysis,True
53476,Fuzzers,True
53477,Generic,True
53478,Reconnaissance,True
53479,Backdoor,True
53480,Generic,True
53481,DoS,True
53482,Backdoor,True
53483,Exploits,True
53484,Generic,True
53485,Reconnaissance,True
53486,Generic,True
53487,Generic,True
53488,Generic,True
53489,Exploits,True
53490,Fuzzers,True
53491,Generic,True
53492,Generic,True
53493,Exploits,True
53494,Fuzzers,True
53495,Generic,True
53496,Fuzzers,True
53497,Fuzzers,True
53498,Generic,True
53499,Generic,True
53500,Exploits,True
53501,Fuzzers,True
53502,Generic,True
53503,Generic,True
53504,Fuzzers,True
53505,Fuzzers,True
53506,Fuzzers,True
53507,Generic,True
53508,Generic,True
53509,Exploits,True
53510,Generic,True
53511,Fuzzers,True
53512,Analysis,True
53513,Generic,True
53514,Fuzzers,True
53515,Generic,True
53516,Fuzzers,True
53517,Generic,True
53518,Generic,True
53519,Exploits,True
53520,Backdoor,True
53521,Fuzzers,True
53522,Exploits,True
53523,Fuzzers,True
53524,Exploits,True
53525,Generic,True
53526,Shellcode,True
53527,Exploits,True
53528,Exploits,True
53529,DoS,True
53530,Generic,True
53531,Fuzzers,True
53532,Fuzzers,True
53533,DoS,True
53534,Generic,True
53535,Exploits,True
53536,Generic,True
53537,Exploits,True
53538,Exploits,True
53539,Generic,True
53540,Shellcode,True
53541,Exploits,True
53542,Generic,True
53543,Fuzzers,True
53544,Exploits,True
53545,Generic,True
53546,Generic,True
53547,Generic,True
53548,Exploits,True
53549,Generic,True
53550,Fuzzers,True
53551,Exploits,True
53552,Generic,True
53553,Fuzzers,True
53554,Generic,True
53555,Generic,True
53556,Backdoor,True
53557,Generic,True
53558,Analysis,True
53559,Generic,True
53560,Fuzzers,True
53561,Generic,True
53562,Generic,True
53563,Exploits,True
53564,Generic,True
53565,Reconnaissance,True
53566,Reconnaissance,True
53567,Generic,True
53568,Analysis,True
53569,Generic,True
53570,Generic,True
53571,Reconnaissance,True
53572,DoS,True
53573,Generic,True
53574,Fuzzers,True
53575,Exploits,True
53576,Backdoor,True
53577,Generic,True
53578,Exploits,True
53579,Fuzzers,True
53580,Fuzzers,True
53581,Reconnaissance,True
53582,Fuzzers,True
53583,Fuzzers,True
53584,Exploits,True
53585,DoS,True
53586,Fuzzers,True
53587,DoS,True
53588,Fuzzers,True
53589,Generic,True
53590,Generic,True
53591,Exploits,True
53592,DoS,True
53593,Fuzzers,True
53594,Exploits,True
53595,Generic,True
53596,Generic,True
53597,Fuzzers,True
53598,Generic,True
53599,Fuzzers,True
53600,Exploits,True
53601,Analysis,True
53602,Fuzzers,True
53603,Generic,True
53604,Generic,True
53605,Fuzzers,True
53606,Fuzzers,True
53607,Fuzzers,True
53608,Fuzzers,True
53609,Backdoor,True
53610,Fuzzers,True
53611,Fuzzers,True
53612,Backdoor,True
53613,Generic,True
53614,Fuzzers,True
53615,Analysis,True
53616,Reconnaissance,True
53617,Exploits,True
53618,Generic,True
53619,Exploits,True
53620,DoS,True
53621,Generic,True
53622,Exploits,True
53623,Fuzzers,True
53624,DoS,True
53625,Shellcode,True
53626,DoS,True
53627,Generic,True
53628,Reconnaissance,True
53629,Fuzzers,True
53630,Generic,True
53631,Generic,True
53632,Exploits,True
53633,Exploits,True
53634,Exploits,True
53635,Generic,True
53636,Reconnaissance,True
53637,Generic,True
53638,Generic,True
53639,Reconnaissance,True
53640,Fuzzers,True
53641,Fuzzers,True
53642,Fuzzers,True
53643,Fuzzers,True
53644,Generic,True
53645,Generic,True
53646,Generic,True
53647,Generic,True
53648,Exploits,True
53649,Fuzzers,True
53650,Fuzzers,True
53651,Generic,True
53652,Generic,True
53653,Generic,True
53654,Exploits,True
53655,Generic,True
53656,Generic,True
53657,Generic,True
53658,Analysis,True
53659,Generic,True
53660,Fuzzers,True
53661,Generic,True
53662,Analysis,True
53663,Fuzzers,True
53664,Generic,True
53665,DoS,True
53666,Backdoor,True
53667,Fuzzers,True
53668,Reconnaissance,True
53669,Generic,True
53670,Backdoor,True
53671,Generic,True
53672,Generic,True
53673,Fuzzers,True
53674,Exploits,True
53675,Fuzzers,True
53676,Reconnaissance,True
53677,Generic,True
53678,Exploits,True
53679,Generic,True
53680,Generic,True
53681,Generic,True
53682,DoS,True
53683,DoS,True
53684,Generic,True
53685,Reconnaissance,True
53686,Fuzzers,True
53687,Generic,True
53688,Generic,True
53689,Fuzzers,True
53690,Generic,True
53691,Exploits,True
53692,Fuzzers,True
53693,Generic,True
53694,Exploits,True
53695,Generic,True
53696,Generic,True
53697,Fuzzers,True
53698,Reconnaissance,True
53699,Fuzzers,True
53700,Generic,True
53701,Fuzzers,True
53702,Fuzzers,True
53703,Generic,True
53704,Generic,True
53705,Fuzzers,True
53706,Generic,True
53707,Fuzzers,True
53708,Generic,True
53709,Fuzzers,True
53710,Exploits,True
53711,Generic,True
53712,Generic,True
53713,DoS,True
53714,Generic,True
53715,Generic,True
53716,Generic,True
53717,Fuzzers,True
53718,Generic,True
53719,Exploits,True
53720,Generic,True
53721,Generic,True
53722,Exploits,True
53723,Fuzzers,True
53724,Generic,True
53725,Analysis,True
53726,Exploits,True
53727,Exploits,True
53728,Generic,True
53729,Generic,True
53730,Exploits,True
53731,Backdoor,True
53732,Generic,True
53733,Reconnaissance,True
53734,Generic,True
53735,Generic,True
53736,Generic,True
53737,Generic,True
53738,Generic,True
53739,Exploits,True
53740,Fuzzers,True
53741,Generic,True
53742,Generic,True
53743,Generic,True
53744,Generic,True
53745,Generic,True
53746,Generic,True
53747,Analysis,True
53748,DoS,True
53749,Generic,True
53750,Generic,True
53751,Generic,True
53752,Backdoor,True
53753,Generic,True
53754,Generic,True
53755,Backdoor,True
53756,Exploits,True
53757,Generic,True
53758,Generic,True
53759,Exploits,True
53760,Generic,True
53761,Generic,True
53762,Exploits,True
53763,Fuzzers,True
53764,Generic,True
53765,Generic,True
53766,Generic,True
53767,DoS,True
53768,Reconnaissance,True
53769,Generic,True
53770,DoS,True
53771,Fuzzers,True
53772,Generic,True
53773,Generic,True
53774,Generic,True
53775,Exploits,True
53776,Generic,True
53777,Generic,True
53778,Analysis,True
53779,Exploits,True
53780,Exploits,True
53781,Fuzzers,True
53782,Generic,True
53783,Generic,True
53784,Generic,True
53785,Fuzzers,True
53786,Generic,True
53787,Generic,True
53788,Fuzzers,True
53789,Backdoor,True
53790,Shellcode,True
53791,Fuzzers,True
53792,Generic,True
53793,Generic,True
53794,Fuzzers,True
53795,Analysis,True
53796,Exploits,True
53797,Generic,True
53798,Fuzzers,True
53799,Generic,True
53800,Generic,True
53801,Backdoor,True
53802,Generic,True
53803,Generic,True
53804,Generic,True
53805,Generic,True
53806,Fuzzers,True
53807,Generic,True
53808,Fuzzers,True
53809,Generic,True
53810,Fuzzers,True
53811,Generic,True
53812,Generic,True
53813,Exploits,True
53814,Generic,True
53815,Generic,True
53816,Generic,True
53817,Generic,True
53818,Generic,True
53819,Generic,True
53820,Generic,True
53821,DoS,True
53822,Generic,True
53823,Exploits,True
53824,Exploits,True
53825,Generic,True
53826,Exploits,True
53827,Generic,True
53828,Fuzzers,True
53829,Exploits,True
53830,Exploits,True
53831,Generic,True
53832,Generic,True
53833,Generic,True
53834,Generic,True
53835,Generic,True
53836,Fuzzers,True
53837,Generic,True
53838,Generic,True
53839,Fuzzers,True
53840,Exploits,True
53841,Generic,True
53842,Fuzzers,True
53843,Fuzzers,True
53844,Reconnaissance,True
53845,Generic,True
53846,Reconnaissance,True
53847,Generic,True
53848,DoS,True
53849,Analysis,True
53850,Generic,True
53851,Generic,True
53852,Analysis,True
53853,Generic,True
53854,Exploits,True
53855,Backdoor,True
53856,Generic,True
53857,Fuzzers,True
53858,Generic,True
53859,Backdoor,True
53860,Fuzzers,True
53861,Generic,True
53862,Fuzzers,True
53863,Exploits,True
53864,Exploits,True
53865,Generic,True
53866,Generic,True
53867,Exploits,True
53868,Generic,True
53869,Generic,True
53870,DoS,True
53871,Fuzzers,True
53872,Generic,True
53873,Exploits,True
53874,Fuzzers,True
53875,DoS,True
53876,Generic,True
53877,Generic,True
53878,Exploits,True
53879,Analysis,True
53880,Fuzzers,True
53881,Generic,True
53882,Exploits,True
53883,Generic,True
53884,Generic,True
53885,Generic,True
53886,Fuzzers,True
53887,Backdoor,True
53888,Generic,True
53889,Fuzzers,True
53890,Generic,True
53891,Generic,True
53892,Generic,True
53893,Fuzzers,True
53894,Exploits,True
53895,Generic,True
53896,Generic,True
53897,Generic,True
53898,Generic,True
53899,Generic,True
53900,Analysis,True
53901,DoS,True
53902,Generic,True
53903,Generic,True
53904,Reconnaissance,True
53905,Generic,True
53906,DoS,True
53907,Exploits,True
53908,Generic,True
53909,Fuzzers,True
53910,Backdoor,True
53911,Generic,True
53912,Generic,True
53913,Generic,True
53914,Fuzzers,True
53915,Fuzzers,True
53916,Generic,True
53917,Fuzzers,True
53918,Exploits,True
53919,Generic,True
53920,Generic,True
53921,Generic,True
53922,Fuzzers,True
53923,Reconnaissance,True
53924,Generic,True
53925,DoS,True
53926,Generic,True
53927,Generic,True
53928,Exploits,True
53929,Generic,True
53930,Generic,True
53931,Generic,True
53932,Analysis,True
53933,Generic,True
53934,Fuzzers,True
53935,Generic,True
53936,Exploits,True
53937,Generic,True
53938,Fuzzers,True
53939,Generic,True
53940,Generic,True
53941,Backdoor,True
53942,Fuzzers,True
53943,Fuzzers,True
53944,Fuzzers,True
53945,Generic,True
53946,Fuzzers,True
53947,Generic,True
53948,Generic,True
53949,Analysis,True
53950,Exploits,True
53951,Reconnaissance,True
53952,Generic,True
53953,Generic,True
53954,Generic,True
53955,Fuzzers,True
53956,DoS,True
53957,Fuzzers,True
53958,Backdoor,True
53959,Fuzzers,True
53960,Reconnaissance,True
53961,Exploits,True
53962,Exploits,True
53963,Generic,True
53964,Generic,True
53965,Generic,True
53966,Generic,True
53967,Generic,True
53968,Fuzzers,True
53969,DoS,True
53970,Fuzzers,True
53971,Generic,True
53972,Generic,True
53973,Fuzzers,True
53974,Generic,True
53975,Fuzzers,True
53976,Exploits,True
53977,Fuzzers,True
53978,Exploits,True
53979,Generic,True
53980,Exploits,True
53981,Generic,True
53982,Reconnaissance,True
53983,Fuzzers,True
53984,Analysis,True
53985,Fuzzers,True
53986,Generic,True
53987,Fuzzers,True
53988,Fuzzers,True
53989,Generic,True
53990,Fuzzers,True
53991,Backdoor,True
53992,Fuzzers,True
53993,Fuzzers,True
53994,Fuzzers,True
53995,Fuzzers,True
53996,Fuzzers,True
53997,Exploits,True
53998,Generic,True
53999,Generic,True
54000,Generic,True
54001,Analysis,True
54002,Fuzzers,True
54003,Generic,True
54004,Analysis,True
54005,DoS,True
54006,Exploits,True
54007,Generic,True
54008,Generic,True
54009,Backdoor,True
54010,Reconnaissance,True
54011,Backdoor,True
54012,Generic,True
54013,Exploits,True
54014,Fuzzers,True
54015,Generic,True
54016,Generic,True
54017,Exploits,True
54018,Fuzzers,True
54019,Exploits,True
54020,Fuzzers,True
54021,Generic,True
54022,Fuzzers,True
54023,Generic,True
54024,Generic,True
54025,DoS,True
54026,Fuzzers,True
54027,Exploits,True
54028,Generic,True
54029,Fuzzers,True
54030,Fuzzers,True
54031,Generic,True
54032,Exploits,True
54033,Exploits,True
54034,Generic,True
54035,Generic,True
54036,Exploits,True
54037,Generic,True
54038,Fuzzers,True
54039,Analysis,True
54040,Fuzzers,True
54041,Exploits,True
54042,Generic,True
54043,Generic,True
54044,Generic,True
54045,Fuzzers,True
54046,Generic,True
54047,Backdoor,True
54048,Fuzzers,True
54049,Generic,True
54050,Generic,True
54051,Exploits,True
54052,Fuzzers,True
54053,Generic,True
54054,Generic,True
54055,Analysis,True
54056,Exploits,True
54057,Generic,True
54058,Generic,True
54059,Generic,True
54060,Fuzzers,True
54061,Backdoor,True
54062,DoS,True
54063,Generic,True
54064,Generic,True
54065,Generic,True
54066,Shellcode,True
54067,Exploits,True
54068,Reconnaissance,True
54069,Exploits,True
54070,DoS,True
54071,Generic,True
54072,Reconnaissance,True
54073,Exploits,True
54074,Exploits,True
54075,Generic,True
54076,Exploits,True
54077,Exploits,True
54078,Exploits,True
54079,DoS,True
54080,Generic,True
54081,Fuzzers,True
54082,Exploits,True
54083,Exploits,True
54084,Generic,True
54085,Fuzzers,True
54086,Generic,True
54087,Generic,True
54088,Exploits,True
54089,Fuzzers,True
54090,Exploits,True
54091,Generic,True
54092,Generic,True
54093,Generic,True
54094,Fuzzers,True
54095,Analysis,True
54096,Fuzzers,True
54097,Generic,True
54098,Fuzzers,True
54099,Generic,True
54100,Generic,True
54101,Generic,True
54102,Fuzzers,True
54103,Backdoor,True
54104,Generic,True
54105,Analysis,True
54106,Generic,True
54107,Exploits,True
54108,Generic,True
54109,Analysis,True
54110,Generic,True
54111,Generic,True
54112,Backdoor,True
54113,Exploits,True
54114,Generic,True
54115,Generic,True
54116,Generic,True
54117,Backdoor,True
54118,Generic,True
54119,Generic,True
54120,Exploits,True
54121,DoS,True
54122,Generic,True
54123,Generic,True
54124,Generic,True
54125,Exploits,True
54126,Generic,True
54127,Generic,True
54128,Exploits,True
54129,Exploits,True
54130,Exploits,True
54131,Generic,True
54132,Generic,True
54133,DoS,True
54134,Generic,True
54135,Generic,True
54136,Fuzzers,True
54137,Generic,True
54138,Exploits,True
54139,Generic,True
54140,Exploits,True
54141,Exploits,True
54142,Fuzzers,True
54143,Generic,True
54144,Fuzzers,True
54145,Generic,True
54146,Generic,True
54147,Fuzzers,True
54148,Generic,True
54149,Generic,True
54150,Generic,True
54151,Analysis,True
54152,Generic,True
54153,Fuzzers,True
54154,Generic,True
54155,Generic,True
54156,Backdoor,True
54157,Generic,True
54158,Generic,True
54159,Generic,True
54160,Generic,True
54161,Analysis,True
54162,Exploits,True
54163,Fuzzers,True
54164,Generic,True
54165,Generic,True
54166,Exploits,True
54167,Generic,True
54168,Generic,True
54169,Backdoor,True
54170,Generic,True
54171,Generic,True
54172,Generic,True
54173,Generic,True
54174,Generic,True
54175,Exploits,True
54176,Generic,True
54177,Generic,True
54178,Exploits,True
54179,Generic,True
54180,Exploits,True
54181,Generic,True
54182,Generic,True
54183,Generic,True
54184,Generic,True
54185,DoS,True
54186,Generic,True
54187,Generic,True
54188,Generic,True
54189,Fuzzers,True
54190,Generic,True
54191,Generic,True
54192,Exploits,True
54193,Exploits,True
54194,Generic,True
54195,Generic,True
54196,Generic,True
54197,Generic,True
54198,Generic,True
54199,Reconnaissance,True
54200,Fuzzers,True
54201,DoS,True
54202,Exploits,True
54203,Generic,True
54204,Generic,True
54205,Generic,True
54206,Fuzzers,True
54207,Exploits,True
54208,Generic,True
54209,Fuzzers,True
54210,Exploits,True
54211,Generic,True
54212,Generic,True
54213,Fuzzers,True
54214,Analysis,True
54215,Generic,True
54216,Fuzzers,True
54217,Generic,True
54218,Generic,True
54219,Generic,True
54220,Backdoor,True
54221,Generic,True
54222,Exploits,True
54223,Fuzzers,True
54224,Generic,True
54225,Exploits,True
54226,Generic,True
54227,Generic,True
54228,Generic,True
54229,Analysis,True
54230,Fuzzers,True
54231,Generic,True
54232,DoS,True
54233,Fuzzers,True
54234,Generic,True
54235,Generic,True
54236,Backdoor,True
54237,Generic,True
54238,Exploits,True
54239,Generic,True
54240,Generic,True
54241,Exploits,True
54242,Generic,True
54243,Generic,True
54244,DoS,True
54245,Fuzzers,True
54246,Generic,True
54247,Generic,True
54248,DoS,True
54249,Exploits,True
54250,Exploits,True
54251,Generic,True
54252,Generic,True
54253,DoS,True
54254,Fuzzers,True
54255,Exploits,True
54256,Fuzzers,True
54257,Generic,True
54258,Exploits,True
54259,Reconnaissance,True
54260,Generic,True
54261,Fuzzers,True
54262,Analysis,True
54263,Exploits,True
54264,Fuzzers,True
54265,Generic,True
54266,Generic,True
54267,Generic,True
54268,Fuzzers,True
54269,Generic,True
54270,Analysis,True
54271,Backdoor,True
54272,Generic,True
54273,Generic,True
54274,Generic,True
54275,Generic,True
54276,Generic,True
54277,Backdoor,True
54278,Exploits,True
54279,Generic,True
54280,Generic,True
54281,Generic,True
54282,Generic,True
54283,Generic,True
54284,Generic,True
54285,Exploits,True
54286,DoS,True
54287,Generic,True
54288,Generic,True
54289,Generic,True
54290,Generic,True
54291,Generic,True
54292,Exploits,True
54293,Fuzzers,True
54294,DoS,True
54295,Generic,True
54296,Reconnaissance,True
54297,Generic,True
54298,Fuzzers,True
54299,Generic,True
54300,Exploits,True
54301,Generic,True
54302,Generic,True
54303,Fuzzers,True
54304,Generic,True
54305,Generic,True
54306,Fuzzers,True
54307,Reconnaissance,True
54308,Generic,True
54309,Generic,True
54310,Generic,True
54311,Fuzzers,True
54312,Generic,True
54313,Generic,True
54314,Exploits,True
54315,Fuzzers,True
54316,Exploits,True
54317,Fuzzers,True
54318,Generic,True
54319,Generic,True
54320,Reconnaissance,True
54321,Generic,True
54322,Generic,True
54323,Analysis,True
54324,Generic,True
54325,Exploits,True
54326,Generic,True
54327,Fuzzers,True
54328,Fuzzers,True
54329,Generic,True
54330,Backdoor,True
54331,Generic,True
54332,Generic,True
54333,Fuzzers,True
54334,Exploits,True
54335,Reconnaissance,True
54336,Fuzzers,True
54337,Generic,True
54338,Exploits,True
54339,Generic,True
54340,DoS,True
54341,Fuzzers,True
54342,Generic,True
54343,Exploits,True
54344,Generic,True
54345,DoS,True
54346,Fuzzers,True
54347,Exploits,True
54348,Exploits,True
54349,Fuzzers,True
54350,Generic,True
54351,Exploits,True
54352,Exploits,True
54353,Exploits,True
54354,Generic,True
54355,Generic,True
54356,Exploits,True
54357,Analysis,True
54358,Reconnaissance,True
54359,Generic,True
54360,Fuzzers,True
54361,Generic,True
54362,Exploits,True
54363,Generic,True
54364,Generic,True
54365,Backdoor,True
54366,Generic,True
54367,Generic,True
54368,Generic,True
54369,Generic,True
54370,Generic,True
54371,Generic,True
54372,Generic,True
54373,Generic,True
54374,Generic,True
54375,Generic,True
54376,Exploits,True
54377,Generic,True
54378,Generic,True
54379,Generic,True
54380,DoS,True
54381,Generic,True
54382,Generic,True
54383,Generic,True
54384,DoS,True
54385,Generic,True
54386,Generic,True
54387,Exploits,True
54388,Generic,True
54389,Generic,True
54390,Generic,True
54391,Generic,True
54392,Exploits,True
54393,Generic,True
54394,Exploits,True
54395,Fuzzers,True
54396,Generic,True
54397,Generic,True
54398,Fuzzers,True
54399,Generic,True
54400,Generic,True
54401,Fuzzers,True
54402,Reconnaissance,True
54403,Exploits,True
54404,Exploits,True
54405,Fuzzers,True
54406,Generic,True
54407,Fuzzers,True
54408,Exploits,True
54409,Fuzzers,True
54410,Generic,True
54411,Exploits,True
54412,Reconnaissance,True
54413,Generic,True
54414,Analysis,True
54415,Fuzzers,True
54416,Fuzzers,True
54417,Generic,True
54418,Generic,True
54419,Reconnaissance,True
54420,Generic,True
54421,Analysis,True
54422,Backdoor,True
54423,Exploits,True
54424,Exploits,True
54425,Fuzzers,True
54426,Backdoor,True
54427,Exploits,True
54428,Generic,True
54429,Fuzzers,True
54430,Generic,True
54431,Reconnaissance,True
54432,Exploits,True
54433,DoS,True
54434,Generic,True
54435,DoS,True
54436,Exploits,True
54437,Generic,True
54438,DoS,True
54439,Exploits,True
54440,Generic,True
54441,Exploits,True
54442,Generic,True
54443,Fuzzers,True
54444,Fuzzers,True
54445,Exploits,True
54446,Generic,True
54447,Fuzzers,True
54448,Generic,True
54449,Fuzzers,True
54450,Fuzzers,True
54451,Fuzzers,True
54452,Generic,True
54453,Fuzzers,True
54454,Generic,True
54455,Generic,True
54456,Fuzzers,True
54457,Analysis,True
54458,Fuzzers,True
54459,Exploits,True
54460,Generic,True
54461,Generic,True
54462,Generic,True
54463,Generic,True
54464,Fuzzers,True
54465,Generic,True
54466,Analysis,True
54467,Backdoor,True
54468,Fuzzers,True
54469,Generic,True
54470,Generic,True
54471,Exploits,True
54472,Generic,True
54473,Backdoor,True
54474,Generic,True
54475,Exploits,True
54476,Generic,True
54477,Generic,True
54478,Generic,True
54479,Generic,True
54480,Generic,True
54481,Generic,True
54482,Exploits,True
54483,DoS,True
54484,Generic,True
54485,Generic,True
54486,Generic,True
54487,Generic,True
54488,Generic,True
54489,DoS,True
54490,Exploits,True
54491,Exploits,True
54492,Generic,True
54493,Generic,True
54494,Generic,True
54495,Generic,True
54496,Fuzzers,True
54497,Generic,True
54498,Generic,True
54499,Generic,True
54500,Generic,True
54501,Generic,True
54502,Fuzzers,True
54503,Generic,True
54504,Generic,True
54505,Generic,True
54506,Generic,True
54507,Generic,True
54508,Generic,True
54509,Reconnaissance,True
54510,Generic,True
54511,Fuzzers,True
54512,Generic,True
54513,Generic,True
54514,Generic,True
54515,Generic,True
54516,Generic,True
54517,Generic,True
54518,Reconnaissance,True
54519,Exploits,True
54520,Generic,True
54521,Generic,True
54522,Generic,True
54523,Fuzzers,True
54524,Generic,True
54525,Fuzzers,True
54526,Generic,True
54527,Exploits,True
54528,Generic,True
54529,Generic,True
54530,Generic,True
54531,Generic,True
54532,Generic,True
54533,Exploits,True
54534,Generic,True
54535,Reconnaissance,True
54536,Backdoor,True
54537,Generic,True
54538,Reconnaissance,True
54539,Generic,True
54540,Exploits,True
54541,Exploits,True
54542,Generic,True
54543,Fuzzers,True
54544,Shellcode,True
54545,Fuzzers,True
54546,Generic,True
54547,Generic,True
54548,Exploits,True
54549,Reconnaissance,True
54550,Analysis,True
54551,Generic,True
54552,Fuzzers,True
54553,Analysis,True
54554,Fuzzers,True
54555,Generic,True
54556,Generic,True
54557,Exploits,True
54558,Backdoor,True
54559,Generic,True
54560,Exploits,True
54561,Analysis,True
54562,Backdoor,True
54563,Reconnaissance,True
54564,Generic,True
54565,Generic,True
54566,Exploits,True
54567,Generic,True
54568,Generic,True
54569,Backdoor,True
54570,Generic,True
54571,Exploits,True
54572,Generic,True
54573,Generic,True
54574,DoS,True
54575,Exploits,True
54576,Reconnaissance,True
54577,Exploits,True
54578,Generic,True
54579,Exploits,True
54580,DoS,True
54581,Generic,True
54582,Generic,True
54583,DoS,True
54584,Generic,True
54585,Generic,True
54586,Generic,True
54587,Fuzzers,True
54588,Exploits,True
54589,Exploits,True
54590,Generic,True
54591,Generic,True
54592,Generic,True
54593,Generic,True
54594,Fuzzers,True
54595,Generic,True
54596,Fuzzers,True
54597,Fuzzers,True
54598,Exploits,True
54599,Generic,True
54600,Generic,True
54601,Generic,True
54602,Generic,True
54603,Fuzzers,True
54604,Generic,True
54605,Generic,True
54606,Generic,True
54607,Generic,True
54608,Generic,True
54609,Generic,True
54610,Analysis,True
54611,Reconnaissance,True
54612,Generic,True
54613,Generic,True
54614,Generic,True
54615,Generic,True
54616,Generic,True
54617,Generic,True
54618,Generic,True
54619,Generic,True
54620,Backdoor,True
54621,DoS,True
54622,Generic,True
54623,Generic,True
54624,Generic,True
54625,Generic,True
54626,Generic,True
54627,Generic,True
54628,Exploits,True
54629,Generic,True
54630,Generic,True
54631,Generic,True
54632,Generic,True
54633,Generic,True
54634,DoS,True
54635,Generic,True
54636,DoS,True
54637,Generic,True
54638,Generic,True
54639,Generic,True
54640,Fuzzers,True
54641,Exploits,True
54642,Generic,True
54643,Exploits,True
54644,Generic,True
54645,Generic,True
54646,Fuzzers,True
54647,Exploits,True
54648,Analysis,True
54649,Generic,True
54650,Fuzzers,True
54651,Generic,True
54652,Generic,True
54653,Analysis,True
54654,Backdoor,True
54655,Exploits,True
54656,Generic,True
54657,Fuzzers,True
54658,Generic,True
54659,Generic,True
54660,Backdoor,True
54661,Generic,True
54662,Reconnaissance,True
54663,Exploits,True
54664,Generic,True
54665,Analysis,True
54666,Generic,True
54667,Generic,True
54668,Generic,True
54669,DoS,True
54670,Generic,True
54671,Generic,True
54672,Exploits,True
54673,Backdoor,True
54674,Generic,True
54675,Generic,True
54676,Exploits,True
54677,Generic,True
54678,Generic,True
54679,Generic,True
54680,Exploits,True
54681,DoS,True
54682,Generic,True
54683,Generic,True
54684,Fuzzers,True
54685,Generic,True
54686,Fuzzers,True
54687,DoS,True
54688,Exploits,True
54689,Generic,True
54690,Generic,True
54691,Generic,True
54692,Generic,True
54693,Generic,True
54694,Generic,True
54695,Exploits,True
54696,Fuzzers,True
54697,Generic,True
54698,Generic,True
54699,Generic,True
54700,Generic,True
54701,Generic,True
54702,Generic,True
54703,Fuzzers,True
54704,Generic,True
54705,Generic,True
54706,Generic,True
54707,Generic,True
54708,Generic,True
54709,Generic,True
54710,Fuzzers,True
54711,Generic,True
54712,Generic,True
54713,Generic,True
54714,Generic,True
54715,Generic,True
54716,Exploits,True
54717,Exploits,True
54718,Analysis,True
54719,Generic,True
54720,Generic,True
54721,Exploits,True
54722,Generic,True
54723,Generic,True
54724,Shellcode,True
54725,Fuzzers,True
54726,Generic,True
54727,Backdoor,True
54728,Generic,True
54729,Generic,True
54730,Generic,True
54731,Generic,True
54732,Fuzzers,True
54733,Generic,True
54734,Generic,True
54735,Exploits,True
54736,Exploits,True
54737,Generic,True
54738,Fuzzers,True
54739,Fuzzers,True
54740,Fuzzers,True
54741,DoS,True
54742,Generic,True
54743,Generic,True
54744,Analysis,True
54745,Generic,True
54746,Fuzzers,True
54747,Generic,True
54748,Generic,True
54749,Exploits,True
54750,Generic,True
54751,Backdoor,True
54752,Generic,True
54753,Fuzzers,True
54754,Generic,True
54755,Generic,True
54756,Generic,True
54757,Fuzzers,True
54758,Exploits,True
54759,Generic,True
54760,Generic,True
54761,Exploits,True
54762,Generic,True
54763,Generic,True
54764,Exploits,True
54765,Fuzzers,True
54766,Generic,True
54767,Exploits,True
54768,DoS,True
54769,Generic,True
54770,Generic,True
54771,Exploits,True
54772,Fuzzers,True
54773,Fuzzers,True
54774,Fuzzers,True
54775,Generic,True
54776,Exploits,True
54777,Generic,True
54778,Generic,True
54779,Exploits,True
54780,Generic,True
54781,DoS,True
54782,Fuzzers,True
54783,Generic,True
54784,Generic,True
54785,Generic,True
54786,Reconnaissance,True
54787,Generic,True
54788,Generic,True
54789,Fuzzers,True
54790,Analysis,True
54791,Generic,True
54792,Exploits,True
54793,Generic,True
54794,Generic,True
54795,Generic,True
54796,Generic,True
54797,Analysis,True
54798,Backdoor,True
54799,Exploits,True
54800,Generic,True
54801,Generic,True
54802,Backdoor,True
54803,Generic,True
54804,Generic,True
54805,Exploits,True
54806,Fuzzers,True
54807,Exploits,True
54808,Generic,True
54809,Generic,True
54810,Exploits,True
54811,Generic,True
54812,Fuzzers,True
54813,Generic,True
54814,Generic,True
54815,Generic,True
54816,Generic,True
54817,DoS,True
54818,Generic,True
54819,DoS,True
54820,Analysis,True
54821,Generic,True
54822,Reconnaissance,True
54823,Generic,True
54824,Generic,True
54825,Generic,True
54826,Exploits,True
54827,Backdoor,True
54828,Generic,True
54829,Generic,True
54830,Generic,True
54831,Generic,True
54832,Fuzzers,True
54833,Generic,True
54834,Generic,True
54835,Exploits,True
54836,Generic,True
54837,Generic,True
54838,Generic,True
54839,Generic,True
54840,Exploits,True
54841,Generic,True
54842,Generic,True
54843,Generic,True
54844,Generic,True
54845,DoS,True
54846,Generic,True
54847,Generic,True
54848,Fuzzers,True
54849,Generic,True
54850,Generic,True
54851,Exploits,True
54852,Generic,True
54853,Exploits,True
54854,Reconnaissance,True
54855,Generic,True
54856,Fuzzers,True
54857,Reconnaissance,True
54858,Generic,True
54859,Generic,True
54860,Generic,True
54861,Generic,True
54862,DoS,True
54863,Fuzzers,True
54864,Exploits,True
54865,Exploits,True
54866,Exploits,True
54867,Exploits,True
54868,Reconnaissance,True
54869,Exploits,True
54870,Fuzzers,True
54871,Exploits,True
54872,Exploits,True
54873,Generic,True
54874,Fuzzers,True
54875,Exploits,True
54876,Reconnaissance,True
54877,Analysis,True
54878,Exploits,True
54879,Generic,True
54880,Generic,True
54881,DoS,True
54882,Backdoor,True
54883,Generic,True
54884,Generic,True
54885,Exploits,True
54886,Fuzzers,True
54887,Generic,True
54888,Generic,True
54889,Fuzzers,True
54890,Generic,True
54891,Exploits,True
54892,Shellcode,True
54893,Reconnaissance,True
54894,Generic,True
54895,Fuzzers,True
54896,Generic,True
54897,Generic,True
54898,Generic,True
54899,DoS,True
54900,Generic,True
54901,Generic,True
54902,Analysis,True
54903,Generic,True
54904,Reconnaissance,True
54905,Generic,True
54906,Exploits,True
54907,Generic,True
54908,Generic,True
54909,Shellcode,True
54910,Backdoor,True
54911,Exploits,True
54912,Generic,True
54913,Fuzzers,True
54914,Exploits,True
54915,Reconnaissance,True
54916,Exploits,True
54917,Generic,True
54918,Exploits,True
54919,Fuzzers,True
54920,Generic,True
54921,DoS,True
54922,DoS,True
54923,Fuzzers,True
54924,Generic,True
54925,Exploits,True
54926,Shellcode,True
54927,Generic,True
54928,Exploits,True
54929,Exploits,True
54930,Analysis,True
54931,Fuzzers,True
54932,Generic,True
54933,Exploits,True
54934,Exploits,True
54935,Generic,True
54936,Exploits,True
54937,DoS,True
54938,Generic,True
54939,Fuzzers,True
54940,Reconnaissance,True
54941,Generic,True
54942,Fuzzers,True
54943,Exploits,True
54944,Generic,True
54945,Exploits,True
54946,Fuzzers,True
54947,Generic,True
54948,Fuzzers,True
54949,Generic,True
54950,Generic,True
54951,Generic,True
54952,Analysis,True
54953,Exploits,True
54954,Fuzzers,True
54955,Exploits,True
54956,Generic,True
54957,Reconnaissance,True
54958,Backdoor,True
54959,Generic,True
54960,Generic,True
54961,Generic,True
54962,Generic,True
54963,Generic,True
54964,Exploits,True
54965,Fuzzers,True
54966,Worms,True
54967,Generic,True
54968,Generic,True
54969,Generic,True
54970,Generic,True
54971,Generic,True
54972,Reconnaissance,True
54973,Fuzzers,True
54974,Generic,True
54975,Shellcode,True
54976,Generic,True
54977,Generic,True
54978,Generic,True
54979,Backdoor,True
54980,Fuzzers,True
54981,Generic,True
54982,Exploits,True
54983,Generic,True
54984,Generic,True
54985,Exploits,True
54986,Exploits,True
54987,Reconnaissance,True
54988,Generic,True
54989,Reconnaissance,True
54990,Generic,True
54991,Exploits,True
54992,Generic,True
54993,DoS,True
54994,Fuzzers,True
54995,Generic,True
54996,Exploits,True
54997,Exploits,True
54998,Exploits,True
54999,Exploits,True
55000,Exploits,True
55001,Generic,True
55002,Exploits,True
55003,DoS,True
55004,Reconnaissance,True
55005,Fuzzers,True
55006,Generic,True
55007,Exploits,True
55008,Exploits,True
55009,Generic,True
55010,Fuzzers,True
55011,Exploits,True
55012,Exploits,True
55013,Generic,True
55014,Generic,True
55015,Exploits,True
55016,Generic,True
55017,Exploits,True
55018,Fuzzers,True
55019,Generic,True
55020,Exploits,True
55021,Generic,True
55022,Exploits,True
55023,Generic,True
55024,Generic,True
55025,Exploits,True
55026,Exploits,True
55027,Fuzzers,True
55028,Fuzzers,True
55029,Generic,True
55030,DoS,True
55031,Fuzzers,True
55032,Exploits,True
55033,Analysis,True
55034,Generic,True
55035,Fuzzers,True
55036,Exploits,True
55037,Fuzzers,True
55038,Fuzzers,True
55039,Backdoor,True
55040,Shellcode,True
55041,Fuzzers,True
55042,Fuzzers,True
55043,Generic,True
55044,Analysis,True
55045,Exploits,True
55046,Generic,True
55047,Generic,True
55048,Backdoor,True
55049,Generic,True
55050,Generic,True
55051,DoS,True
55052,Exploits,True
55053,Generic,True
55054,Exploits,True
55055,Generic,True
55056,Exploits,True
55057,DoS,True
55058,Generic,True
55059,Fuzzers,True
55060,Fuzzers,True
55061,Exploits,True
55062,Exploits,True
55063,Fuzzers,True
55064,Fuzzers,True
55065,Reconnaissance,True
55066,Fuzzers,True
55067,Fuzzers,True
55068,Reconnaissance,True
55069,Analysis,True
55070,Exploits,True
55071,Analysis,True
55072,Backdoor,True
55073,Exploits,True
55074,Backdoor,True
55075,Exploits,True
55076,Exploits,True
55077,Reconnaissance,True
55078,DoS,True
55079,Exploits,True
55080,Reconnaissance,True
55081,Generic,True
55082,Exploits,True
55083,DoS,True
55084,Exploits,True
55085,Generic,True
55086,Fuzzers,True
55087,Generic,True
55088,Generic,True
55089,Reconnaissance,True
55090,Reconnaissance,True
55091,Generic,True
55092,Generic,True
55093,Generic,True
55094,Generic,True
55095,Generic,True
55096,Exploits,True
55097,Exploits,True
55098,Exploits,True
55099,Fuzzers,True
55100,Exploits,True
55101,Generic,True
55102,DoS,True
55103,Reconnaissance,True
55104,Generic,True
55105,Generic,True
55106,Exploits,True
55107,Exploits,True
55108,Generic,True
55109,Exploits,True
55110,Exploits,True
55111,Generic,True
55112,Generic,True
55113,Fuzzers,True
55114,Generic,True
55115,Generic,True
55116,Generic,True
55117,Fuzzers,True
55118,Generic,True
55119,Fuzzers,True
55120,Generic,True
55121,Analysis,True
55122,Generic,True
55123,Exploits,True
55124,Backdoor,True
55125,Analysis,True
55126,Exploits,True
55127,Reconnaissance,True
55128,Backdoor,True
55129,Exploits,True
55130,Fuzzers,True
55131,Fuzzers,True
55132,Exploits,True
55133,Fuzzers,True
55134,DoS,True
55135,DoS,True
55136,Exploits,True
55137,Exploits,True
55138,Exploits,True
55139,Exploits,True
55140,Fuzzers,True
55141,Fuzzers,True
55142,Fuzzers,True
55143,Fuzzers,True
55144,Fuzzers,True
55145,Fuzzers,True
55146,Fuzzers,True
55147,Exploits,True
55148,Analysis,True
55149,Generic,True
55150,Analysis,True
55151,Backdoor,True
55152,Generic,True
55153,Backdoor,True
55154,Generic,True
55155,Generic,True
55156,Generic,True
55157,Exploits,True
55158,Generic,True
55159,Generic,True
55160,Generic,True
55161,DoS,True
55162,Generic,True
55163,Exploits,True
55164,Generic,True
55165,Fuzzers,True
55166,Generic,True
55167,Fuzzers,True
55168,Analysis,True
55169,Generic,True
55170,Exploits,True
55171,Generic,True
55172,Backdoor,True
55173,Generic,True
55174,DoS,True
55175,Exploits,True
55176,Exploits,True
55177,Exploits,True
55178,Generic,True
55179,DoS,True
55180,Generic,True
55181,Fuzzers,True
55182,Generic,True
55183,Exploits,True
55184,Exploits,True
55185,Fuzzers,True
55186,Generic,True
55187,Generic,True
55188,Analysis,True
55189,Fuzzers,True
55190,Generic,True
55191,Backdoor,True
55192,Generic,True
55193,Fuzzers,True
55194,Generic,True
55195,Generic,True
55196,Analysis,True
55197,Exploits,True
55198,Generic,True
55199,DoS,True
55200,Backdoor,True
55201,Generic,True
55202,Exploits,True
55203,Generic,True
55204,Exploits,True
55205,Generic,True
55206,Generic,True
55207,Generic,True
55208,Fuzzers,True
55209,Generic,True
55210,Reconnaissance,True
55211,Fuzzers,True
55212,Generic,True
55213,Fuzzers,True
55214,Fuzzers,True
55215,Fuzzers,True
55216,Generic,True
55217,Generic,True
55218,Generic,True
55219,Fuzzers,True
55220,Generic,True
55221,Fuzzers,True
55222,Generic,True
55223,Generic,True
55224,Generic,True
55225,Generic,True
55226,DoS,True
55227,Reconnaissance,True
55228,Generic,True
55229,Reconnaissance,True
55230,Generic,True
55231,Reconnaissance,True
55232,Generic,True
55233,Exploits,True
55234,Generic,True
55235,Generic,True
55236,Generic,True
55237,DoS,True
55238,Generic,True
55239,Exploits,True
55240,Generic,True
55241,Generic,True
55242,Exploits,True
55243,Analysis,True
55244,Generic,True
55245,Fuzzers,True
55246,Backdoor,True
55247,Shellcode,True
55248,Exploits,True
55249,Fuzzers,True
55250,Exploits,True
55251,Reconnaissance,True
55252,Generic,True
55253,Analysis,True
55254,Fuzzers,True
55255,DoS,True
55256,Generic,True
55257,Generic,True
55258,Backdoor,True
55259,Exploits,True
55260,Generic,True
55261,Generic,True
55262,Generic,True
55263,Exploits,True
55264,Exploits,True
55265,Fuzzers,True
55266,Generic,True
55267,Generic,True
55268,DoS,True
55269,Fuzzers,True
55270,Fuzzers,True
55271,Generic,True
55272,Exploits,True
55273,Fuzzers,True
55274,Fuzzers,True
55275,Exploits,True
55276,Fuzzers,True
55277,Exploits,True
55278,Fuzzers,True
55279,Exploits,True
55280,Fuzzers,True
55281,Fuzzers,True
55282,Reconnaissance,True
55283,Generic,True
55284,Generic,True
55285,Fuzzers,True
55286,Fuzzers,True
55287,Generic,True
55288,Reconnaissance,True
55289,Generic,True
55290,Generic,True
55291,Fuzzers,True
55292,Generic,True
55293,Exploits,True
55294,Generic,True
55295,Generic,True
55296,Fuzzers,True
55297,Generic,True
55298,Generic,True
55299,DoS,True
55300,Generic,True
55301,Generic,True
55302,Generic,True
55303,Exploits,True
55304,Generic,True
55305,Generic,True
55306,Generic,True
55307,Generic,True
55308,Generic,True
55309,Generic,True
55310,Generic,True
55311,Generic,True
55312,Generic,True
55313,Generic,True
55314,Generic,True
55315,Generic,True
55316,Fuzzers,True
55317,Fuzzers,True
55318,Generic,True
55319,Generic,True
55320,Generic,True
55321,Analysis,True
55322,Fuzzers,True
55323,Reconnaissance,True
55324,Generic,True
55325,Generic,True
55326,Generic,True
55327,Fuzzers,True
55328,Backdoor,True
55329,Fuzzers,True
55330,Fuzzers,True
55331,Generic,True
55332,Generic,True
55333,Exploits,True
55334,Generic,True
55335,Reconnaissance,True
55336,Exploits,True
55337,Worms,True
55338,Generic,True
55339,Fuzzers,True
55340,Fuzzers,True
55341,Exploits,True
55342,DoS,True
55343,Fuzzers,True
55344,Reconnaissance,True
55345,Generic,True
55346,Exploits,True
55347,Shellcode,True
55348,Fuzzers,True
55349,Exploits,True
55350,Generic,True
55351,Generic,True
55352,Fuzzers,True
55353,Fuzzers,True
55354,Generic,True
55355,Fuzzers,True
55356,Fuzzers,True
55357,Generic,True
55358,Generic,True
55359,Generic,True
55360,Analysis,True
55361,Generic,True
55362,Fuzzers,True
55363,Reconnaissance,True
55364,Generic,True
55365,Generic,True
55366,Backdoor,True
55367,Generic,True
55368,Generic,True
55369,Analysis,True
55370,Generic,True
55371,Generic,True
55372,Generic,True
55373,Exploits,True
55374,Generic,True
55375,Generic,True
55376,Backdoor,True
55377,DoS,True
55378,Generic,True
55379,Generic,True
55380,Generic,True
55381,Fuzzers,True
55382,Exploits,True
55383,Generic,True
55384,Exploits,True
55385,Exploits,True
55386,Generic,True
55387,Generic,True
55388,Fuzzers,True
55389,Exploits,True
55390,DoS,True
55391,Generic,True
55392,Fuzzers,True
55393,Generic,True
55394,Generic,True
55395,Backdoor,True
55396,Exploits,True
55397,Fuzzers,True
55398,Generic,True
55399,Generic,True
55400,Generic,True
55401,Fuzzers,True
55402,Shellcode,True
55403,Fuzzers,True
55404,Generic,True
55405,Generic,True
55406,Fuzzers,True
55407,Fuzzers,True
55408,Exploits,True
55409,Fuzzers,True
55410,Fuzzers,True
55411,Generic,True
55412,DoS,True
55413,Fuzzers,True
55414,Analysis,True
55415,Fuzzers,True
55416,Generic,True
55417,Reconnaissance,True
55418,Reconnaissance,True
55419,Generic,True
55420,Generic,True
55421,Backdoor,True
55422,Reconnaissance,True
55423,Generic,True
55424,Reconnaissance,True
55425,Generic,True
55426,Generic,True
55427,Generic,True
55428,Generic,True
55429,Exploits,True
55430,Generic,True
55431,Generic,True
55432,Generic,True
55433,Exploits,True
55434,Generic,True
55435,DoS,True
55436,Generic,True
55437,Reconnaissance,True
55438,Generic,True
55439,Exploits,True
55440,Exploits,True
55441,Generic,True
55442,Generic,True
55443,Generic,True
55444,Generic,True
55445,Generic,True
55446,Fuzzers,True
55447,Fuzzers,True
55448,Fuzzers,True
55449,Exploits,True
55450,Fuzzers,True
55451,Generic,True
55452,Exploits,True
55453,DoS,True
55454,Generic,True
55455,Fuzzers,True
55456,Exploits,True
55457,Reconnaissance,True
55458,Generic,True
55459,Fuzzers,True
55460,Exploits,True
55461,Generic,True
55462,Analysis,True
55463,Generic,True
55464,Reconnaissance,True
55465,Generic,True
55466,Generic,True
55467,Generic,True
55468,Backdoor,True
55469,Generic,True
55470,Generic,True
55471,Generic,True
55472,Generic,True
55473,Generic,True
55474,Generic,True
55475,Exploits,True
55476,Exploits,True
55477,Generic,True
55478,Generic,True
55479,Generic,True
55480,Generic,True
55481,Generic,True
55482,Generic,True
55483,DoS,True
55484,Generic,True
55485,Generic,True
55486,Generic,True
55487,Generic,True
55488,Generic,True
55489,Generic,True
55490,Exploits,True
55491,Generic,True
55492,Generic,True
55493,Generic,True
55494,Generic,True
55495,Generic,True
55496,Generic,True
55497,Fuzzers,True
55498,Generic,True
55499,Generic,True
55500,Generic,True
55501,Fuzzers,True
55502,Fuzzers,True
55503,Generic,True
55504,Generic,True
55505,Generic,True
55506,Generic,True
55507,Fuzzers,True
55508,Generic,True
55509,Generic,True
55510,Analysis,True
55511,Exploits,True
55512,Generic,True
55513,Analysis,True
55514,Backdoor,True
55515,Generic,True
55516,Generic,True
55517,Generic,True
55518,Fuzzers,True
55519,Backdoor,True
55520,Exploits,True
55521,Generic,True
55522,Exploits,True
55523,Generic,True
55524,DoS,True
55525,DoS,True
55526,Fuzzers,True
55527,Generic,True
55528,Exploits,True
55529,Exploits,True
55530,Generic,True
55531,Fuzzers,True
55532,Fuzzers,True
55533,Generic,True
55534,Fuzzers,True
55535,Analysis,True
55536,Generic,True
55537,Generic,True
55538,Backdoor,True
55539,Fuzzers,True
55540,Generic,True
55541,Generic,True
55542,Exploits,True
55543,Generic,True
55544,Analysis,True
55545,DoS,True
55546,Generic,True
55547,Generic,True
55548,Exploits,True
55549,Generic,True
55550,Backdoor,True
55551,Fuzzers,True
55552,Generic,True
55553,Generic,True
55554,Generic,True
55555,Fuzzers,True
55556,Exploits,True
55557,Exploits,True
55558,Analysis,True
55559,Fuzzers,True
55560,Exploits,True
55561,DoS,True
55562,Backdoor,True
55563,Generic,True
55564,Shellcode,True
55565,Exploits,True
55566,Generic,True
55567,Exploits,True
55568,DoS,True
55569,Reconnaissance,True
55570,Reconnaissance,True
55571,Exploits,True
55572,Fuzzers,True
55573,Exploits,True
55574,Fuzzers,True
55575,Fuzzers,True
55576,Fuzzers,True
55577,Fuzzers,True
55578,Shellcode,True
55579,Fuzzers,True
55580,Analysis,True
55581,Generic,True
55582,Fuzzers,True
55583,Analysis,True
55584,Generic,True
55585,Backdoor,True
55586,Generic,True
55587,Exploits,True
55588,Exploits,True
55589,Backdoor,True
55590,Generic,True
55591,Generic,True
55592,DoS,True
55593,Generic,True
55594,Exploits,True
55595,Fuzzers,True
55596,Generic,True
55597,Generic,True
55598,Generic,True
55599,Generic,True
55600,Generic,True
55601,DoS,True
55602,Exploits,True
55603,Reconnaissance,True
55604,Fuzzers,True
55605,Generic,True
55606,Exploits,True
55607,Generic,True
55608,Generic,True
55609,Fuzzers,True
55610,Exploits,True
55611,Fuzzers,True
55612,Fuzzers,True
55613,Generic,True
55614,Fuzzers,True
55615,Generic,True
55616,Fuzzers,True
55617,Reconnaissance,True
55618,Shellcode,True
55619,Exploits,True
55620,Analysis,True
55621,Generic,True
55622,Fuzzers,True
55623,Fuzzers,True
55624,Fuzzers,True
55625,Backdoor,True
55626,Reconnaissance,True
55627,Analysis,True
55628,Exploits,True
55629,Generic,True
55630,Fuzzers,True
55631,Reconnaissance,True
55632,DoS,True
55633,Generic,True
55634,Backdoor,True
55635,Fuzzers,True
55636,Exploits,True
55637,Generic,True
55638,Exploits,True
55639,Fuzzers,True
55640,Generic,True
55641,Fuzzers,True
55642,DoS,True
55643,Generic,True
55644,Fuzzers,True
55645,Exploits,True
55646,Generic,True
55647,Analysis,True
55648,Exploits,True
55649,Generic,True
55650,Backdoor,True
55651,Generic,True
55652,Exploits,True
55653,DoS,True
55654,Fuzzers,True
55655,Generic,True
55656,DoS,True
55657,Generic,True
55658,Generic,True
55659,Fuzzers,True
55660,Generic,True
55661,Exploits,True
55662,Generic,True
55663,Fuzzers,True
55664,Generic,True
55665,Analysis,True
55666,Fuzzers,True
55667,Generic,True
55668,Generic,True
55669,Analysis,True
55670,Generic,True
55671,Backdoor,True
55672,Backdoor,True
55673,DoS,True
55674,Generic,True
55675,Exploits,True
55676,Fuzzers,True
55677,Generic,True
55678,Reconnaissance,True
55679,Exploits,True
55680,Exploits,True
55681,Reconnaissance,True
55682,Generic,True
55683,Exploits,True
55684,Reconnaissance,True
55685,Exploits,True
55686,DoS,True
55687,Generic,True
55688,Generic,True
55689,Generic,True
55690,Reconnaissance,True
55691,Exploits,True
55692,Generic,True
55693,DoS,True
55694,Generic,True
55695,Generic,True
55696,Exploits,True
55697,Fuzzers,True
55698,Generic,True
55699,Fuzzers,True
55700,Generic,True
55701,Generic,True
55702,Fuzzers,True
55703,Generic,True
55704,Fuzzers,True
55705,Analysis,True
55706,Fuzzers,True
55707,Fuzzers,True
55708,Exploits,True
55709,Backdoor,True
55710,Exploits,True
55711,Fuzzers,True
55712,Reconnaissance,True
55713,Exploits,True
55714,Fuzzers,True
55715,Exploits,True
55716,Shellcode,True
55717,Exploits,True
55718,Fuzzers,True
55719,Generic,True
55720,DoS,True
55721,Reconnaissance,True
55722,Fuzzers,True
55723,Reconnaissance,True
55724,Reconnaissance,True
55725,Exploits,True
55726,Fuzzers,True
55727,Generic,True
55728,Exploits,True
55729,Fuzzers,True
55730,Exploits,True
55731,Fuzzers,True
55732,Generic,True
55733,Generic,True
55734,Generic,True
55735,Exploits,True
55736,Fuzzers,True
55737,Generic,True
55738,Generic,True
55739,Analysis,True
55740,Fuzzers,True
55741,Generic,True
55742,Generic,True
55743,Exploits,True
55744,Generic,True
55745,Fuzzers,True
55746,Backdoor,True
55747,Generic,True
55748,Reconnaissance,True
55749,Generic,True
55750,Exploits,True
55751,Fuzzers,True
55752,Fuzzers,True
55753,Fuzzers,True
55754,Generic,True
55755,DoS,True
55756,Exploits,True
55757,Exploits,True
55758,Shellcode,True
55759,Exploits,True
55760,Generic,True
55761,Exploits,True
55762,Exploits,True
55763,Exploits,True
55764,Exploits,True
55765,Fuzzers,True
55766,Fuzzers,True
55767,Generic,True
55768,Generic,True
55769,Fuzzers,True
55770,Fuzzers,True
55771,Generic,True
55772,Fuzzers,True
55773,Generic,True
55774,Generic,True
55775,Fuzzers,True
55776,Exploits,True
55777,Generic,True
55778,Exploits,True
55779,Reconnaissance,True
55780,Analysis,True
55781,Shellcode,True
55782,Generic,True
55783,Reconnaissance,True
55784,Fuzzers,True
55785,Exploits,True
55786,Backdoor,True
55787,Fuzzers,True
55788,Exploits,True
55789,Generic,True
55790,Fuzzers,True
55791,Reconnaissance,True
55792,Exploits,True
55793,Generic,True
55794,Exploits,True
55795,Generic,True
55796,Generic,True
55797,DoS,True
55798,Reconnaissance,True
55799,Generic,True
55800,Generic,True
55801,Exploits,True
55802,Generic,True
55803,Exploits,True
55804,Generic,True
55805,Generic,True
55806,Fuzzers,True
55807,Generic,True
55808,Fuzzers,True
55809,DoS,True
55810,Generic,True
55811,Generic,True
55812,Generic,True
55813,Exploits,True
55814,Generic,True
55815,Fuzzers,True
55816,Generic,True
55817,Generic,True
55818,Exploits,True
55819,Fuzzers,True
55820,Fuzzers,True
55821,Generic,True
55822,Analysis,True
55823,Fuzzers,True
55824,Generic,True
55825,Backdoor,True
55826,Analysis,True
55827,Generic,True
55828,Exploits,True
55829,Backdoor,True
55830,Generic,True
55831,Shellcode,True
55832,Exploits,True
55833,Generic,True
55834,Exploits,True
55835,DoS,True
55836,Fuzzers,True
55837,Generic,True
55838,Exploits,True
55839,Fuzzers,True
55840,Fuzzers,True
55841,Fuzzers,True
55842,Exploits,True
55843,Generic,True
55844,Fuzzers,True
55845,Fuzzers,True
55846,Exploits,True
55847,Generic,True
55848,Generic,True
55849,Exploits,True
55850,Analysis,True
55851,Generic,True
55852,Reconnaissance,True
55853,Generic,True
55854,Fuzzers,True
55855,Backdoor,True
55856,Generic,True
55857,Exploits,True
55858,Fuzzers,True
55859,Generic,True
55860,Generic,True
55861,Exploits,True
55862,Generic,True
55863,Generic,True
55864,Generic,True
55865,Generic,True
55866,DoS,True
55867,Generic,True
55868,Generic,True
55869,Generic,True
55870,Reconnaissance,True
55871,Generic,True
55872,Exploits,True
55873,Generic,True
55874,Exploits,True
55875,Exploits,True
55876,Generic,True
55877,Fuzzers,True
55878,Fuzzers,True
55879,Fuzzers,True
55880,Exploits,True
55881,Fuzzers,True
55882,Analysis,True
55883,Exploits,True
55884,Backdoor,True
55885,Analysis,True
55886,Reconnaissance,True
55887,Exploits,True
55888,Fuzzers,True
55889,Generic,True
55890,Backdoor,True
55891,Generic,True
55892,Reconnaissance,True
55893,Exploits,True
55894,Fuzzers,True
55895,Generic,True
55896,Exploits,True
55897,DoS,True
55898,Generic,True
55899,Fuzzers,True
55900,Exploits,True
55901,Generic,True
55902,Generic,True
55903,Reconnaissance,True
55904,Generic,True
55905,Exploits,True
55906,Reconnaissance,True
55907,Generic,True
55908,Exploits,True
55909,Exploits,True
55910,Fuzzers,True
55911,Exploits,True
55912,Generic,True
55913,Exploits,True
55914,Reconnaissance,True
55915,Exploits,True
55916,Generic,True
55917,Generic,True
55918,Reconnaissance,True
55919,Reconnaissance,True
55920,Fuzzers,True
55921,Generic,True
55922,Generic,True
55923,Generic,True
55924,Exploits,True
55925,Generic,True
55926,Exploits,True
55927,Fuzzers,True
55928,DoS,True
55929,Generic,True
55930,Exploits,True
55931,Generic,True
55932,Generic,True
55933,Analysis,True
55934,Fuzzers,True
55935,Generic,True
55936,Generic,True
55937,Fuzzers,True
55938,Generic,True
55939,Backdoor,True
55940,Analysis,True
55941,Exploits,True
55942,Generic,True
55943,Generic,True
55944,Fuzzers,True
55945,Exploits,True
55946,Generic,True
55947,Fuzzers,True
55948,Generic,True
55949,DoS,True
55950,DoS,True
55951,Generic,True
55952,Generic,True
55953,Reconnaissance,True
55954,Exploits,True
55955,Generic,True
55956,Generic,True
55957,Generic,True
55958,Fuzzers,True
55959,Generic,True
55960,Exploits,True
55961,Generic,True
55962,Generic,True
55963,Generic,True
55964,Backdoor,True
55965,Fuzzers,True
55966,Generic,True
55967,Exploits,True
55968,Exploits,True
55969,Generic,True
55970,Exploits,True
55971,Fuzzers,True
55972,Reconnaissance,True
55973,DoS,True
55974,Generic,True
55975,Exploits,True
55976,Exploits,True
55977,DoS,True
55978,Fuzzers,True
55979,Generic,True
55980,Fuzzers,True
55981,Exploits,True
55982,Generic,True
55983,Analysis,True
55984,Fuzzers,True
55985,Fuzzers,True
55986,Generic,True
55987,Generic,True
55988,Fuzzers,True
55989,Backdoor,True
55990,Exploits,True
55991,Generic,True
55992,Analysis,True
55993,Exploits,True
55994,Generic,True
55995,Fuzzers,True
55996,Exploits,True
55997,Backdoor,True
55998,Generic,True
55999,Generic,True
56000,Generic,True
56001,Fuzzers,True
56002,DoS,True
56003,Generic,True
56004,Generic,True
56005,Generic,True
56006,Generic,True
56007,Generic,True
56008,Exploits,True
56009,Generic,True
56010,Generic,True
56011,Fuzzers,True
56012,Generic,True
56013,Exploits,True
56014,Generic,True
56015,Generic,True
56016,Generic,True
56017,Fuzzers,True
56018,Generic,True
56019,Generic,True
56020,Exploits,True
56021,Fuzzers,True
56022,Generic,True
56023,Analysis,True
56024,Generic,True
56025,Exploits,True
56026,Generic,True
56027,Fuzzers,True
56028,Generic,True
56029,Generic,True
56030,Generic,True
56031,Backdoor,True
56032,Generic,True
56033,Generic,True
56034,Reconnaissance,True
56035,Generic,True
56036,Generic,True
56037,Exploits,True
56038,Exploits,True
56039,Generic,True
56040,Generic,True
56041,Generic,True
56042,Reconnaissance,True
56043,DoS,True
56044,DoS,True
56045,Exploits,True
56046,Exploits,True
56047,Fuzzers,True
56048,Exploits,True
56049,Exploits,True
56050,Exploits,True
56051,Generic,True
56052,Exploits,True
56053,Fuzzers,True
56054,Exploits,True
56055,Fuzzers,True
56056,Exploits,True
56057,DoS,True
56058,Fuzzers,True
56059,Analysis,True
56060,Reconnaissance,True
56061,Fuzzers,True
56062,Generic,True
56063,Reconnaissance,True
56064,Fuzzers,True
56065,Generic,True
56066,Backdoor,True
56067,Reconnaissance,True
56068,Generic,True
56069,Analysis,True
56070,Backdoor,True
56071,Exploits,True
56072,Generic,True
56073,Generic,True
56074,Analysis,True
56075,Generic,True
56076,Generic,True
56077,Backdoor,True
56078,DoS,True
56079,Generic,True
56080,Generic,True
56081,Exploits,True
56082,Generic,True
56083,Reconnaissance,True
56084,DoS,True
56085,Generic,True
56086,Exploits,True
56087,Generic,True
56088,Exploits,True
56089,Exploits,True
56090,Generic,True
56091,Generic,True
56092,Fuzzers,True
56093,Exploits,True
56094,Generic,True
56095,Exploits,True
56096,Generic,True
56097,Generic,True
56098,Generic,True
56099,Generic,True
56100,Exploits,True
56101,Exploits,True
56102,Exploits,True
56103,Fuzzers,True
56104,Generic,True
56105,DoS,True
56106,DoS,True
56107,Exploits,True
56108,Exploits,True
56109,Backdoor,True
56110,Generic,True
56111,Fuzzers,True
56112,Fuzzers,True
56113,Fuzzers,True
56114,Reconnaissance,True
56115,Exploits,True
56116,Fuzzers,True
56117,Generic,True
56118,Reconnaissance,True
56119,Exploits,True
56120,Analysis,True
56121,DoS,True
56122,Reconnaissance,True
56123,Exploits,True
56124,Generic,True
56125,Exploits,True
56126,Exploits,True
56127,Exploits,True
56128,Exploits,True
56129,Reconnaissance,True
56130,Exploits,True
56131,Shellcode,True
56132,Generic,True
56133,Fuzzers,True
56134,Generic,True
56135,Fuzzers,True
56136,Generic,True
56137,Generic,True
56138,Reconnaissance,True
56139,Generic,True
56140,Fuzzers,True
56141,Generic,True
56142,Fuzzers,True
56143,Generic,True
56144,Backdoor,True
56145,Fuzzers,True
56146,Analysis,True
56147,Generic,True
56148,Exploits,True
56149,Generic,True
56150,Generic,True
56151,DoS,True
56152,Fuzzers,True
56153,Backdoor,True
56154,Generic,True
56155,Exploits,True
56156,Fuzzers,True
56157,Generic,True
56158,Exploits,True
56159,Fuzzers,True
56160,Analysis,True
56161,Generic,True
56162,Fuzzers,True
56163,Backdoor,True
56164,DoS,True
56165,Generic,True
56166,Generic,True
56167,Exploits,True
56168,Exploits,True
56169,Generic,True
56170,DoS,True
56171,Exploits,True
56172,Generic,True
56173,Fuzzers,True
56174,Exploits,True
56175,Generic,True
56176,Fuzzers,True
56177,Generic,True
56178,Generic,True
56179,Fuzzers,True
56180,Generic,True
56181,DoS,True
56182,Generic,True
56183,Generic,True
56184,Generic,True
56185,Generic,True
56186,Analysis,True
56187,Generic,True
56188,Generic,True
56189,Generic,True
56190,Generic,True
56191,Backdoor,True
56192,Generic,True
56193,Fuzzers,True
56194,Generic,True
56195,Generic,True
56196,Exploits,True
56197,Generic,True
56198,Generic,True
56199,Generic,True
56200,Generic,True
56201,Generic,True
56202,Generic,True
56203,Analysis,True
56204,Generic,True
56205,Generic,True
56206,Backdoor,True
56207,Generic,True
56208,Generic,True
56209,Exploits,True
56210,Generic,True
56211,Fuzzers,True
56212,DoS,True
56213,Generic,True
56214,Generic,True
56215,Generic,True
56216,Exploits,True
56217,Analysis,True
56218,Fuzzers,True
56219,Fuzzers,True
56220,Generic,True
56221,Generic,True
56222,Exploits,True
56223,Generic,True
56224,Backdoor,True
56225,Generic,True
56226,Generic,True
56227,Generic,True
56228,Fuzzers,True
56229,Exploits,True
56230,Generic,True
56231,Reconnaissance,True
56232,Generic,True
56233,Generic,True
56234,Generic,True
56235,Fuzzers,True
56236,DoS,True
56237,Generic,True
56238,Fuzzers,True
56239,Generic,True
56240,Generic,True
56241,Fuzzers,True
56242,Exploits,True
56243,Generic,True
56244,Generic,True
56245,Fuzzers,True
56246,Generic,True
56247,Fuzzers,True
56248,Reconnaissance,True
56249,Fuzzers,True
56250,Generic,True
56251,Generic,True
56252,Fuzzers,True
56253,Analysis,True
56254,Generic,True
56255,Generic,True
56256,Generic,True
56257,Backdoor,True
56258,Analysis,True
56259,Generic,True
56260,Generic,True
56261,Exploits,True
56262,Generic,True
56263,Generic,True
56264,Backdoor,True
56265,DoS,True
56266,Fuzzers,True
56267,Generic,True
56268,Generic,True
56269,Analysis,True
56270,Generic,True
56271,Exploits,True
56272,Generic,True
56273,Backdoor,True
56274,Generic,True
56275,DoS,True
56276,Generic,True
56277,Exploits,True
56278,Generic,True
56279,Generic,True
56280,DoS,True
56281,Generic,True
56282,Fuzzers,True
56283,Generic,True
56284,Exploits,True
56285,Generic,True
56286,Generic,True
56287,Generic,True
56288,Generic,True
56289,Exploits,True
56290,Generic,True
56291,Generic,True
56292,Fuzzers,True
56293,Generic,True
56294,Generic,True
56295,Fuzzers,True
56296,Fuzzers,True
56297,Generic,True
56298,Generic,True
56299,Analysis,True
56300,Generic,True
56301,Generic,True
56302,Backdoor,True
56303,Generic,True
56304,Fuzzers,True
56305,Generic,True
56306,Exploits,True
56307,Generic,True
56308,Fuzzers,True
56309,Generic,True
56310,Generic,True
56311,Generic,True
56312,Generic,True
56313,Fuzzers,True
56314,Fuzzers,True
56315,Generic,True
56316,Generic,True
56317,Analysis,True
56318,Generic,True
56319,Generic,True
56320,Backdoor,True
56321,Exploits,True
56322,Exploits,True
56323,Generic,True
56324,Exploits,True
56325,Generic,True
56326,DoS,True
56327,DoS,True
56328,Exploits,True
56329,Reconnaissance,True
56330,Generic,True
56331,Fuzzers,True
56332,Exploits,True
56333,Generic,True
56334,Exploits,True
56335,Generic,True
56336,Fuzzers,True
56337,Generic,True
56338,Fuzzers,True
56339,Exploits,True
56340,Generic,True
56341,Generic,True
56342,Exploits,True
56343,Generic,True
56344,Analysis,True
56345,Fuzzers,True
56346,Generic,True
56347,Generic,True
56348,Generic,True
56349,Reconnaissance,True
56350,Generic,True
56351,Backdoor,True
56352,Analysis,True
56353,DoS,True
56354,Fuzzers,True
56355,Generic,True
56356,Exploits,True
56357,Exploits,True
56358,Fuzzers,True
56359,Generic,True
56360,Backdoor,True
56361,Fuzzers,True
56362,Fuzzers,True
56363,Generic,True
56364,Exploits,True
56365,Analysis,True
56366,Generic,True
56367,Generic,True
56368,Generic,True
56369,Backdoor,True
56370,Generic,True
56371,Exploits,True
56372,Generic,True
56373,Exploits,True
56374,Exploits,True
56375,Fuzzers,True
56376,Generic,True
56377,Fuzzers,True
56378,Exploits,True
56379,Exploits,True
56380,Generic,True
56381,Generic,True
56382,Fuzzers,True
56383,Fuzzers,True
56384,DoS,True
56385,Fuzzers,True
56386,Fuzzers,True
56387,Generic,True
56388,Generic,True
56389,Reconnaissance,True
56390,Exploits,True
56391,Exploits,True
56392,Fuzzers,True
56393,DoS,True
56394,Generic,True
56395,Generic,True
56396,Fuzzers,True
56397,Generic,True
56398,Exploits,True
56399,Generic,True
56400,Fuzzers,True
56401,Generic,True
56402,Generic,True
56403,Generic,True
56404,Generic,True
56405,Fuzzers,True
56406,Generic,True
56407,Generic,True
56408,Analysis,True
56409,Generic,True
56410,Generic,True
56411,Backdoor,True
56412,Generic,True
56413,Fuzzers,True
56414,Generic,True
56415,Exploits,True
56416,Generic,True
56417,DoS,True
56418,Generic,True
56419,Generic,True
56420,Fuzzers,True
56421,Generic,True
56422,Fuzzers,True
56423,Generic,True
56424,Exploits,True
56425,Fuzzers,True
56426,Fuzzers,True
56427,Fuzzers,True
56428,Generic,True
56429,Analysis,True
56430,Generic,True
56431,Generic,True
56432,Exploits,True
56433,Backdoor,True
56434,Generic,True
56435,DoS,True
56436,Exploits,True
56437,Generic,True
56438,Reconnaissance,True
56439,Fuzzers,True
56440,DoS,True
56441,Exploits,True
56442,Fuzzers,True
56443,Exploits,True
56444,Generic,True
56445,Fuzzers,True
56446,Fuzzers,True
56447,Fuzzers,True
56448,Fuzzers,True
56449,Fuzzers,True
56450,Generic,True
56451,Generic,True
56452,Reconnaissance,True
56453,Reconnaissance,True
56454,Generic,True
56455,Fuzzers,True
56456,Generic,True
56457,Generic,True
56458,Generic,True
56459,Analysis,True
56460,Generic,True
56461,Generic,True
56462,Generic,True
56463,Generic,True
56464,Generic,True
56465,Backdoor,True
56466,Generic,True
56467,Generic,True
56468,Generic,True
56469,Generic,True
56470,Generic,True
56471,Generic,True
56472,Generic,True
56473,Generic,True
56474,Exploits,True
56475,Generic,True
56476,Generic,True
56477,Generic,True
56478,Generic,True
56479,Generic,True
56480,Exploits,True
56481,DoS,True
56482,Generic,True
56483,Reconnaissance,True
56484,Generic,True
56485,Exploits,True
56486,Generic,True
56487,Exploits,True
56488,Generic,True
56489,Generic,True
56490,Exploits,True
56491,Exploits,True
56492,Fuzzers,True
56493,Generic,True
56494,Exploits,True
56495,Generic,True
56496,Exploits,True
56497,Fuzzers,True
56498,DoS,True
56499,DoS,True
56500,Exploits,True
56501,Fuzzers,True
56502,Fuzzers,True
56503,Generic,True
56504,Exploits,True
56505,DoS,True
56506,Analysis,True
56507,Fuzzers,True
56508,DoS,True
56509,Exploits,True
56510,Fuzzers,True
56511,DoS,True
56512,Fuzzers,True
56513,Generic,True
56514,Generic,True
56515,Fuzzers,True
56516,Generic,True
56517,Generic,True
56518,Fuzzers,True
56519,Generic,True
56520,Generic,True
56521,Generic,True
56522,Generic,True
56523,Analysis,True
56524,Fuzzers,True
56525,Generic,True
56526,Generic,True
56527,Generic,True
56528,Generic,True
56529,Generic,True
56530,Generic,True
56531,Generic,True
56532,Generic,True
56533,Generic,True
56534,Generic,True
56535,Generic,True
56536,Exploits,True
56537,Generic,True
56538,Generic,True
56539,Exploits,True
56540,Generic,True
56541,Generic,True
56542,Fuzzers,True
56543,Generic,True
56544,Backdoor,True
56545,Generic,True
56546,Generic,True
56547,Fuzzers,True
56548,Generic,True
56549,Exploits,True
56550,Reconnaissance,True
56551,Generic,True
56552,Exploits,True
56553,Generic,True
56554,Fuzzers,True
56555,Generic,True
56556,DoS,True
56557,Fuzzers,True
56558,Generic,True
56559,Generic,True
56560,Generic,True
56561,Exploits,True
56562,Reconnaissance,True
56563,Generic,True
56564,Generic,True
56565,Generic,True
56566,Fuzzers,True
56567,Fuzzers,True
56568,Generic,True
56569,Generic,True
56570,Fuzzers,True
56571,Generic,True
56572,Generic,True
56573,Generic,True
56574,Generic,True
56575,Generic,True
56576,Exploits,True
56577,Generic,True
56578,Generic,True
56579,Generic,True
56580,Exploits,True
56581,Generic,True
56582,Fuzzers,True
56583,Exploits,True
56584,Generic,True
56585,Generic,True
56586,Generic,True
56587,Reconnaissance,True
56588,Generic,True
56589,Generic,True
56590,Generic,True
56591,Generic,True
56592,Generic,True
56593,Generic,True
56594,Generic,True
56595,Generic,True
56596,Generic,True
56597,Generic,True
56598,Generic,True
56599,Generic,True
56600,Generic,True
56601,Generic,True
56602,Generic,True
56603,Generic,True
56604,Generic,True
56605,Generic,True
56606,Generic,True
56607,Generic,True
56608,Reconnaissance,True
56609,Exploits,True
56610,Exploits,True
56611,Backdoor,True
56612,Generic,True
56613,Generic,True
56614,Fuzzers,True
56615,Shellcode,True
56616,Generic,True
56617,Fuzzers,True
56618,Exploits,True
56619,Generic,True
56620,Fuzzers,True
56621,Exploits,True
56622,Fuzzers,True
56623,Analysis,True
56624,Generic,True
56625,Generic,True
56626,Backdoor,True
56627,Generic,True
56628,DoS,True
56629,Generic,True
56630,Exploits,True
56631,Reconnaissance,True
56632,Generic,True
56633,DoS,True
56634,Fuzzers,True
56635,Exploits,True
56636,Generic,True
56637,Exploits,True
56638,Generic,True
56639,Generic,True
56640,Analysis,True
56641,Generic,True
56642,Fuzzers,True
56643,Generic,True
56644,Generic,True
56645,Fuzzers,True
56646,Backdoor,True
56647,Generic,True
56648,Fuzzers,True
56649,Generic,True
56650,Fuzzers,True
56651,Exploits,True
56652,Generic,True
56653,Generic,True
56654,Generic,True
56655,Fuzzers,True
56656,Generic,True
56657,Exploits,True
56658,Generic,True
56659,Generic,True
56660,Generic,True
56661,DoS,True
56662,Fuzzers,True
56663,Generic,True
56664,Generic,True
56665,Generic,True
56666,Generic,True
56667,Exploits,True
56668,Generic,True
56669,Generic,True
56670,Generic,True
56671,Exploits,True
56672,Generic,True
56673,Fuzzers,True
56674,Generic,True
56675,Generic,True
56676,Generic,True
56677,Generic,True
56678,Fuzzers,True
56679,Generic,True
56680,Exploits,True
56681,Generic,True
56682,Generic,True
56683,Generic,True
56684,Generic,True
56685,Analysis,True
56686,Generic,True
56687,Generic,True
56688,DoS,True
56689,Fuzzers,True
56690,Backdoor,True
56691,Generic,True
56692,Generic,True
56693,Generic,True
56694,Exploits,True
56695,Generic,True
56696,Generic,True
56697,Generic,True
56698,DoS,True
56699,Generic,True
56700,Generic,True
56701,Generic,True
56702,Generic,True
56703,Exploits,True
56704,Generic,True
56705,Generic,True
56706,Generic,True
56707,Generic,True
56708,Generic,True
56709,Generic,True
56710,Generic,True
56711,Generic,True
56712,Generic,True
56713,Generic,True
56714,Generic,True
56715,Fuzzers,True
56716,Generic,True
56717,Generic,True
56718,Generic,True
56719,Generic,True
56720,Fuzzers,True
56721,Generic,True
56722,Generic,True
56723,Generic,True
56724,Generic,True
56725,Generic,True
56726,Analysis,True
56727,Generic,True
56728,Analysis,True
56729,Generic,True
56730,Backdoor,True
56731,Generic,True
56732,Generic,True
56733,Exploits,True
56734,Generic,True
56735,Generic,True
56736,Backdoor,True
56737,DoS,True
56738,Generic,True
56739,Generic,True
56740,Generic,True
56741,Exploits,True
56742,Generic,True
56743,Exploits,True
56744,Generic,True
56745,Generic,True
56746,Fuzzers,True
56747,Generic,True
56748,DoS,True
56749,Generic,True
56750,Generic,True
56751,Generic,True
56752,Generic,True
56753,Generic,True
56754,Generic,True
56755,Generic,True
56756,Generic,True
56757,Generic,True
56758,Exploits,True
56759,Generic,True
56760,Generic,True
56761,Exploits,True
56762,Generic,True
56763,Generic,True
56764,Fuzzers,True
56765,Fuzzers,True
56766,Generic,True
56767,Generic,True
56768,Fuzzers,True
56769,Generic,True
56770,Generic,True
56771,Generic,True
56772,Analysis,True
56773,Generic,True
56774,Generic,True
56775,Generic,True
56776,Backdoor,True
56777,Generic,True
56778,Generic,True
56779,Exploits,True
56780,Generic,True
56781,Generic,True
56782,Generic,True
56783,Generic,True
56784,Fuzzers,True
56785,Fuzzers,True
56786,Generic,True
56787,Generic,True
56788,Generic,True
56789,Generic,True
56790,Generic,True
56791,Fuzzers,True
56792,Generic,True
56793,Exploits,True
56794,Generic,True
56795,Generic,True
56796,Generic,True
56797,Generic,True
56798,Analysis,True
56799,Generic,True
56800,Generic,True
56801,Generic,True
56802,Generic,True
56803,Backdoor,True
56804,Generic,True
56805,Generic,True
56806,Generic,True
56807,Generic,True
56808,Generic,True
56809,Exploits,True
56810,Reconnaissance,True
56811,Fuzzers,True
56812,Generic,True
56813,Fuzzers,True
56814,DoS,True
56815,Generic,True
56816,Generic,True
56817,Generic,True
56818,Generic,True
56819,Generic,True
56820,Exploits,True
56821,Analysis,True
56822,Generic,True
56823,Generic,True
56824,Generic,True
56825,Generic,True
56826,DoS,True
56827,Backdoor,True
56828,Fuzzers,True
56829,Generic,True
56830,Exploits,True
56831,Generic,True
56832,Generic,True
56833,Fuzzers,True
56834,Fuzzers,True
56835,Exploits,True
56836,Exploits,True
56837,Fuzzers,True
56838,Fuzzers,True
56839,Exploits,True
56840,Generic,True
56841,Analysis,True
56842,DoS,True
56843,Generic,True
56844,Generic,True
56845,Backdoor,True
56846,Exploits,True
56847,Generic,True
56848,Exploits,True
56849,Exploits,True
56850,Generic,True
56851,Generic,True
56852,DoS,True
56853,Analysis,True
56854,Generic,True
56855,Exploits,True
56856,Fuzzers,True
56857,Generic,True
56858,Generic,True
56859,Fuzzers,True
56860,Generic,True
56861,Generic,True
56862,Fuzzers,True
56863,Fuzzers,True
56864,Exploits,True
56865,Generic,True
56866,Generic,True
56867,Analysis,True
56868,Exploits,True
56869,Fuzzers,True
56870,Generic,True
56871,Generic,True
56872,Generic,True
56873,Exploits,True
56874,Generic,True
56875,Analysis,True
56876,Fuzzers,True
56877,Exploits,True
56878,Generic,True
56879,Generic,True
56880,Generic,True
56881,Generic,True
56882,Generic,True
56883,Generic,True
56884,Backdoor,True
56885,Generic,True
56886,Generic,True
56887,Generic,True
56888,Generic,True
56889,Generic,True
56890,Generic,True
56891,Exploits,True
56892,Generic,True
56893,Backdoor,True
56894,Generic,True
56895,Backdoor,True
56896,Exploits,True
56897,Generic,True
56898,DoS,True
56899,Generic,True
56900,DoS,True
56901,Generic,True
56902,Exploits,True
56903,Generic,True
56904,Exploits,True
56905,Exploits,True
56906,Generic,True
56907,Fuzzers,True
56908,Fuzzers,True
56909,Generic,True
56910,Generic,True
56911,DoS,True
56912,Fuzzers,True
56913,Generic,True
56914,Analysis,True
56915,Fuzzers,True
56916,Generic,True
56917,Exploits,True
56918,Generic,True
56919,Backdoor,True
56920,Generic,True
56921,Exploits,True
56922,Generic,True
56923,Generic,True
56924,Fuzzers,True
56925,Generic,True
56926,DoS,True
56927,Generic,True
56928,Exploits,True
56929,Fuzzers,True
56930,Generic,True
56931,Generic,True
56932,Fuzzers,True
56933,Generic,True
56934,Generic,True
56935,Reconnaissance,True
56936,Generic,True
56937,Generic,True
56938,Generic,True
56939,Generic,True
56940,Fuzzers,True
56941,Generic,True
56942,Generic,True
56943,Reconnaissance,True
56944,Generic,True
56945,Generic,True
56946,Generic,True
56947,Generic,True
56948,Exploits,True
56949,Generic,True
56950,Fuzzers,True
56951,Exploits,True
56952,Reconnaissance,True
56953,Exploits,True
56954,Generic,True
56955,Exploits,True
56956,Generic,True
56957,Exploits,True
56958,Generic,True
56959,Exploits,True
56960,Fuzzers,True
56961,Exploits,True
56962,Fuzzers,True
56963,Analysis,True
56964,Generic,True
56965,Fuzzers,True
56966,Backdoor,True
56967,Fuzzers,True
56968,Generic,True
56969,Fuzzers,True
56970,Exploits,True
56971,Generic,True
56972,Exploits,True
56973,DoS,True
56974,Analysis,True
56975,Fuzzers,True
56976,Exploits,True
56977,Exploits,True
56978,Exploits,True
56979,Backdoor,True
56980,Generic,True
56981,Generic,True
56982,Fuzzers,True
56983,Generic,True
56984,Generic,True
56985,Exploits,True
56986,Generic,True
56987,Generic,True
56988,Generic,True
56989,DoS,True
56990,Generic,True
56991,Generic,True
56992,Exploits,True
56993,Exploits,True
56994,Generic,True
56995,Generic,True
56996,Generic,True
56997,Exploits,True
56998,Fuzzers,True
56999,Generic,True
57000,Fuzzers,True
57001,DoS,True
57002,Generic,True
57003,DoS,True
57004,Fuzzers,True
57005,Exploits,True
57006,Exploits,True
57007,Analysis,True
57008,Exploits,True
57009,Generic,True
57010,Backdoor,True
57011,Exploits,True
57012,Generic,True
57013,Generic,True
57014,Exploits,True
57015,Reconnaissance,True
57016,Reconnaissance,True
57017,DoS,True
57018,Reconnaissance,True
57019,Fuzzers,True
57020,Generic,True
57021,Fuzzers,True
57022,Exploits,True
57023,Analysis,True
57024,Exploits,True
57025,Generic,True
57026,Fuzzers,True
57027,Fuzzers,True
57028,Fuzzers,True
57029,Exploits,True
57030,Generic,True
57031,Fuzzers,True
57032,Fuzzers,True
57033,Backdoor,True
57034,Generic,True
57035,Fuzzers,True
57036,Exploits,True
57037,Generic,True
57038,Generic,True
57039,Exploits,True
57040,Exploits,True
57041,Exploits,True
57042,Fuzzers,True
57043,Generic,True
57044,Fuzzers,True
57045,Fuzzers,True
57046,Generic,True
57047,Exploits,True
57048,DoS,True
57049,Analysis,True
57050,Generic,True
57051,Analysis,True
57052,Backdoor,True
57053,Exploits,True
57054,Exploits,True
57055,Generic,True
57056,Backdoor,True
57057,Exploits,True
57058,DoS,True
57059,Fuzzers,True
57060,DoS,True
57061,Fuzzers,True
57062,Exploits,True
57063,Fuzzers,True
57064,Exploits,True
57065,Shellcode,True
57066,Generic,True
57067,Fuzzers,True
57068,Fuzzers,True
57069,DoS,True
57070,Reconnaissance,True
57071,Fuzzers,True
57072,Reconnaissance,True
57073,Generic,True
57074,Analysis,True
57075,Exploits,True
57076,Generic,True
57077,Analysis,True
57078,Reconnaissance,True
57079,Backdoor,True
57080,Generic,True
57081,Reconnaissance,True
57082,Backdoor,True
57083,Generic,True
57084,Generic,True
57085,Exploits,True
57086,Generic,True
57087,Exploits,True
57088,Reconnaissance,True
57089,Generic,True
57090,DoS,True
57091,Generic,True
57092,DoS,True
57093,DoS,True
57094,Fuzzers,True
57095,Exploits,True
57096,Generic,True
57097,Generic,True
57098,Exploits,True
57099,Exploits,True
57100,Generic,True
57101,Generic,True
57102,Generic,True
57103,Generic,True
57104,Generic,True
57105,Generic,True
57106,Fuzzers,True
57107,Exploits,True
57108,Generic,True
57109,Generic,True
57110,Generic,True
57111,Generic,True
57112,Generic,True
57113,Exploits,True
57114,Fuzzers,True
57115,Generic,True
57116,Generic,True
57117,Generic,True
57118,Fuzzers,True
57119,Analysis,True
57120,Reconnaissance,True
57121,Exploits,True
57122,Generic,True
57123,Generic,True
57124,Generic,True
57125,Backdoor,True
57126,Fuzzers,True
57127,Exploits,True
57128,Fuzzers,True
57129,Generic,True
57130,Exploits,True
57131,Exploits,True
57132,Generic,True
57133,DoS,True
57134,Fuzzers,True
57135,Exploits,True
57136,Exploits,True
57137,Reconnaissance,True
57138,Generic,True
57139,Generic,True
57140,Generic,True
57141,Fuzzers,True
57142,Generic,True
57143,Generic,True
57144,Exploits,True
57145,Generic,True
57146,Fuzzers,True
57147,Fuzzers,True
57148,Generic,True
57149,Exploits,True
57150,DoS,True
57151,Generic,True
57152,Generic,True
57153,Generic,True
57154,Exploits,True
57155,Generic,True
57156,Generic,True
57157,Exploits,True
57158,Analysis,True
57159,Generic,True
57160,Generic,True
57161,Fuzzers,True
57162,Generic,True
57163,Generic,True
57164,Fuzzers,True
57165,Backdoor,True
57166,Generic,True
57167,Generic,True
57168,Generic,True
57169,Exploits,True
57170,DoS,True
57171,Exploits,True
57172,Generic,True
57173,Exploits,True
57174,Reconnaissance,True
57175,Generic,True
57176,Generic,True
57177,DoS,True
57178,DoS,True
57179,Exploits,True
57180,Generic,True
57181,DoS,True
57182,Fuzzers,True
57183,Generic,True
57184,Generic,True
57185,Fuzzers,True
57186,DoS,False
57187,Fuzzers,True
57188,Exploits,True
57189,Generic,True
57190,Fuzzers,True
57191,Generic,True
57192,Fuzzers,True
57193,Exploits,True
57194,Generic,True
57195,Fuzzers,True
57196,Generic,True
57197,Generic,True
57198,Fuzzers,True
57199,Generic,True
57200,Fuzzers,True
57201,Generic,True
57202,Generic,True
57203,Generic,True
57204,Generic,True
57205,Exploits,True
57206,Generic,True
57207,Generic,True
57208,Generic,True
57209,Generic,True
57210,Generic,True
57211,Generic,True
57212,Reconnaissance,True
57213,Generic,True
57214,Generic,True
57215,Generic,True
57216,Generic,True
57217,Generic,True
57218,DoS,True
57219,Fuzzers,True
57220,Generic,True
57221,Generic,True
57222,Generic,True
57223,Generic,True
57224,Analysis,True
57225,Generic,True
57226,Fuzzers,True
57227,Backdoor,True
57228,Generic,True
57229,Generic,True
57230,Generic,True
57231,Generic,True
57232,Exploits,True
57233,Generic,True
57234,Fuzzers,True
57235,DoS,True
57236,Generic,True
57237,Generic,True
57238,Generic,True
57239,Backdoor,True
57240,Exploits,True
57241,Generic,True
57242,Generic,True
57243,Generic,True
57244,Generic,True
57245,Generic,True
57246,Generic,True
57247,Generic,True
57248,Generic,True
57249,Generic,True
57250,Generic,True
57251,Generic,True
57252,Generic,True
57253,Generic,True
57254,Generic,True
57255,Fuzzers,True
57256,Fuzzers,True
57257,Generic,True
57258,Fuzzers,True
57259,Generic,True
57260,Generic,True
57261,Analysis,True
57262,Generic,True
57263,Fuzzers,True
57264,DoS,True
57265,Generic,True
57266,Generic,True
57267,Backdoor,True
57268,Generic,True
57269,Generic,True
57270,Exploits,True
57271,Fuzzers,True
57272,Exploits,True
57273,Exploits,True
57274,Generic,True
57275,Generic,True
57276,Exploits,True
57277,Generic,True
57278,Generic,True
57279,Generic,True
57280,DoS,True
57281,Generic,True
57282,Generic,True
57283,Exploits,True
57284,Generic,True
57285,Generic,True
57286,Generic,True
57287,Exploits,True
57288,Generic,True
57289,Fuzzers,True
57290,Generic,True
57291,Exploits,True
57292,DoS,True
57293,Fuzzers,True
57294,Fuzzers,True
57295,Generic,True
57296,Generic,True
57297,Generic,True
57298,Generic,True
57299,Analysis,True
57300,Generic,True
57301,Generic,True
57302,Fuzzers,True
57303,Backdoor,True
57304,Generic,True
57305,Generic,True
57306,Generic,True
57307,Exploits,True
57308,Generic,True
57309,DoS,True
57310,DoS,True
57311,Generic,True
57312,Generic,True
57313,Generic,True
57314,Exploits,True
57315,Generic,True
57316,Exploits,True
57317,Fuzzers,True
57318,Generic,True
57319,Fuzzers,True
57320,Generic,True
57321,Fuzzers,True
57322,Generic,True
57323,Generic,True
57324,Generic,True
57325,Analysis,True
57326,Generic,True
57327,Generic,True
57328,Backdoor,True
57329,Generic,True
57330,Fuzzers,True
57331,Generic,True
57332,Generic,True
57333,Exploits,True
57334,Generic,True
57335,Generic,True
57336,Generic,True
57337,Generic,True
57338,Generic,True
57339,Generic,True
57340,Generic,True
57341,Generic,True
57342,Fuzzers,True
57343,Fuzzers,True
57344,Generic,True
57345,Generic,True
57346,Generic,True
57347,Generic,True
57348,Fuzzers,True
57349,Generic,True
57350,Generic,True
57351,Exploits,True
57352,Generic,True
57353,Generic,True
57354,Analysis,True
57355,Generic,True
57356,Generic,True
57357,Reconnaissance,True
57358,Generic,True
57359,Backdoor,True
57360,Generic,True
57361,Generic,True
57362,Fuzzers,True
57363,Fuzzers,True
57364,Generic,True
57365,Exploits,True
57366,Generic,True
57367,Fuzzers,True
57368,Generic,True
57369,Generic,True
57370,Generic,True
57371,DoS,True
57372,Fuzzers,True
57373,Generic,True
57374,Generic,True
57375,Generic,True
57376,Exploits,True
57377,DoS,True
57378,Generic,True
57379,Generic,True
57380,Generic,True
57381,Exploits,True
57382,Generic,True
57383,Fuzzers,True
57384,Fuzzers,True
57385,Generic,True
57386,Generic,True
57387,Generic,True
57388,Generic,True
57389,Fuzzers,True
57390,Generic,True
57391,Analysis,True
57392,Fuzzers,True
57393,Fuzzers,True
57394,Fuzzers,True
57395,Generic,True
57396,Generic,True
57397,Backdoor,True
57398,Generic,True
57399,Generic,True
57400,Exploits,True
57401,Analysis,True
57402,Generic,True
57403,Generic,True
57404,Generic,True
57405,Generic,True
57406,Generic,True
57407,Fuzzers,True
57408,Backdoor,True
57409,Generic,True
57410,Generic,True
57411,Backdoor,True
57412,Generic,True
57413,Generic,True
57414,Generic,True
57415,Exploits,True
57416,Exploits,True
57417,Generic,True
57418,Generic,True
57419,Exploits,True
57420,Generic,True
57421,Exploits,True
57422,Exploits,True
57423,Generic,True
57424,Generic,True
57425,Fuzzers,True
57426,Exploits,True
57427,Exploits,True
57428,Generic,True
57429,Exploits,True
57430,Generic,True
57431,Generic,True
57432,Generic,True
57433,Generic,True
57434,Generic,True
57435,Reconnaissance,True
57436,Generic,True
57437,Generic,True
57438,Exploits,True
57439,Generic,True
57440,Generic,True
57441,Fuzzers,True
57442,Generic,True
57443,Exploits,True
57444,Generic,True
57445,Generic,True
57446,Generic,True
57447,Exploits,True
57448,Generic,True
57449,Generic,True
57450,Exploits,True
57451,Generic,True
57452,Exploits,True
57453,Generic,True
57454,Generic,True
57455,Generic,True
57456,DoS,True
57457,Generic,True
57458,Reconnaissance,True
57459,Generic,True
57460,Exploits,True
57461,Generic,True
57462,Exploits,True
57463,Generic,True
57464,Fuzzers,True
57465,Generic,True
57466,Generic,True
57467,Exploits,True
57468,DoS,True
57469,Fuzzers,True
57470,Reconnaissance,True
57471,Fuzzers,True
57472,Generic,True
57473,Generic,True
57474,Analysis,True
57475,Generic,True
57476,Exploits,True
57477,Generic,True
57478,Fuzzers,True
57479,Generic,True
57480,Generic,True
57481,Generic,True
57482,Fuzzers,True
57483,Generic,True
57484,Generic,True
57485,Generic,True
57486,Generic,True
57487,Analysis,True
57488,Generic,True
57489,Generic,True
57490,Fuzzers,True
57491,Generic,True
57492,Generic,True
57493,Generic,True
57494,Generic,True
57495,Generic,True
57496,Backdoor,True
57497,Generic,True
57498,Exploits,True
57499,Analysis,True
57500,Generic,True
57501,Fuzzers,True
57502,Generic,True
57503,Exploits,True
57504,Exploits,True
57505,Generic,True
57506,Reconnaissance,True
57507,Backdoor,True
57508,Generic,True
57509,Backdoor,True
57510,Fuzzers,True
57511,DoS,True
57512,Generic,True
57513,Generic,True
57514,Exploits,True
57515,Generic,True
57516,Generic,True
57517,Fuzzers,True
57518,Generic,True
57519,Fuzzers,True
57520,Generic,True
57521,Generic,True
57522,Fuzzers,True
57523,Generic,True
57524,Fuzzers,True
57525,Fuzzers,True
57526,Generic,True
57527,Generic,True
57528,Backdoor,True
57529,Generic,True
57530,Fuzzers,True
57531,Generic,True
57532,Exploits,True
57533,Generic,True
57534,Exploits,True
57535,Generic,True
57536,Generic,True
57537,Exploits,True
57538,DoS,True
57539,Generic,True
57540,Fuzzers,True
57541,Exploits,True
57542,Generic,True
57543,Exploits,True
57544,Generic,True
57545,Fuzzers,True
57546,Exploits,True
57547,Reconnaissance,True
57548,Generic,True
57549,Fuzzers,True
57550,Exploits,True
57551,Generic,True
57552,Fuzzers,True
57553,Fuzzers,True
57554,Generic,True
57555,Fuzzers,True
57556,Generic,True
57557,Fuzzers,True
57558,Reconnaissance,True
57559,Generic,True
57560,Generic,True
57561,Exploits,True
57562,Generic,True
57563,Reconnaissance,True
57564,Exploits,True
57565,Generic,True
57566,Fuzzers,True
57567,Exploits,True
57568,Generic,True
57569,Fuzzers,True
57570,Fuzzers,True
57571,DoS,True
57572,Fuzzers,True
57573,Shellcode,True
57574,Fuzzers,True
57575,Generic,True
57576,Generic,True
57577,Exploits,True
57578,Exploits,True
57579,Reconnaissance,True
57580,Fuzzers,True
57581,Fuzzers,True
57582,Generic,True
57583,Reconnaissance,True
57584,Exploits,True
57585,Fuzzers,True
57586,Generic,True
57587,Exploits,True
57588,Exploits,True
57589,Analysis,True
57590,Generic,True
57591,Generic,True
57592,Exploits,True
57593,Backdoor,True
57594,Reconnaissance,True
57595,Exploits,True
57596,Fuzzers,True
57597,Generic,True
57598,Reconnaissance,True
57599,Generic,True
57600,Exploits,True
57601,Analysis,True
57602,DoS,True
57603,Generic,True
57604,Generic,True
57605,Generic,True
57606,Exploits,True
57607,Generic,True
57608,Fuzzers,True
57609,Exploits,True
57610,Exploits,True
57611,Generic,True
57612,Generic,True
57613,Exploits,True
57614,Generic,True
57615,Exploits,True
57616,Generic,True
57617,Exploits,True
57618,Generic,True
57619,Generic,True
57620,Exploits,True
57621,Generic,True
57622,Fuzzers,True
57623,Generic,True
57624,Exploits,True
57625,Generic,True
57626,Generic,True
57627,Fuzzers,True
57628,Analysis,True
57629,Fuzzers,True
57630,Generic,True
57631,Generic,True
57632,Fuzzers,True
57633,Generic,True
57634,Reconnaissance,True
57635,Generic,True
57636,Generic,True
57637,Generic,True
57638,Exploits,True
57639,Generic,True
57640,Backdoor,True
57641,DoS,True
57642,Reconnaissance,True
57643,Exploits,True
57644,Generic,True
57645,Exploits,True
57646,Exploits,True
57647,DoS,True
57648,Reconnaissance,True
57649,Generic,True
57650,Fuzzers,True
57651,Exploits,True
57652,Exploits,True
57653,Generic,True
57654,Exploits,True
57655,Generic,True
57656,Exploits,True
57657,Exploits,True
57658,Fuzzers,True
57659,Generic,True
57660,Generic,True
57661,Fuzzers,True
57662,Generic,True
57663,Analysis,True
57664,Reconnaissance,True
57665,Exploits,True
57666,Generic,True
57667,Generic,True
57668,DoS,True
57669,Backdoor,True
57670,Exploits,True
57671,Exploits,True
57672,Generic,True
57673,Generic,True
57674,Generic,True
57675,DoS,True
57676,Generic,True
57677,Generic,True
57678,Generic,True
57679,Generic,True
57680,Generic,True
57681,Generic,True
57682,Generic,True
57683,Exploits,True
57684,Generic,True
57685,Generic,True
57686,Generic,True
57687,Generic,True
57688,Generic,True
57689,Generic,True
57690,Generic,True
57691,Generic,True
57692,Generic,True
57693,Generic,True
57694,Generic,True
57695,Generic,True
57696,Generic,True
57697,Exploits,True
57698,Generic,True
57699,Generic,True
57700,Fuzzers,True
57701,Fuzzers,True
57702,Generic,True
57703,Fuzzers,True
57704,Fuzzers,True
57705,Generic,True
57706,Analysis,True
57707,Generic,True
57708,Generic,True
57709,Fuzzers,True
57710,Exploits,True
57711,Backdoor,True
57712,Fuzzers,True
57713,Generic,True
57714,Exploits,True
57715,Generic,True
57716,Fuzzers,True
57717,DoS,True
57718,Generic,True
57719,Fuzzers,True
57720,Generic,True
57721,DoS,True
57722,Generic,True
57723,Exploits,True
57724,Generic,True
57725,Generic,True
57726,Generic,True
57727,Generic,True
57728,Fuzzers,True
57729,Generic,True
57730,Generic,True
57731,Generic,True
57732,Generic,True
57733,Fuzzers,True
57734,Generic,True
57735,Generic,True
57736,Generic,True
57737,Exploits,True
57738,Generic,True
57739,Generic,True
57740,Analysis,True
57741,Generic,True
57742,Generic,True
57743,Generic,True
57744,Generic,True
57745,Generic,True
57746,Generic,True
57747,Generic,True
57748,Generic,True
57749,Generic,True
57750,Exploits,True
57751,Generic,True
57752,Generic,True
57753,Fuzzers,True
57754,DoS,True
57755,Fuzzers,True
57756,Generic,True
57757,Exploits,True
57758,Fuzzers,True
57759,Generic,True
57760,Generic,True
57761,Exploits,True
57762,Reconnaissance,True
57763,Generic,True
57764,Exploits,True
57765,Fuzzers,True
57766,Fuzzers,True
57767,Generic,True
57768,Generic,True
57769,Generic,True
57770,Fuzzers,True
57771,Generic,True
57772,Fuzzers,True
57773,Generic,True
57774,Generic,True
57775,Generic,True
57776,Generic,True
57777,Fuzzers,True
57778,Exploits,True
57779,Generic,True
57780,Generic,True
57781,DoS,True
57782,Fuzzers,True
57783,Backdoor,True
57784,DoS,True
57785,Exploits,True
57786,Fuzzers,True
57787,Exploits,True
57788,DoS,True
57789,Exploits,True
57790,Fuzzers,True
57791,DoS,True
57792,Exploits,True
57793,Exploits,True
57794,Exploits,True
57795,Fuzzers,True
57796,Reconnaissance,True
57797,Generic,True
57798,Exploits,True
57799,Generic,True
57800,Fuzzers,True
57801,Fuzzers,True
57802,Generic,True
57803,Analysis,True
57804,Generic,True
57805,Fuzzers,True
57806,Fuzzers,True
57807,Generic,True
57808,Backdoor,True
57809,Generic,True
57810,Fuzzers,True
57811,Generic,True
57812,Fuzzers,True
57813,Generic,True
57814,Exploits,True
57815,Generic,True
57816,Fuzzers,True
57817,Exploits,True
57818,Generic,True
57819,Generic,True
57820,DoS,True
57821,Generic,True
57822,Generic,True
57823,Generic,True
57824,Generic,True
57825,Exploits,True
57826,Generic,True
57827,Generic,True
57828,Fuzzers,True
57829,Generic,True
57830,Generic,True
57831,Generic,True
57832,Generic,True
57833,Generic,True
57834,Generic,True
57835,Generic,True
57836,Shellcode,True
57837,Generic,True
57838,Generic,True
57839,Generic,True
57840,Fuzzers,True
57841,Fuzzers,True
57842,Generic,True
57843,Exploits,True
57844,Generic,True
57845,Fuzzers,True
57846,Exploits,True
57847,Generic,True
57848,Exploits,True
57849,Generic,True
57850,Fuzzers,True
57851,Exploits,True
57852,Generic,True
57853,Exploits,True
57854,Reconnaissance,True
57855,Fuzzers,True
57856,Exploits,True
57857,Fuzzers,True
57858,Generic,True
57859,Generic,True
57860,Exploits,True
57861,Fuzzers,True
57862,Exploits,True
57863,Fuzzers,True
57864,Generic,True
57865,Generic,True
57866,Generic,True
57867,Generic,True
57868,Analysis,True
57869,Analysis,True
57870,Generic,True
57871,Generic,True
57872,Generic,True
57873,Generic,True
57874,Backdoor,True
57875,Backdoor,True
57876,Generic,True
57877,Generic,True
57878,Generic,True
57879,Exploits,True
57880,Exploits,True
57881,Generic,True
57882,Generic,True
57883,Generic,True
57884,DoS,True
57885,DoS,True
57886,Generic,True
57887,Generic,True
57888,Generic,True
57889,Generic,True
57890,Exploits,True
57891,Exploits,True
57892,Generic,True
57893,Generic,True
57894,Generic,True
57895,Fuzzers,True
57896,Generic,True
57897,Fuzzers,True
57898,Generic,True
57899,Generic,True
57900,Generic,True
57901,Fuzzers,True
57902,Generic,True
57903,Reconnaissance,True
57904,Generic,True
57905,Generic,True
57906,Fuzzers,True
57907,Generic,True
57908,Generic,True
57909,Generic,True
57910,Exploits,True
57911,Generic,True
57912,Generic,True
57913,Fuzzers,True
57914,Exploits,True
57915,Generic,True
57916,Generic,True
57917,Reconnaissance,True
57918,Reconnaissance,True
57919,Generic,True
57920,Fuzzers,True
57921,Generic,True
57922,Reconnaissance,True
57923,Generic,True
57924,Fuzzers,True
57925,Generic,True
57926,Exploits,True
57927,Generic,True
57928,Generic,True
57929,Reconnaissance,True
57930,Fuzzers,True
57931,Generic,True
57932,Generic,True
57933,Generic,True
57934,Generic,True
57935,Analysis,True
57936,Generic,True
57937,Generic,True
57938,Generic,True
57939,Generic,True
57940,Backdoor,True
57941,Generic,True
57942,Generic,True
57943,Generic,True
57944,Exploits,True
57945,Generic,True
57946,Generic,True
57947,Generic,True
57948,Generic,True
57949,Generic,True
57950,DoS,True
57951,Exploits,True
57952,Generic,True
57953,Generic,True
57954,Exploits,True
57955,Exploits,True
57956,Generic,True
57957,Generic,True
57958,Generic,True
57959,Exploits,True
57960,Fuzzers,True
57961,Generic,True
57962,Generic,True
57963,Exploits,True
57964,Exploits,True
57965,Exploits,True
57966,Generic,True
57967,Reconnaissance,True
57968,Generic,True
57969,Generic,True
57970,DoS,True
57971,Exploits,True
57972,Generic,True
57973,Generic,True
57974,Generic,True
57975,Exploits,True
57976,Generic,True
57977,Generic,True
57978,Generic,True
57979,Fuzzers,True
57980,Fuzzers,True
57981,Generic,True
57982,Generic,True
57983,Generic,True
57984,Exploits,True
57985,Analysis,True
57986,Generic,True
57987,Generic,True
57988,Generic,True
57989,Fuzzers,True
57990,Backdoor,True
57991,Generic,True
57992,Reconnaissance,True
57993,Generic,True
57994,Fuzzers,True
57995,Exploits,True
57996,Generic,True
57997,Generic,True
57998,Generic,True
57999,Analysis,True
58000,DoS,True
58001,Generic,True
58002,Generic,True
58003,Generic,True
58004,Backdoor,True
58005,Exploits,True
58006,Exploits,True
58007,Generic,True
58008,Reconnaissance,True
58009,Exploits,True
58010,Generic,True
58011,Exploits,True
58012,Exploits,True
58013,Shellcode,True
58014,Generic,True
58015,Generic,True
58016,Exploits,True
58017,Generic,True
58018,Generic,True
58019,Generic,True
58020,Generic,True
58021,Generic,True
58022,Generic,True
58023,Generic,True
58024,Generic,True
58025,Generic,True
58026,Generic,True
58027,Generic,True
58028,Generic,True
58029,Generic,True
58030,Generic,True
58031,Generic,True
58032,Generic,True
58033,Generic,True
58034,Generic,True
58035,Generic,True
58036,Generic,True
58037,Generic,True
58038,Generic,True
58039,Generic,True
58040,Generic,True
58041,DoS,True
58042,Generic,True
58043,Generic,True
58044,Generic,True
58045,Exploits,True
58046,DoS,True
58047,Generic,True
58048,Generic,True
58049,Reconnaissance,True
58050,Fuzzers,True
58051,Exploits,True
58052,Reconnaissance,True
58053,Fuzzers,True
58054,Fuzzers,True
58055,Exploits,True
58056,Fuzzers,True
58057,Generic,True
58058,Exploits,True
58059,Generic,True
58060,Fuzzers,True
58061,Reconnaissance,True
58062,Generic,True
58063,Fuzzers,True
58064,Fuzzers,True
58065,Generic,True
58066,Generic,True
58067,Generic,True
58068,Generic,True
58069,Generic,True
58070,Fuzzers,True
58071,Generic,True
58072,Generic,True
58073,Generic,True
58074,Generic,True
58075,Generic,True
58076,Reconnaissance,True
58077,Generic,True
58078,Generic,True
58079,Generic,True
58080,Exploits,True
58081,Generic,True
58082,Fuzzers,True
58083,Generic,True
58084,Generic,True
58085,Generic,True
58086,Generic,True
58087,Fuzzers,True
58088,Exploits,True
58089,Generic,True
58090,Fuzzers,True
58091,Generic,True
58092,Generic,True
58093,Exploits,True
58094,Fuzzers,True
58095,Generic,True
58096,Fuzzers,True
58097,Fuzzers,True
58098,Generic,True
58099,Reconnaissance,True
58100,Exploits,True
58101,Exploits,True
58102,Fuzzers,True
58103,Generic,True
58104,Generic,True
58105,Exploits,True
58106,Analysis,True
58107,Exploits,True
58108,Reconnaissance,True
58109,Generic,True
58110,Fuzzers,True
58111,Generic,True
58112,Backdoor,True
58113,Exploits,True
58114,Exploits,True
58115,Exploits,True
58116,Generic,True
58117,Exploits,True
58118,Generic,True
58119,Generic,True
58120,Generic,True
58121,DoS,True
58122,Generic,True
58123,Exploits,True
58124,Fuzzers,True
58125,Generic,True
58126,Generic,True
58127,Generic,True
58128,Exploits,True
58129,Generic,True
58130,Generic,True
58131,Generic,True
58132,Fuzzers,True
58133,Generic,True
58134,Generic,True
58135,Generic,True
58136,Exploits,True
58137,DoS,True
58138,Generic,True
58139,Generic,True
58140,Reconnaissance,True
58141,Generic,True
58142,Generic,True
58143,Generic,True
58144,Generic,True
58145,Generic,True
58146,Analysis,True
58147,Generic,True
58148,Generic,True
58149,Generic,True
58150,Generic,True
58151,Exploits,True
58152,Generic,True
58153,Exploits,True
58154,Generic,True
58155,Generic,True
58156,Analysis,True
58157,Exploits,True
58158,Generic,True
58159,Fuzzers,True
58160,Fuzzers,True
58161,Generic,True
58162,Generic,True
58163,Generic,True
58164,Reconnaissance,True
58165,Fuzzers,True
58166,Fuzzers,True
58167,Generic,True
58168,Generic,True
58169,Exploits,True
58170,Analysis,True
58171,Generic,True
58172,Generic,True
58173,Fuzzers,True
58174,Generic,True
58175,Generic,True
58176,Backdoor,True
58177,Generic,True
58178,Generic,True
58179,Fuzzers,True
58180,Generic,True
58181,Reconnaissance,True
58182,Exploits,True
58183,Generic,True
58184,Fuzzers,True
58185,Exploits,True
58186,Generic,True
58187,Reconnaissance,True
58188,Generic,True
58189,Generic,True
58190,Reconnaissance,True
58191,Generic,True
58192,Exploits,True
58193,Generic,True
58194,Exploits,True
58195,Exploits,True
58196,Generic,True
58197,Generic,True
58198,Generic,True
58199,Generic,True
58200,Generic,True
58201,Generic,True
58202,Generic,True
58203,Exploits,True
58204,Generic,True
58205,Generic,True
58206,Generic,True
58207,Generic,True
58208,Generic,True
58209,Generic,True
58210,Generic,True
58211,Generic,True
58212,Generic,True
58213,Generic,True
58214,Generic,True
58215,Generic,True
58216,Generic,True
58217,Generic,True
58218,Generic,True
58219,Generic,True
58220,Generic,True
58221,Generic,True
58222,DoS,True
58223,Generic,True
58224,DoS,True
58225,Exploits,True
58226,Generic,True
58227,Generic,True
58228,Fuzzers,True
58229,Generic,True
58230,Generic,True
58231,Exploits,True
58232,Generic,True
58233,Generic,True
58234,Generic,True
58235,Fuzzers,True
58236,Fuzzers,True
58237,Fuzzers,True
58238,Generic,True
58239,Fuzzers,True
58240,Generic,True
58241,Fuzzers,True
58242,Fuzzers,True
58243,DoS,True
58244,Generic,True
58245,Fuzzers,True
58246,Generic,True
58247,Generic,True
58248,DoS,True
58249,Analysis,True
58250,Generic,True
58251,Generic,True
58252,Exploits,True
58253,Exploits,True
58254,Generic,True
58255,Backdoor,True
58256,Generic,True
58257,Exploits,True
58258,Reconnaissance,True
58259,Exploits,True
58260,Generic,True
58261,Generic,True
58262,Generic,True
58263,Fuzzers,True
58264,DoS,True
58265,Exploits,True
58266,Generic,True
58267,Generic,True
58268,Exploits,True
58269,Generic,True
58270,Exploits,True
58271,Generic,True
58272,Generic,True
58273,Fuzzers,True
58274,Generic,True
58275,Fuzzers,True
58276,Generic,True
58277,Generic,True
58278,Generic,True
58279,Generic,True
58280,Generic,True
58281,Fuzzers,True
58282,Generic,True
58283,Generic,True
58284,Exploits,True
58285,Fuzzers,True
58286,Reconnaissance,True
58287,Analysis,True
58288,Fuzzers,True
58289,Exploits,True
58290,Generic,True
58291,Fuzzers,True
58292,Exploits,True
58293,Generic,True
58294,Generic,True
58295,Generic,True
58296,Generic,True
58297,Exploits,True
58298,Fuzzers,True
58299,Generic,True
58300,Generic,True
58301,Fuzzers,True
58302,Fuzzers,True
58303,Exploits,True
58304,Generic,True
58305,Fuzzers,True
58306,Generic,True
58307,Generic,True
58308,Generic,True
58309,Reconnaissance,True
58310,Generic,True
58311,Generic,True
58312,Generic,True
58313,Generic,True
58314,Generic,True
58315,Generic,True
58316,Generic,True
58317,Generic,True
58318,Generic,True
58319,Exploits,True
58320,Generic,True
58321,Generic,True
58322,Generic,True
58323,Exploits,True
58324,Generic,True
58325,Generic,True
58326,Generic,True
58327,Generic,True
58328,Generic,True
58329,Backdoor,True
58330,Generic,True
58331,Exploits,True
58332,Backdoor,True
58333,Generic,True
58334,Exploits,True
58335,Generic,True
58336,Exploits,True
58337,Generic,True
58338,Exploits,True
58339,Generic,True
58340,Exploits,True
58341,DoS,True
58342,Generic,True
58343,Exploits,True
58344,DoS,True
58345,Generic,True
58346,Exploits,True
58347,Reconnaissance,True
58348,Exploits,True
58349,Generic,True
58350,Exploits,True
58351,Generic,True
58352,Generic,True
58353,Fuzzers,True
58354,Exploits,True
58355,Generic,True
58356,Fuzzers,True
58357,Fuzzers,True
58358,Generic,True
58359,Exploits,True
58360,Generic,True
58361,Fuzzers,True
58362,Generic,True
58363,Fuzzers,True
58364,Generic,True
58365,Generic,True
58366,Generic,True
58367,Generic,True
58368,Generic,True
58369,Reconnaissance,True
58370,Generic,True
58371,Generic,True
58372,Generic,True
58373,Generic,True
58374,Generic,True
58375,Reconnaissance,True
58376,Generic,True
58377,Generic,True
58378,Generic,True
58379,Generic,True
58380,Generic,True
58381,Generic,True
58382,Generic,True
58383,Generic,True
58384,Generic,True
58385,Generic,True
58386,Generic,True
58387,Generic,True
58388,Generic,True
58389,Generic,True
58390,Exploits,True
58391,Generic,True
58392,Fuzzers,True
58393,Generic,True
58394,Generic,True
58395,Fuzzers,True
58396,Exploits,True
58397,Generic,True
58398,Analysis,True
58399,Generic,True
58400,Fuzzers,True
58401,Analysis,True
58402,Fuzzers,True
58403,Generic,True
58404,Generic,True
58405,Generic,True
58406,Backdoor,True
58407,Reconnaissance,True
58408,Backdoor,True
58409,Generic,True
58410,Generic,True
58411,Generic,True
58412,Exploits,True
58413,Exploits,True
58414,Exploits,True
58415,Generic,True
58416,Backdoor,True
58417,Generic,True
58418,Reconnaissance,True
58419,DoS,True
58420,DoS,True
58421,Generic,True
58422,Fuzzers,True
58423,Generic,True
58424,Exploits,True
58425,Generic,True
58426,Exploits,True
58427,Generic,True
58428,Exploits,True
58429,Fuzzers,True
58430,Fuzzers,True
58431,Generic,True
58432,Reconnaissance,True
58433,Generic,True
58434,Generic,True
58435,Generic,True
58436,Generic,True
58437,Analysis,True
58438,Generic,True
58439,Generic,True
58440,Generic,True
58441,Analysis,True
58442,Generic,True
58443,Exploits,True
58444,DoS,True
58445,Generic,True
58446,Generic,True
58447,Generic,True
58448,Exploits,True
58449,Generic,True
58450,Fuzzers,True
58451,Generic,True
58452,Generic,True
58453,Generic,True
58454,Reconnaissance,True
58455,Generic,True
58456,Fuzzers,True
58457,Generic,True
58458,Generic,True
58459,Generic,True
58460,Generic,True
58461,DoS,True
58462,Exploits,True
58463,Generic,True
58464,Generic,True
58465,Generic,True
58466,Generic,True
58467,Generic,True
58468,Generic,True
58469,Generic,True
58470,DoS,True
58471,Generic,True
58472,Generic,True
58473,Generic,True
58474,Exploits,True
58475,DoS,True
58476,Generic,True
58477,Fuzzers,True
58478,Generic,True
58479,Exploits,True
58480,Generic,True
58481,Generic,True
58482,Generic,True
58483,Generic,True
58484,Generic,True
58485,Generic,True
58486,Fuzzers,True
58487,Generic,True
58488,Generic,True
58489,Generic,True
58490,Generic,True
58491,Generic,True
58492,Generic,True
58493,Generic,True
58494,Generic,True
58495,Generic,True
58496,Reconnaissance,True
58497,Generic,True
58498,Fuzzers,True
58499,Generic,True
58500,Generic,True
58501,Generic,True
58502,Generic,True
58503,Generic,True
58504,Analysis,True
58505,Generic,True
58506,Generic,True
58507,Generic,True
58508,Generic,True
58509,Generic,True
58510,Backdoor,True
58511,Generic,True
58512,Generic,True
58513,Generic,True
58514,Generic,True
58515,Generic,True
58516,Generic,True
58517,Generic,True
58518,Exploits,True
58519,Exploits,True
58520,DoS,True
58521,Generic,True
58522,Generic,True
58523,Fuzzers,True
58524,Exploits,True
58525,DoS,True
58526,Exploits,True
58527,Generic,True
58528,Generic,True
58529,Analysis,True
58530,Fuzzers,True
58531,Generic,True
58532,Exploits,True
58533,Generic,True
58534,Backdoor,True
58535,Generic,True
58536,Fuzzers,True
58537,Generic,True
58538,Generic,True
58539,Generic,True
58540,Fuzzers,True
58541,Exploits,True
58542,Generic,True
58543,Analysis,True
58544,Generic,True
58545,DoS,True
58546,Backdoor,True
58547,Generic,True
58548,Reconnaissance,True
58549,DoS,True
58550,Generic,True
58551,Generic,True
58552,Generic,True
58553,Exploits,True
58554,Generic,True
58555,Generic,True
58556,Exploits,True
58557,DoS,True
58558,Fuzzers,True
58559,Generic,True
58560,Generic,True
58561,Generic,True
58562,Generic,True
58563,Generic,True
58564,Generic,True
58565,Generic,True
58566,Generic,True
58567,Generic,True
58568,Generic,True
58569,Generic,True
58570,Generic,True
58571,Generic,True
58572,Fuzzers,True
58573,Generic,True
58574,Generic,True
58575,Fuzzers,True
58576,Generic,True
58577,Exploits,True
58578,Generic,True
58579,Analysis,True
58580,DoS,True
58581,Generic,True
58582,Generic,True
58583,Generic,True
58584,Backdoor,True
58585,Exploits,True
58586,Generic,True
58587,Generic,True
58588,Fuzzers,True
58589,Exploits,True
58590,Generic,True
58591,Generic,True
58592,Generic,True
58593,Fuzzers,True
58594,DoS,True
58595,Exploits,True
58596,Generic,True
58597,Analysis,True
58598,Generic,True
58599,Generic,True
58600,Generic,True
58601,Generic,True
58602,Generic,True
58603,Backdoor,True
58604,Generic,True
58605,Generic,True
58606,Generic,True
58607,Generic,True
58608,Generic,True
58609,Exploits,True
58610,Generic,True
58611,Generic,True
58612,Generic,True
58613,Generic,True
58614,DoS,True
58615,Generic,True
58616,Generic,True
58617,Generic,True
58618,Exploits,True
58619,Generic,True
58620,Generic,True
58621,Generic,True
58622,Exploits,True
58623,Reconnaissance,True
58624,Generic,True
58625,Exploits,True
58626,Generic,True
58627,Exploits,True
58628,Fuzzers,True
58629,Generic,True
58630,Generic,True
58631,Generic,True
58632,Fuzzers,True
58633,Generic,True
58634,Generic,True
58635,Fuzzers,True
58636,Generic,True
58637,Generic,True
58638,Generic,True
58639,Exploits,True
58640,Fuzzers,True
58641,Generic,True
58642,Generic,True
58643,Generic,True
58644,Generic,True
58645,Fuzzers,True
58646,Generic,True
58647,Generic,True
58648,Generic,True
58649,Generic,True
58650,Generic,True
58651,Analysis,True
58652,Reconnaissance,True
58653,Generic,True
58654,Exploits,True
58655,Fuzzers,True
58656,Generic,True
58657,Backdoor,True
58658,Backdoor,True
58659,Reconnaissance,True
58660,Generic,True
58661,Reconnaissance,True
58662,Exploits,True
58663,Generic,True
58664,Generic,True
58665,Generic,True
58666,Fuzzers,True
58667,Generic,True
58668,Generic,True
58669,DoS,True
58670,Generic,True
58671,Reconnaissance,True
58672,Generic,True
58673,Generic,True
58674,Generic,True
58675,Generic,True
58676,Generic,True
58677,Generic,True
58678,Generic,True
58679,Generic,True
58680,Generic,True
58681,Exploits,True
58682,Shellcode,True
58683,Generic,True
58684,Generic,True
58685,Generic,True
58686,Fuzzers,True
58687,Fuzzers,True
58688,Generic,True
58689,DoS,True
58690,Generic,True
58691,Generic,True
58692,Fuzzers,True
58693,Fuzzers,True
58694,Generic,True
58695,Generic,True
58696,Generic,True
58697,Exploits,True
58698,Generic,True
58699,Generic,True
58700,Analysis,True
58701,Generic,True
58702,Generic,True
58703,Generic,True
58704,Generic,True
58705,Backdoor,True
58706,Generic,True
58707,Fuzzers,True
58708,Generic,True
58709,Exploits,True
58710,Fuzzers,True
58711,DoS,True
58712,Generic,True
58713,Exploits,True
58714,Exploits,True
58715,Generic,True
58716,Generic,True
58717,Fuzzers,True
58718,Generic,True
58719,Generic,True
58720,Fuzzers,True
58721,Generic,True
58722,Generic,True
58723,Fuzzers,True
58724,Fuzzers,True
58725,Exploits,True
58726,Fuzzers,True
58727,Fuzzers,True
58728,Generic,True
58729,Generic,True
58730,Fuzzers,True
58731,Generic,True
58732,Analysis,True
58733,Generic,True
58734,Generic,True
58735,Generic,True
58736,Exploits,True
58737,Generic,True
58738,Generic,True
58739,Generic,True
58740,Fuzzers,True
58741,Exploits,True
58742,Backdoor,True
58743,Generic,True
58744,Generic,True
58745,Exploits,True
58746,DoS,True
58747,Exploits,True
58748,Generic,True
58749,Generic,True
58750,Generic,True
58751,Exploits,True
58752,DoS,True
58753,Exploits,True
58754,Generic,True
58755,Generic,True
58756,Fuzzers,True
58757,Generic,True
58758,Exploits,True
58759,Exploits,True
58760,Generic,True
58761,Fuzzers,True
58762,Exploits,True
58763,Generic,True
58764,Fuzzers,True
58765,Reconnaissance,True
58766,Generic,True
58767,Analysis,True
58768,Generic,True
58769,Generic,True
58770,Fuzzers,True
58771,Exploits,True
58772,Generic,True
58773,Backdoor,True
58774,Generic,True
58775,Exploits,True
58776,Exploits,True
58777,Analysis,True
58778,Generic,True
58779,Generic,True
58780,Generic,True
58781,Fuzzers,True
58782,Generic,True
58783,Backdoor,True
58784,Generic,True
58785,Generic,True
58786,Generic,True
58787,Fuzzers,True
58788,Generic,True
58789,Generic,True
58790,Exploits,True
58791,Generic,True
58792,Analysis,True
58793,Generic,True
58794,Generic,True
58795,Generic,True
58796,DoS,True
58797,Backdoor,True
58798,Generic,True
58799,Generic,True
58800,Exploits,True
58801,Exploits,True
58802,Generic,True
58803,Generic,True
58804,Reconnaissance,True
58805,Generic,True
58806,Generic,True
58807,Generic,True
58808,Fuzzers,True
58809,Generic,True
58810,Generic,True
58811,Generic,True
58812,Generic,True
58813,Generic,True
58814,Generic,True
58815,Generic,True
58816,Generic,True
58817,Generic,True
58818,Generic,True
58819,Generic,True
58820,Generic,True
58821,Generic,True
58822,Generic,True
58823,Generic,True
58824,Generic,True
58825,Generic,True
58826,Generic,True
58827,Generic,True
58828,Generic,True
58829,Exploits,True
58830,Generic,True
58831,Generic,True
58832,Generic,True
58833,Generic,True
58834,Generic,True
58835,Reconnaissance,True
58836,Generic,True
58837,Generic,True
58838,Exploits,True
58839,Fuzzers,True
58840,Generic,True
58841,Generic,True
58842,Generic,True
58843,DoS,True
58844,Fuzzers,True
58845,Generic,True
58846,Generic,True
58847,Generic,True
58848,Generic,True
58849,Generic,True
58850,Fuzzers,True
58851,Exploits,True
58852,Exploits,True
58853,Fuzzers,True
58854,Exploits,True
58855,Generic,True
58856,Generic,True
58857,Exploits,True
58858,Fuzzers,True
58859,Fuzzers,True
58860,Generic,True
58861,Exploits,True
58862,Fuzzers,True
58863,Generic,True
58864,Generic,True
58865,Reconnaissance,True
58866,Fuzzers,True
58867,Generic,True
58868,Generic,True
58869,Analysis,True
58870,Generic,True
58871,Generic,True
58872,Generic,True
58873,Generic,True
58874,Generic,True
58875,Generic,True
58876,Generic,True
58877,Generic,True
58878,Exploits,True
58879,Generic,True
58880,Generic,True
58881,Exploits,True
58882,Generic,True
58883,DoS,True
58884,Exploits,True
58885,Generic,True
58886,Generic,True
58887,Generic,True
58888,Exploits,True
58889,Reconnaissance,True
58890,Generic,True
58891,Shellcode,True
58892,Generic,True
58893,Generic,True
58894,DoS,True
58895,Exploits,True
58896,Generic,True
58897,Fuzzers,True
58898,Generic,True
58899,Generic,True
58900,Exploits,True
58901,Generic,True
58902,Exploits,True
58903,Fuzzers,True
58904,Generic,True
58905,Generic,True
58906,Generic,True
58907,Reconnaissance,True
58908,Fuzzers,True
58909,Generic,True
58910,Exploits,True
58911,Exploits,True
58912,Generic,True
58913,Fuzzers,True
58914,Exploits,True
58915,Fuzzers,True
58916,Exploits,True
58917,Generic,True
58918,Analysis,True
58919,Generic,True
58920,Fuzzers,True
58921,Generic,True
58922,Shellcode,True
58923,Generic,True
58924,Backdoor,True
58925,Exploits,True
58926,Generic,True
58927,Generic,True
58928,DoS,True
58929,Generic,True
58930,Generic,True
58931,Generic,True
58932,Exploits,True
58933,Fuzzers,True
58934,Generic,True
58935,Generic,True
58936,Fuzzers,True
58937,Exploits,True
58938,Fuzzers,True
58939,Fuzzers,True
58940,Backdoor,True
58941,Generic,True
58942,Fuzzers,True
58943,Generic,True
58944,Analysis,True
58945,DoS,True
58946,Exploits,True
58947,Generic,True
58948,Exploits,True
58949,Generic,True
58950,Backdoor,True
58951,DoS,True
58952,Exploits,True
58953,Generic,True
58954,Generic,True
58955,Generic,True
58956,Exploits,True
58957,Exploits,True
58958,Exploits,True
58959,Generic,True
58960,Generic,True
58961,Fuzzers,True
58962,DoS,True
58963,Generic,True
58964,Fuzzers,True
58965,Exploits,True
58966,Exploits,True
58967,Generic,True
58968,Generic,True
58969,Generic,True
58970,Fuzzers,True
58971,DoS,True
58972,Fuzzers,True
58973,Generic,True
58974,Generic,True
58975,Generic,True
58976,Generic,True
58977,Exploits,True
58978,Generic,True
58979,Fuzzers,True
58980,Generic,True
58981,Fuzzers,True
58982,Generic,True
58983,Generic,True
58984,Generic,True
58985,Fuzzers,True
58986,Fuzzers,True
58987,Generic,True
58988,Generic,True
58989,Generic,True
58990,Analysis,True
58991,Analysis,True
58992,Generic,True
58993,Generic,True
58994,Generic,True
58995,Generic,True
58996,Backdoor,True
58997,Backdoor,True
58998,Generic,True
58999,Generic,True
59000,Generic,True
59001,Exploits,True
59002,Exploits,True
59003,Exploits,True
59004,Generic,True
59005,Exploits,True
59006,Generic,True
59007,Exploits,True
59008,DoS,True
59009,Generic,True
59010,DoS,True
59011,Generic,True
59012,DoS,True
59013,DoS,True
59014,Exploits,True
59015,Generic,True
59016,Exploits,True
59017,Exploits,True
59018,Generic,True
59019,Fuzzers,True
59020,Generic,True
59021,Analysis,True
59022,Fuzzers,True
59023,Generic,True
59024,Generic,True
59025,Fuzzers,True
59026,Backdoor,True
59027,Fuzzers,True
59028,Generic,True
59029,Generic,True
59030,Generic,True
59031,Exploits,True
59032,Analysis,True
59033,Analysis,True
59034,Fuzzers,True
59035,Fuzzers,True
59036,Generic,True
59037,Backdoor,True
59038,DoS,True
59039,Fuzzers,True
59040,Generic,True
59041,Exploits,True
59042,Exploits,True
59043,Generic,True
59044,Fuzzers,True
59045,Exploits,True
59046,DoS,True
59047,Reconnaissance,True
59048,Generic,True
59049,Fuzzers,True
59050,Exploits,True
59051,Generic,True
59052,Generic,True
59053,Generic,True
59054,Fuzzers,True
59055,Analysis,True
59056,Fuzzers,True
59057,Backdoor,True
59058,Exploits,True
59059,Generic,True
59060,Generic,True
59061,Exploits,True
59062,Exploits,True
59063,Generic,True
59064,Generic,True
59065,DoS,True
59066,Generic,True
59067,Generic,True
59068,Generic,True
59069,Fuzzers,True
59070,Exploits,True
59071,Generic,True
59072,Generic,True
59073,Generic,True
59074,Generic,True
59075,Generic,True
59076,Fuzzers,True
59077,Generic,True
59078,Generic,True
59079,Generic,True
59080,Generic,True
59081,Fuzzers,True
59082,Generic,True
59083,Fuzzers,True
59084,Generic,True
59085,Reconnaissance,True
59086,Generic,True
59087,Analysis,True
59088,Generic,True
59089,Fuzzers,True
59090,Generic,True
59091,Generic,True
59092,Backdoor,True
59093,Fuzzers,True
59094,Generic,True
59095,Generic,True
59096,Exploits,True
59097,Analysis,True
59098,Exploits,True
59099,Generic,True
59100,Generic,True
59101,Fuzzers,True
59102,Backdoor,True
59103,Generic,True
59104,Generic,True
59105,DoS,True
59106,Generic,True
59107,Generic,True
59108,Exploits,True
59109,Generic,True
59110,Generic,True
59111,Exploits,True
59112,Exploits,True
59113,Generic,True
59114,DoS,True
59115,Generic,True
59116,Generic,True
59117,Fuzzers,True
59118,Fuzzers,True
59119,Generic,True
59120,Fuzzers,True
59121,DoS,True
59122,Generic,True
59123,Exploits,True
59124,Generic,True
59125,Generic,True
59126,Analysis,True
59127,Backdoor,True
59128,Exploits,True
59129,Generic,True
59130,Generic,True
59131,Fuzzers,True
59132,Generic,True
59133,Exploits,True
59134,Reconnaissance,True
59135,Generic,True
59136,Reconnaissance,True
59137,Generic,True
59138,Fuzzers,True
59139,Reconnaissance,True
59140,Exploits,True
59141,Generic,True
59142,Generic,True
59143,Generic,True
59144,Analysis,True
59145,Analysis,True
59146,Generic,True
59147,Generic,True
59148,Generic,True
59149,Generic,True
59150,Fuzzers,True
59151,Generic,True
59152,Backdoor,True
59153,Generic,True
59154,Generic,True
59155,Generic,True
59156,Generic,True
59157,Generic,True
59158,Fuzzers,True
59159,Fuzzers,True
59160,Exploits,True
59161,Generic,True
59162,Generic,True
59163,Generic,True
59164,Generic,True
59165,Analysis,True
59166,Generic,True
59167,Fuzzers,True
59168,DoS,True
59169,Generic,True
59170,Generic,True
59171,Generic,True
59172,Generic,True
59173,Backdoor,True
59174,Generic,True
59175,Analysis,True
59176,Exploits,True
59177,Generic,True
59178,Exploits,True
59179,Generic,True
59180,Generic,True
59181,Exploits,True
59182,Backdoor,True
59183,Fuzzers,True
59184,Generic,True
59185,Generic,True
59186,Generic,True
59187,Exploits,True
59188,DoS,True
59189,Fuzzers,True
59190,Exploits,True
59191,DoS,True
59192,Exploits,True
59193,Shellcode,True
59194,Exploits,True
59195,Generic,True
59196,Generic,True
59197,Fuzzers,True
59198,DoS,True
59199,Reconnaissance,True
59200,Fuzzers,True
59201,Reconnaissance,True
59202,Generic,True
59203,Generic,True
59204,Exploits,True
59205,Analysis,True
59206,Fuzzers,True
59207,Generic,True
59208,Exploits,True
59209,Backdoor,True
59210,Reconnaissance,True
59211,Exploits,True
59212,Generic,True
59213,Generic,True
59214,Shellcode,True
59215,DoS,True
59216,Generic,True
59217,Generic,True
59218,Generic,True
59219,Generic,True
59220,Exploits,True
59221,Generic,True
59222,Generic,True
59223,Generic,True
59224,Fuzzers,True
59225,Generic,True
59226,Generic,True
59227,Fuzzers,True
59228,Generic,True
59229,Generic,True
59230,Exploits,True
59231,Generic,True
59232,Generic,True
59233,Generic,True
59234,Generic,True
59235,Generic,True
59236,Generic,True
59237,Generic,True
59238,Fuzzers,True
59239,Generic,True
59240,Generic,True
59241,Generic,True
59242,Generic,True
59243,Exploits,True
59244,Generic,True
59245,Fuzzers,True
59246,Generic,True
59247,Generic,True
59248,Fuzzers,True
59249,Generic,True
59250,Generic,True
59251,Generic,True
59252,Generic,True
59253,Analysis,True
59254,Generic,True
59255,Generic,True
59256,Fuzzers,True
59257,Generic,True
59258,Generic,True
59259,Generic,True
59260,DoS,True
59261,Backdoor,True
59262,Generic,True
59263,Generic,True
59264,Fuzzers,True
59265,Generic,True
59266,Fuzzers,True
59267,Generic,True
59268,Generic,True
59269,Exploits,True
59270,Generic,True
59271,Generic,True
59272,Fuzzers,True
59273,Reconnaissance,True
59274,Generic,True
59275,Generic,True
59276,Fuzzers,True
59277,Generic,True
59278,Generic,True
59279,Exploits,True
59280,Generic,True
59281,Analysis,True
59282,Exploits,True
59283,Fuzzers,True
59284,Fuzzers,True
59285,Generic,True
59286,Backdoor,True
59287,DoS,True
59288,Generic,True
59289,Fuzzers,True
59290,Exploits,True
59291,Generic,True
59292,Generic,True
59293,Fuzzers,True
59294,Generic,True
59295,DoS,True
59296,Generic,True
59297,Reconnaissance,True
59298,Exploits,True
59299,Reconnaissance,True
59300,Fuzzers,True
59301,Generic,True
59302,Exploits,True
59303,Fuzzers,True
59304,Fuzzers,True
59305,Fuzzers,True
59306,Generic,True
59307,Reconnaissance,True
59308,Generic,True
59309,Generic,True
59310,Generic,True
59311,Generic,True
59312,Generic,True
59313,Exploits,True
59314,Generic,True
59315,Generic,True
59316,Fuzzers,True
59317,Exploits,True
59318,Fuzzers,True
59319,DoS,True
59320,Generic,True
59321,Reconnaissance,True
59322,Generic,True
59323,Exploits,False
59324,Generic,True
59325,Generic,True
59326,Fuzzers,True
59327,Generic,True
59328,DoS,True
59329,Generic,True
59330,Generic,True
59331,Generic,True
59332,Fuzzers,True
59333,Exploits,True
59334,Fuzzers,True
59335,Fuzzers,True
59336,Exploits,True
59337,Exploits,True
59338,Generic,True
59339,Generic,True
59340,Generic,True
59341,Fuzzers,True
59342,Reconnaissance,True
59343,Reconnaissance,True
59344,Generic,True
59345,Shellcode,True
59346,Generic,True
59347,Generic,True
59348,Exploits,True
59349,Reconnaissance,True
59350,Reconnaissance,True
59351,Generic,True
59352,Fuzzers,True
59353,Generic,True
59354,Fuzzers,True
59355,Generic,True
59356,Shellcode,True
59357,Exploits,True
59358,Exploits,True
59359,Analysis,True
59360,Generic,True
59361,Shellcode,True
59362,Exploits,True
59363,Exploits,True
59364,Exploits,True
59365,Backdoor,True
59366,Generic,True
59367,Exploits,True
59368,Reconnaissance,True
59369,Exploits,True
59370,Fuzzers,True
59371,Generic,True
59372,DoS,True
59373,Reconnaissance,True
59374,Exploits,True
59375,Generic,True
59376,Exploits,True
59377,Generic,True
59378,Generic,True
59379,Generic,True
59380,Generic,True
59381,Backdoor,True
59382,Generic,True
59383,Generic,True
59384,Generic,True
59385,Generic,True
59386,Generic,True
59387,Generic,True
59388,Generic,True
59389,Reconnaissance,True
59390,Generic,True
59391,Generic,True
59392,Generic,True
59393,Generic,True
59394,Exploits,True
59395,Generic,True
59396,Generic,True
59397,Fuzzers,True
59398,Generic,True
59399,Generic,True
59400,Generic,True
59401,Generic,True
59402,Generic,True
59403,Reconnaissance,True
59404,Generic,True
59405,Generic,True
59406,Reconnaissance,True
59407,Generic,True
59408,Fuzzers,True
59409,Generic,True
59410,Generic,True
59411,Reconnaissance,True
59412,Generic,True
59413,Generic,True
59414,Exploits,True
59415,Generic,True
59416,Exploits,True
59417,Generic,True
59418,Reconnaissance,True
59419,Generic,True
59420,Generic,True
59421,Generic,True
59422,Fuzzers,True
59423,Generic,True
59424,Generic,True
59425,Exploits,True
59426,Exploits,True
59427,DoS,True
59428,Generic,True
59429,Fuzzers,True
59430,Generic,True
59431,Fuzzers,True
59432,Exploits,True
59433,Fuzzers,True
59434,Exploits,True
59435,Exploits,True
59436,Exploits,True
59437,Fuzzers,True
59438,Generic,True
59439,Generic,True
59440,Fuzzers,True
59441,Exploits,True
59442,Reconnaissance,True
59443,Exploits,True
59444,Generic,True
59445,Fuzzers,True
59446,Fuzzers,True
59447,Generic,True
59448,Fuzzers,True
59449,Fuzzers,True
59450,Generic,True
59451,Generic,True
59452,Generic,True
59453,Generic,True
59454,Generic,True
59455,Exploits,True
59456,Generic,True
59457,Shellcode,True
59458,Generic,True
59459,Generic,True
59460,Generic,True
59461,Exploits,True
59462,Generic,True
59463,Generic,True
59464,Generic,True
59465,Generic,True
59466,Fuzzers,True
59467,Generic,True
59468,Generic,True
59469,Generic,True
59470,Generic,True
59471,Generic,True
59472,Generic,True
59473,Fuzzers,True
59474,Reconnaissance,True
59475,Generic,True
59476,Generic,True
59477,Fuzzers,True
59478,Generic,True
59479,Generic,True
59480,Generic,True
59481,Fuzzers,True
59482,Generic,True
59483,Generic,True
59484,Generic,True
59485,Generic,True
59486,Generic,True
59487,Generic,True
59488,Generic,True
59489,Generic,True
59490,DoS,True
59491,Generic,True
59492,Generic,True
59493,Generic,True
59494,Generic,True
59495,Fuzzers,True
59496,Generic,True
59497,Generic,True
59498,Generic,True
59499,Reconnaissance,True
59500,Exploits,True
59501,Fuzzers,True
59502,Generic,True
59503,Reconnaissance,True
59504,DoS,True
59505,Generic,True
59506,Fuzzers,True
59507,Shellcode,True
59508,Generic,True
59509,Backdoor,True
59510,Generic,True
59511,Fuzzers,True
59512,Fuzzers,True
59513,Generic,True
59514,Exploits,True
59515,Generic,True
59516,Exploits,True
59517,Generic,True
59518,Exploits,True
59519,Analysis,True
59520,Exploits,True
59521,Generic,True
59522,Exploits,True
59523,Fuzzers,True
59524,DoS,True
59525,Generic,True
59526,Backdoor,True
59527,Reconnaissance,True
59528,Exploits,True
59529,Exploits,True
59530,DoS,True
59531,Generic,True
59532,Exploits,True
59533,Exploits,True
59534,Fuzzers,True
59535,Generic,True
59536,Exploits,True
59537,Fuzzers,True
59538,Generic,True
59539,Analysis,True
59540,Exploits,True
59541,Generic,True
59542,Generic,True
59543,DoS,True
59544,Fuzzers,True
59545,Analysis,True
59546,Generic,True
59547,Generic,True
59548,Generic,True
59549,Generic,True
59550,Generic,True
59551,Exploits,True
59552,Reconnaissance,True
59553,Generic,True
59554,Generic,True
59555,Generic,True
59556,Exploits,True
59557,Generic,True
59558,Generic,True
59559,Fuzzers,True
59560,Reconnaissance,True
59561,Generic,True
59562,Generic,True
59563,Generic,True
59564,Generic,True
59565,Analysis,True
59566,Generic,True
59567,Fuzzers,True
59568,Generic,True
59569,Generic,True
59570,Fuzzers,True
59571,Fuzzers,True
59572,Generic,True
59573,Generic,True
59574,Analysis,True
59575,Generic,True
59576,Generic,True
59577,Generic,True
59578,Fuzzers,True
59579,Generic,True
59580,Generic,True
59581,Generic,True
59582,Backdoor,True
59583,Generic,True
59584,Fuzzers,True
59585,Reconnaissance,True
59586,Fuzzers,True
59587,Shellcode,True
59588,Exploits,True
59589,Exploits,True
59590,Generic,True
59591,Generic,True
59592,Analysis,True
59593,Reconnaissance,True
59594,Generic,True
59595,Fuzzers,True
59596,DoS,True
59597,Generic,True
59598,Generic,True
59599,Generic,True
59600,Generic,True
59601,Analysis,True
59602,Exploits,True
59603,DoS,True
59604,Exploits,True
59605,Generic,True
59606,Generic,True
59607,Generic,True
59608,Exploits,True
59609,DoS,True
59610,Fuzzers,True
59611,Fuzzers,True
59612,Generic,True
59613,Generic,True
59614,Generic,True
59615,Fuzzers,True
59616,Generic,True
59617,Fuzzers,True
59618,DoS,True
59619,Fuzzers,True
59620,Generic,True
59621,Generic,True
59622,Generic,True
59623,Fuzzers,True
59624,Generic,True
59625,Fuzzers,True
59626,Analysis,True
59627,Fuzzers,True
59628,Generic,True
59629,Generic,True
59630,Generic,True
59631,Exploits,True
59632,DoS,True
59633,Fuzzers,True
59634,Generic,True
59635,Generic,True
59636,Backdoor,True
59637,Analysis,True
59638,Generic,True
59639,Generic,True
59640,Exploits,True
59641,Generic,True
59642,Fuzzers,True
59643,Generic,True
59644,Exploits,True
59645,Generic,True
59646,Generic,True
59647,Reconnaissance,True
59648,Generic,True
59649,Generic,True
59650,Reconnaissance,True
59651,Generic,True
59652,DoS,True
59653,Generic,True
59654,Reconnaissance,True
59655,Generic,True
59656,Fuzzers,True
59657,Generic,True
59658,Generic,True
59659,Exploits,True
59660,Generic,True
59661,Fuzzers,True
59662,Generic,True
59663,Generic,True
59664,Fuzzers,True
59665,Generic,True
59666,Generic,True
59667,Fuzzers,True
59668,DoS,True
59669,Generic,True
59670,Generic,True
59671,Exploits,True
59672,Generic,True
59673,Exploits,True
59674,Fuzzers,True
59675,Generic,True
59676,Generic,True
59677,Generic,True
59678,Generic,True
59679,Generic,True
59680,Generic,True
59681,Generic,True
59682,Analysis,True
59683,Generic,True
59684,Reconnaissance,True
59685,Generic,True
59686,Generic,True
59687,Generic,True
59688,Generic,True
59689,Generic,True
59690,Backdoor,True
59691,Generic,True
59692,Generic,True
59693,Generic,True
59694,Fuzzers,True
59695,Generic,True
59696,Fuzzers,True
59697,Generic,True
59698,Exploits,True
59699,Generic,True
59700,Generic,True
59701,Exploits,True
59702,Generic,True
59703,Exploits,True
59704,DoS,True
59705,Generic,True
59706,Generic,True
59707,Reconnaissance,True
59708,Generic,True
59709,Generic,True
59710,Generic,True
59711,Exploits,True
59712,Fuzzers,True
59713,Generic,True
59714,Generic,True
59715,Generic,True
59716,Generic,True
59717,Generic,True
59718,Fuzzers,True
59719,Generic,True
59720,Fuzzers,True
59721,Generic,True
59722,Generic,True
59723,Generic,True
59724,Generic,True
59725,Generic,True
59726,Fuzzers,True
59727,Generic,True
59728,Fuzzers,True
59729,Generic,True
59730,Generic,True
59731,Generic,True
59732,Generic,True
59733,Reconnaissance,True
59734,Generic,True
59735,Exploits,True
59736,Analysis,True
59737,Generic,True
59738,Generic,True
59739,Generic,True
59740,Generic,True
59741,Generic,True
59742,Fuzzers,True
59743,Backdoor,True
59744,Generic,True
59745,Generic,True
59746,Generic,True
59747,Generic,True
59748,Generic,True
59749,Generic,True
59750,Generic,True
59751,Exploits,True
59752,Generic,True
59753,Generic,True
59754,Fuzzers,True
59755,Generic,True
59756,Generic,True
59757,Generic,True
59758,Generic,True
59759,DoS,True
59760,Generic,True
59761,Generic,True
59762,Generic,True
59763,Generic,True
59764,Generic,True
59765,Exploits,True
59766,Generic,True
59767,Reconnaissance,True
59768,Generic,True
59769,Generic,True
59770,Fuzzers,True
59771,Generic,True
59772,Fuzzers,True
59773,Generic,True
59774,Generic,True
59775,Exploits,True
59776,Reconnaissance,True
59777,Generic,True
59778,Generic,True
59779,Fuzzers,True
59780,Generic,True
59781,Generic,True
59782,Generic,True
59783,Exploits,True
59784,Reconnaissance,True
59785,Generic,True
59786,Generic,True
59787,Analysis,True
59788,Fuzzers,True
59789,Generic,True
59790,Generic,True
59791,Fuzzers,True
59792,Generic,True
59793,Generic,True
59794,Backdoor,True
59795,Generic,True
59796,Worms,True
59797,Fuzzers,True
59798,Generic,True
59799,Generic,True
59800,Generic,True
59801,Generic,True
59802,Exploits,True
59803,Generic,True
59804,Exploits,True
59805,DoS,True
59806,Generic,True
59807,Generic,True
59808,Generic,True
59809,DoS,True
59810,Generic,True
59811,Generic,True
59812,Reconnaissance,True
59813,Exploits,True
59814,Generic,True
59815,Generic,True
59816,Generic,True
59817,Generic,True
59818,Fuzzers,True
59819,Exploits,True
59820,Generic,True
59821,Fuzzers,True
59822,Generic,True
59823,Exploits,True
59824,Generic,True
59825,Generic,True
59826,Fuzzers,True
59827,Generic,True
59828,Generic,True
59829,Generic,True
59830,Generic,True
59831,Generic,True
59832,Generic,True
59833,Fuzzers,True
59834,Exploits,True
59835,Generic,True
59836,Generic,True
59837,Generic,True
59838,Generic,True
59839,Analysis,True
59840,Exploits,True
59841,Generic,True
59842,Generic,True
59843,Generic,True
59844,Generic,True
59845,Reconnaissance,True
59846,Exploits,True
59847,Backdoor,True
59848,DoS,True
59849,Generic,True
59850,Generic,True
59851,Exploits,True
59852,Fuzzers,True
59853,Exploits,True
59854,Fuzzers,True
59855,Exploits,True
59856,Generic,True
59857,Generic,True
59858,Fuzzers,True
59859,Generic,True
59860,Fuzzers,True
59861,Fuzzers,True
59862,DoS,True
59863,Generic,True
59864,Generic,True
59865,Exploits,True
59866,Generic,True
59867,Generic,True
59868,Exploits,True
59869,Exploits,True
59870,Reconnaissance,True
59871,Exploits,True
59872,Generic,True
59873,Generic,True
59874,Generic,True
59875,Fuzzers,True
59876,Generic,True
59877,Fuzzers,True
59878,Generic,True
59879,Generic,True
59880,DoS,True
59881,Generic,True
59882,DoS,True
59883,Generic,True
59884,Reconnaissance,True
59885,Fuzzers,True
59886,Exploits,True
59887,Exploits,True
59888,Generic,True
59889,Exploits,True
59890,Backdoor,True
59891,Generic,True
59892,Generic,True
59893,Reconnaissance,True
59894,Generic,True
59895,Generic,True
59896,Generic,True
59897,Analysis,True
59898,Generic,True
59899,Generic,True
59900,Generic,True
59901,Reconnaissance,True
59902,Reconnaissance,True
59903,Generic,True
59904,Fuzzers,True
59905,Generic,True
59906,Generic,True
59907,Fuzzers,True
59908,Generic,True
59909,Fuzzers,True
59910,Fuzzers,True
59911,Reconnaissance,True
59912,Fuzzers,True
59913,Generic,True
59914,Generic,True
59915,Fuzzers,True
59916,Reconnaissance,True
59917,Exploits,True
59918,Fuzzers,True
59919,Fuzzers,True
59920,Generic,True
59921,Exploits,True
59922,Fuzzers,True
59923,Fuzzers,True
59924,Exploits,True
59925,Generic,True
59926,Fuzzers,True
59927,Fuzzers,True
59928,Generic,True
59929,DoS,True
59930,Exploits,True
59931,Exploits,True
59932,Generic,True
59933,Fuzzers,True
59934,DoS,True
59935,Generic,True
59936,Generic,True
59937,Reconnaissance,True
59938,Generic,True
59939,Generic,True
59940,Generic,True
59941,Generic,True
59942,Backdoor,True
59943,Generic,True
59944,Reconnaissance,True
59945,Generic,True
59946,Generic,True
59947,Generic,True
59948,Exploits,True
59949,Generic,True
59950,Generic,True
59951,Reconnaissance,True
59952,Generic,True
59953,Generic,True
59954,Generic,True
59955,Generic,True
59956,DoS,True
59957,Generic,True
59958,Generic,True
59959,Generic,True
59960,Generic,True
59961,Generic,True
59962,Generic,True
59963,Generic,True
59964,Fuzzers,True
59965,Exploits,True
59966,Generic,True
59967,Generic,True
59968,Generic,True
59969,Generic,True
59970,Generic,True
59971,Generic,True
59972,Generic,True
59973,Generic,True
59974,Fuzzers,True
59975,Generic,True
59976,Generic,True
59977,Generic,True
59978,Generic,True
59979,Generic,True
59980,Generic,True
59981,Generic,True
59982,Fuzzers,True
59983,Generic,True
59984,Generic,True
59985,Reconnaissance,True
59986,Fuzzers,True
59987,Fuzzers,True
59988,Generic,True
59989,Analysis,True
59990,Reconnaissance,True
59991,Reconnaissance,True
59992,Fuzzers,True
59993,Reconnaissance,True
59994,Reconnaissance,True
59995,DoS,True
59996,Generic,True
59997,Backdoor,True
59998,Generic,True
59999,Fuzzers,True
60000,Reconnaissance,True
60001,Analysis,False
60002,Reconnaissance,True
60003,Generic,True
60004,Exploits,True
60005,Exploits,True
60006,Generic,True
60007,Fuzzers,True
60008,Shellcode,True
60009,Exploits,True
60010,Generic,True
60011,DoS,True
60012,Reconnaissance,True
60013,Fuzzers,True
60014,Generic,True
60015,Generic,True
60016,Exploits,True
60017,Generic,True
60018,Backdoor,True
60019,Exploits,True
60020,Generic,True
60021,Reconnaissance,True
60022,Fuzzers,True
60023,Generic,True
60024,Generic,True
60025,Generic,True
60026,Exploits,True
60027,Generic,True
60028,Fuzzers,True
60029,Generic,True
60030,Generic,True
60031,Fuzzers,True
60032,Generic,True
60033,Generic,True
60034,Fuzzers,True
60035,Fuzzers,True
60036,Generic,True
60037,Generic,True
60038,Generic,True
60039,DoS,True
60040,Generic,True
60041,Generic,True
60042,Exploits,True
60043,Generic,True
60044,Generic,True
60045,Generic,True
60046,Exploits,True
60047,Exploits,True
60048,Generic,True
60049,Reconnaissance,True
60050,Generic,True
60051,Generic,True
60052,Generic,True
60053,DoS,True
60054,Reconnaissance,True
60055,Generic,True
60056,Generic,True
60057,Generic,True
60058,Exploits,True
60059,Generic,True
60060,Generic,True
60061,DoS,True
60062,Fuzzers,True
60063,Exploits,True
60064,Generic,True
60065,Reconnaissance,True
60066,Generic,True
60067,Generic,True
60068,Generic,True
60069,Reconnaissance,True
60070,Exploits,True
60071,Fuzzers,True
60072,Exploits,True
60073,Fuzzers,True
60074,Fuzzers,True
60075,Exploits,True
60076,Exploits,True
60077,Reconnaissance,True
60078,Generic,True
60079,Fuzzers,True
60080,Fuzzers,True
60081,Fuzzers,True
60082,Exploits,True
60083,Fuzzers,True
60084,Generic,True
60085,Fuzzers,True
60086,Generic,True
60087,Fuzzers,True
60088,Fuzzers,True
60089,Shellcode,True
60090,Exploits,True
60091,Fuzzers,True
60092,Generic,True
60093,Generic,True
60094,Generic,True
60095,Exploits,True
60096,Generic,True
60097,Analysis,True
60098,Generic,True
60099,Generic,True
60100,Fuzzers,True
60101,Generic,True
60102,Generic,True
60103,Fuzzers,True
60104,Analysis,True
60105,Generic,True
60106,Generic,True
60107,Generic,True
60108,Reconnaissance,True
60109,Generic,True
60110,Generic,True
60111,Generic,True
60112,Generic,True
60113,Generic,True
60114,Generic,True
60115,Exploits,True
60116,Exploits,True
60117,Generic,True
60118,Exploits,True
60119,Generic,True
60120,Generic,True
60121,Generic,True
60122,Fuzzers,True
60123,Generic,True
60124,Generic,True
60125,Generic,True
60126,Exploits,True
60127,Generic,True
60128,Generic,True
60129,Analysis,True
60130,Generic,True
60131,Generic,True
60132,Generic,True
60133,Generic,True
60134,Generic,True
60135,Backdoor,True
60136,Generic,True
60137,Fuzzers,True
60138,Exploits,True
60139,Generic,True
60140,Fuzzers,True
60141,Exploits,True
60142,Fuzzers,True
60143,Generic,True
60144,Generic,True
60145,Exploits,True
60146,Generic,True
60147,DoS,True
60148,Exploits,True
60149,Exploits,True
60150,Generic,True
60151,Fuzzers,True
60152,Exploits,True
60153,Generic,True
60154,Exploits,True
60155,Reconnaissance,True
60156,Exploits,True
60157,Generic,True
60158,Fuzzers,True
60159,Generic,True
60160,Generic,True
60161,Fuzzers,True
60162,Fuzzers,True
60163,Fuzzers,True
60164,Generic,True
60165,Generic,True
60166,Shellcode,True
60167,Shellcode,True
60168,Generic,True
60169,Fuzzers,True
60170,Fuzzers,True
60171,Generic,True
60172,Generic,True
60173,Exploits,True
60174,Exploits,True
60175,Generic,True
60176,Fuzzers,True
60177,Generic,True
60178,Exploits,True
60179,Fuzzers,True
60180,Generic,True
60181,Exploits,True
60182,Generic,True
60183,Generic,True
60184,Generic,True
60185,Generic,True
60186,Generic,True
60187,Exploits,True
60188,Generic,True
60189,Generic,True
60190,Generic,True
60191,Generic,True
60192,Generic,True
60193,Generic,True
60194,Generic,True
60195,Generic,True
60196,Generic,True
60197,Generic,True
60198,Reconnaissance,True
60199,Exploits,True
60200,Exploits,True
60201,Generic,True
60202,Generic,True
60203,Fuzzers,True
60204,Exploits,True
60205,Exploits,True
60206,Generic,True
60207,Exploits,True
60208,Exploits,True
60209,Fuzzers,True
60210,Generic,True
60211,Fuzzers,True
60212,DoS,True
60213,Exploits,True
60214,Generic,True
60215,Generic,True
60216,Reconnaissance,True
60217,Generic,True
60218,Generic,True
60219,Exploits,True
60220,DoS,True
60221,Analysis,True
60222,Reconnaissance,True
60223,Generic,True
60224,Generic,True
60225,Generic,True
60226,Fuzzers,True
60227,Generic,True
60228,Generic,True
60229,Generic,True
60230,Backdoor,True
60231,Generic,True
60232,Fuzzers,True
60233,Generic,True
60234,Generic,True
60235,Generic,True
60236,Exploits,True
60237,Generic,True
60238,Generic,True
60239,Generic,True
60240,Generic,True
60241,Generic,True
60242,Generic,True
60243,Fuzzers,True
60244,Generic,True
60245,Generic,True
60246,DoS,True
60247,Generic,True
60248,Generic,True
60249,Generic,True
60250,Generic,True
60251,Generic,True
60252,Fuzzers,True
60253,Exploits,True
60254,Generic,True
60255,Generic,True
60256,Generic,True
60257,Exploits,True
60258,Generic,True
60259,Generic,True
60260,Exploits,True
60261,Reconnaissance,True
60262,Generic,True
60263,Generic,True
60264,DoS,True
60265,Generic,True
60266,Generic,True
60267,Generic,True
60268,Fuzzers,True
60269,Generic,True
60270,Generic,True
60271,Exploits,True
60272,Generic,True
60273,Generic,True
60274,Exploits,True
60275,Generic,True
60276,Fuzzers,True
60277,Generic,True
60278,Fuzzers,True
60279,Generic,True
60280,Generic,True
60281,Generic,True
60282,Exploits,True
60283,Generic,True
60284,Exploits,True
60285,Generic,True
60286,Reconnaissance,True
60287,Fuzzers,True
60288,Fuzzers,True
60289,Generic,True
60290,Generic,True
60291,Reconnaissance,True
60292,Generic,True
60293,Generic,True
60294,Generic,True
60295,Fuzzers,True
60296,Generic,True
60297,Generic,True
60298,Generic,True
60299,Generic,True
60300,Generic,True
60301,Generic,True
60302,Exploits,True
60303,Generic,True
60304,Generic,True
60305,Generic,True
60306,Exploits,True
60307,Generic,True
60308,Generic,True
60309,Generic,True
60310,Generic,True
60311,Reconnaissance,True
60312,Fuzzers,True
60313,Exploits,True
60314,Generic,True
60315,Shellcode,True
60316,Analysis,False
60317,Generic,True
60318,Generic,True
60319,Exploits,True
60320,Analysis,False
60321,Generic,True
60322,Generic,True
60323,Generic,True
60324,DoS,True
60325,Generic,True
60326,Generic,True
60327,Fuzzers,True
60328,Generic,True
60329,Exploits,True
60330,Exploits,True
60331,Generic,True
60332,Fuzzers,True
60333,Generic,True
60334,Generic,True
60335,Fuzzers,True
60336,Fuzzers,True
60337,Reconnaissance,True
60338,Fuzzers,True
60339,Reconnaissance,True
60340,Generic,True
60341,Generic,True
60342,Fuzzers,True
60343,Fuzzers,True
60344,Exploits,True
60345,Exploits,True
60346,Analysis,True
60347,Worms,True
60348,Exploits,True
60349,Exploits,True
60350,Exploits,True
60351,Generic,True
60352,Reconnaissance,True
60353,Reconnaissance,True
60354,Backdoor,True
60355,Reconnaissance,True
60356,Exploits,True
60357,Reconnaissance,True
60358,Generic,True
60359,Generic,True
60360,Generic,True
60361,Reconnaissance,True
60362,Exploits,True
60363,Generic,True
60364,Exploits,True
60365,Exploits,True
60366,Generic,True
60367,Generic,True
60368,Generic,True
60369,DoS,True
60370,Fuzzers,True
60371,Generic,True
60372,Fuzzers,True
60373,Generic,True
60374,Exploits,True
60375,Generic,True
60376,Generic,True
60377,Exploits,True
60378,Generic,True
60379,Fuzzers,True
60380,Generic,True
60381,Generic,True
60382,Generic,True
60383,Exploits,True
60384,Generic,True
60385,Fuzzers,True
60386,Generic,True
60387,Exploits,True
60388,Fuzzers,True
60389,Generic,True
60390,Fuzzers,True
60391,Fuzzers,True
60392,Generic,True
60393,DoS,True
60394,Reconnaissance,True
60395,Generic,True
60396,Generic,True
60397,Generic,True
60398,Exploits,True
60399,Analysis,True
60400,Generic,True
60401,Exploits,True
60402,Fuzzers,True
60403,Generic,True
60404,Generic,True
60405,Generic,True
60406,Exploits,True
60407,Backdoor,True
60408,Generic,True
60409,Analysis,True
60410,Fuzzers,True
60411,Generic,True
60412,Generic,True
60413,Generic,True
60414,Exploits,True
60415,Generic,True
60416,Generic,True
60417,Generic,True
60418,Generic,True
60419,Generic,True
60420,DoS,True
60421,Reconnaissance,True
60422,Generic,True
60423,Exploits,True
60424,Reconnaissance,True
60425,Generic,True
60426,Reconnaissance,True
60427,Generic,True
60428,Exploits,True
60429,Reconnaissance,True
60430,Reconnaissance,True
60431,Generic,True
60432,Exploits,True
60433,Generic,True
60434,Fuzzers,True
60435,Analysis,False
60436,Fuzzers,True
60437,Exploits,True
60438,Exploits,True
60439,Reconnaissance,True
60440,Generic,True
60441,Reconnaissance,True
60442,Exploits,True
60443,Reconnaissance,True
60444,Exploits,True
60445,Fuzzers,True
60446,Reconnaissance,True
60447,Reconnaissance,True
60448,Generic,True
60449,Reconnaissance,True
60450,Analysis,True
60451,Generic,True
60452,Analysis,True
60453,Reconnaissance,True
60454,Exploits,True
60455,Exploits,True
60456,Generic,True
60457,Generic,True
60458,Exploits,True
60459,Reconnaissance,True
60460,Backdoor,True
60461,Reconnaissance,True
60462,Exploits,True
60463,Generic,True
60464,Fuzzers,True
60465,Fuzzers,True
60466,Exploits,True
60467,Exploits,True
60468,Exploits,True
60469,Fuzzers,True
60470,Fuzzers,True
60471,Generic,True
60472,Backdoor,True
60473,Exploits,True
60474,DoS,True
60475,Generic,True
60476,Generic,True
60477,Fuzzers,True
60478,Exploits,True
60479,Generic,True
60480,Generic,True
60481,Generic,True
60482,Generic,True
60483,Generic,True
60484,Reconnaissance,True
60485,Exploits,True
60486,Exploits,True
60487,Generic,True
60488,Generic,True
60489,Generic,True
60490,Generic,True
60491,Fuzzers,True
60492,Reconnaissance,True
60493,Generic,True
60494,Fuzzers,True
60495,Generic,True
60496,Generic,True
60497,Generic,True
60498,Generic,True
60499,Generic,True
60500,Fuzzers,True
60501,Fuzzers,True
60502,Fuzzers,True
60503,Fuzzers,True
60504,Generic,True
60505,Fuzzers,True
60506,Generic,True
60507,Fuzzers,True
60508,Analysis,True
60509,Generic,True
60510,Exploits,True
60511,Generic,True
60512,Generic,True
60513,Fuzzers,True
60514,Shellcode,True
60515,Fuzzers,True
60516,Generic,True
60517,Reconnaissance,True
60518,Backdoor,True
60519,Generic,True
60520,Generic,True
60521,Reconnaissance,True
60522,Generic,True
60523,DoS,True
60524,Generic,True
60525,Generic,True
60526,Exploits,True
60527,Exploits,True
60528,Reconnaissance,True
60529,Exploits,True
60530,Generic,True
60531,Generic,True
60532,Fuzzers,True
60533,Generic,True
60534,Exploits,True
60535,DoS,True
60536,Reconnaissance,True
60537,Generic,True
60538,Generic,True
60539,Generic,True
60540,Reconnaissance,True
60541,Generic,True
60542,Exploits,True
60543,Generic,True
60544,Fuzzers,True
60545,Exploits,True
60546,Exploits,True
60547,DoS,True
60548,Fuzzers,True
60549,Exploits,True
60550,Fuzzers,True
60551,Generic,True
60552,Generic,True
60553,Fuzzers,True
60554,Generic,True
60555,Exploits,True
60556,Generic,True
60557,Exploits,True
60558,Generic,True
60559,Fuzzers,True
60560,Generic,True
60561,Fuzzers,True
60562,Generic,True
60563,Generic,True
60564,Generic,True
60565,Generic,True
60566,Generic,True
60567,Generic,True
60568,Exploits,True
60569,Fuzzers,True
60570,Generic,True
60571,Generic,True
60572,Generic,True
60573,Exploits,True
60574,Exploits,True
60575,Generic,True
60576,Generic,True
60577,Generic,True
60578,Analysis,True
60579,Generic,True
60580,Generic,True
60581,Generic,True
60582,Generic,True
60583,Generic,True
60584,Generic,True
60585,Exploits,True
60586,Backdoor,True
60587,DoS,True
60588,Generic,True
60589,Generic,True
60590,DoS,True
60591,Fuzzers,True
60592,Exploits,True
60593,Generic,True
60594,Exploits,True
60595,DoS,True
60596,Exploits,True
60597,Generic,True
60598,Fuzzers,True
60599,Fuzzers,True
60600,DoS,True
60601,Generic,True
60602,Fuzzers,True
60603,Exploits,True
60604,Exploits,True
60605,Fuzzers,True
60606,Generic,True
60607,Exploits,True
60608,DoS,True
60609,Reconnaissance,True
60610,DoS,True
60611,Generic,True
60612,Generic,True
60613,Generic,True
60614,Generic,True
60615,Exploits,True
60616,Fuzzers,True
60617,Generic,True
60618,Generic,True
60619,Generic,True
60620,Generic,True
60621,Generic,True
60622,Generic,True
60623,Fuzzers,True
60624,Generic,True
60625,Generic,True
60626,Generic,True
60627,Generic,True
60628,Generic,True
60629,Generic,True
60630,Reconnaissance,True
60631,Exploits,True
60632,Generic,True
60633,Fuzzers,True
60634,Reconnaissance,True
60635,Generic,True
60636,Exploits,True
60637,Fuzzers,True
60638,Generic,True
60639,Exploits,True
60640,Fuzzers,True
60641,Generic,True
60642,Reconnaissance,True
60643,Fuzzers,True
60644,Exploits,True
60645,Generic,True
60646,Generic,True
60647,Generic,True
60648,Exploits,True
60649,Generic,True
60650,Generic,True
60651,Generic,True
60652,Exploits,True
60653,Generic,True
60654,Generic,True
60655,Generic,True
60656,Generic,True
60657,DoS,True
60658,Fuzzers,True
60659,Generic,True
60660,Generic,True
60661,Generic,True
60662,Generic,True
60663,Fuzzers,True
60664,Generic,True
60665,Generic,True
60666,Generic,True
60667,Exploits,True
60668,Generic,True
60669,Generic,True
60670,Generic,True
60671,Generic,True
60672,Exploits,True
60673,Generic,True
60674,Generic,True
60675,Generic,True
60676,Generic,True
60677,Generic,True
60678,Generic,True
60679,Fuzzers,True
60680,Generic,True
60681,Fuzzers,True
60682,Fuzzers,True
60683,Exploits,True
60684,Fuzzers,True
60685,Generic,True
60686,Reconnaissance,True
60687,Fuzzers,True
60688,Exploits,True
60689,Generic,True
60690,Generic,True
60691,Exploits,True
60692,Exploits,True
60693,Exploits,True
60694,Generic,True
60695,Generic,True
60696,Generic,True
60697,Exploits,True
60698,Generic,True
60699,Generic,True
60700,Generic,True
60701,Generic,True
60702,Fuzzers,True
60703,Generic,True
60704,Generic,True
60705,Generic,True
60706,Generic,True
60707,Fuzzers,True
60708,DoS,True
60709,Generic,True
60710,Generic,True
60711,Fuzzers,True
60712,Fuzzers,True
60713,Exploits,True
60714,Fuzzers,True
60715,Generic,True
60716,Fuzzers,True
60717,Fuzzers,True
60718,Exploits,True
60719,Generic,True
60720,Fuzzers,True
60721,Generic,True
60722,Fuzzers,True
60723,Generic,True
60724,Fuzzers,True
60725,Analysis,True
60726,Generic,True
60727,Generic,True
60728,Generic,True
60729,Fuzzers,True
60730,Generic,True
60731,Generic,True
60732,Generic,True
60733,Reconnaissance,True
60734,Generic,True
60735,Generic,True
60736,Generic,True
60737,Generic,True
60738,Reconnaissance,True
60739,Generic,True
60740,Generic,True
60741,Generic,True
60742,Reconnaissance,True
60743,Exploits,True
60744,Generic,True
60745,Fuzzers,True
60746,Generic,True
60747,Exploits,True
60748,Generic,True
60749,Generic,True
60750,Exploits,True
60751,Generic,True
60752,Fuzzers,True
60753,Exploits,True
60754,Generic,True
60755,Reconnaissance,True
60756,Generic,True
60757,Generic,True
60758,Generic,True
60759,Generic,True
60760,Generic,True
60761,Generic,True
60762,Fuzzers,True
60763,Generic,True
60764,Generic,True
60765,Generic,True
60766,Generic,True
60767,Generic,True
60768,Generic,True
60769,Generic,True
60770,Generic,True
60771,Exploits,True
60772,Generic,True
60773,Generic,True
60774,Generic,True
60775,Generic,True
60776,Reconnaissance,True
60777,Generic,True
60778,Fuzzers,True
60779,Fuzzers,True
60780,Generic,True
60781,Generic,True
60782,Generic,True
60783,Fuzzers,True
60784,Generic,True
60785,Generic,True
60786,Generic,True
60787,Generic,True
60788,Generic,True
60789,Generic,True
60790,Generic,True
60791,Fuzzers,True
60792,Generic,True
60793,Generic,True
60794,Generic,True
60795,Generic,True
60796,Generic,True
60797,Generic,True
60798,Generic,True
60799,Generic,True
60800,Generic,True
60801,Generic,True
60802,Generic,True
60803,Exploits,True
60804,Generic,True
60805,Generic,True
60806,Generic,True
60807,Generic,True
60808,Generic,True
60809,Exploits,True
60810,Generic,True
60811,Fuzzers,True
60812,Generic,True
60813,Generic,True
60814,Generic,True
60815,Fuzzers,True
60816,Generic,True
60817,Generic,True
60818,Generic,True
60819,Generic,True
60820,Generic,True
60821,Generic,True
60822,Exploits,True
60823,Generic,True
60824,DoS,True
60825,Generic,True
60826,Generic,True
60827,DoS,True
60828,Generic,True
60829,Fuzzers,True
60830,Generic,True
60831,DoS,True
60832,Generic,True
60833,Generic,True
60834,DoS,True
60835,Generic,True
60836,Fuzzers,True
60837,Generic,True
60838,Generic,True
60839,Fuzzers,True
60840,Generic,True
60841,Fuzzers,True
60842,Fuzzers,True
60843,Generic,True
60844,Fuzzers,True
60845,Exploits,True
60846,Fuzzers,True
60847,Generic,True
60848,Generic,True
60849,Generic,True
60850,Generic,True
60851,Exploits,True
60852,Generic,True
60853,Generic,True
60854,Generic,True
60855,Generic,True
60856,Generic,True
60857,Generic,True
60858,Reconnaissance,True
60859,Generic,True
60860,Generic,True
60861,Generic,True
60862,Reconnaissance,True
60863,Generic,True
60864,DoS,True
60865,Generic,True
60866,Generic,True
60867,DoS,True
60868,Generic,True
60869,Fuzzers,True
60870,DoS,True
60871,Generic,True
60872,Reconnaissance,True
60873,Generic,True
60874,Exploits,True
60875,DoS,True
60876,Generic,True
60877,Exploits,True
60878,Exploits,True
60879,Reconnaissance,True
60880,Generic,True
60881,Fuzzers,True
60882,Generic,True
60883,Generic,True
60884,Generic,True
60885,Generic,True
60886,Generic,True
60887,Generic,True
60888,DoS,True
60889,Generic,True
60890,Fuzzers,True
60891,DoS,True
60892,Generic,True
60893,Generic,True
60894,DoS,True
60895,Generic,True
60896,Generic,True
60897,DoS,True
60898,Generic,True
60899,Generic,True
60900,Reconnaissance,True
60901,Fuzzers,True
60902,Generic,True
60903,Generic,True
60904,Reconnaissance,True
60905,Generic,True
60906,DoS,True
60907,Generic,True
60908,Generic,True
60909,Exploits,True
60910,Generic,True
60911,Generic,True
60912,Generic,True
60913,Generic,True
60914,Generic,True
60915,Reconnaissance,True
60916,Generic,True
60917,Generic,True
60918,Generic,True
60919,Exploits,True
60920,Reconnaissance,True
60921,Generic,True
60922,Generic,True
60923,Generic,True
60924,Fuzzers,True
60925,Generic,True
60926,Exploits,True
60927,Fuzzers,True
60928,Generic,True
60929,Fuzzers,True
60930,Reconnaissance,True
60931,Generic,True
60932,Generic,True
60933,Generic,True
60934,Generic,True
60935,Fuzzers,True
60936,Generic,True
60937,Exploits,True
60938,Generic,True
60939,Generic,True
60940,Generic,True
60941,Generic,True
60942,Generic,True
60943,Generic,True
60944,Generic,True
60945,Generic,True
60946,Generic,True
60947,Generic,True
60948,Generic,True
60949,Generic,True
60950,Generic,True
60951,Generic,True
60952,Generic,True
60953,Exploits,True
60954,Generic,True
60955,Generic,True
60956,Generic,True
60957,Generic,True
60958,Exploits,True
60959,Generic,True
60960,Generic,True
60961,Generic,True
60962,Generic,True
60963,Generic,True
60964,Generic,True
60965,Generic,True
60966,Reconnaissance,True
60967,Generic,True
60968,Generic,True
60969,Fuzzers,True
60970,Generic,True
60971,Generic,True
60972,Generic,True
60973,Generic,True
60974,Fuzzers,True
60975,Generic,True
60976,Reconnaissance,True
60977,Generic,True
60978,Exploits,True
60979,Generic,True
60980,Exploits,True
60981,Generic,True
60982,Exploits,True
60983,Generic,True
60984,Exploits,True
60985,Reconnaissance,True
60986,Fuzzers,True
60987,Fuzzers,True
60988,Generic,True
60989,Fuzzers,True
60990,Generic,True
60991,Fuzzers,True
60992,Generic,True
60993,Generic,True
60994,Generic,True
60995,Generic,True
60996,Exploits,True
60997,Exploits,True
60998,Generic,True
60999,Generic,True
61000,Reconnaissance,True
61001,DoS,True
61002,Generic,True
61003,Generic,True
61004,Exploits,True
61005,Generic,True
61006,Fuzzers,True
61007,Fuzzers,True
61008,Generic,True
61009,Generic,True
61010,Generic,True
61011,Generic,True
61012,Generic,True
61013,Fuzzers,True
61014,Generic,True
61015,Generic,True
61016,Generic,True
61017,Generic,True
61018,Generic,True
61019,Generic,True
61020,Analysis,True
61021,Generic,True
61022,Generic,True
61023,Exploits,True
61024,Generic,True
61025,Backdoor,True
61026,Generic,True
61027,Exploits,True
61028,Exploits,True
61029,Exploits,True
61030,Reconnaissance,True
61031,DoS,True
61032,Generic,True
61033,Exploits,True
61034,Exploits,True
61035,Generic,True
61036,Exploits,True
61037,Fuzzers,True
61038,Fuzzers,True
61039,Generic,True
61040,Fuzzers,True
61041,Fuzzers,True
61042,Generic,True
61043,Analysis,True
61044,Generic,True
61045,Backdoor,True
61046,Generic,True
61047,Fuzzers,True
61048,Exploits,True
61049,Fuzzers,True
61050,DoS,True
61051,Generic,True
61052,Generic,True
61053,Generic,True
61054,Exploits,True
61055,Fuzzers,True
61056,Generic,True
61057,Fuzzers,True
61058,Generic,True
61059,Generic,True
61060,Fuzzers,True
61061,Generic,True
61062,Exploits,True
61063,DoS,True
61064,Generic,True
61065,Reconnaissance,True
61066,Exploits,True
61067,Generic,True
61068,Reconnaissance,True
61069,Fuzzers,True
61070,Generic,True
61071,Exploits,True
61072,Generic,True
61073,Reconnaissance,True
61074,Generic,True
61075,Fuzzers,True
61076,Generic,True
61077,Exploits,True
61078,Fuzzers,True
61079,Generic,True
61080,Generic,True
61081,Fuzzers,True
61082,Reconnaissance,True
61083,Generic,True
61084,Generic,True
61085,Generic,True
61086,Generic,True
61087,Generic,True
61088,Generic,True
61089,Generic,True
61090,Backdoor,True
61091,Generic,True
61092,Exploits,True
61093,Fuzzers,True
61094,Fuzzers,True
61095,Fuzzers,True
61096,Generic,True
61097,Exploits,True
61098,Exploits,True
61099,Generic,True
61100,Exploits,True
61101,Exploits,True
61102,Reconnaissance,True
61103,Generic,True
61104,Analysis,True
61105,Generic,True
61106,Exploits,True
61107,Generic,True
61108,Exploits,True
61109,Generic,True
61110,Generic,True
61111,Exploits,True
61112,Generic,True
61113,Reconnaissance,True
61114,Reconnaissance,True
61115,Generic,True
61116,Exploits,True
61117,Fuzzers,True
61118,Generic,True
61119,Backdoor,True
61120,Generic,True
61121,Exploits,True
61122,Generic,True
61123,Reconnaissance,True
61124,Generic,True
61125,Fuzzers,True
61126,Generic,True
61127,Generic,True
61128,Backdoor,True
61129,Exploits,True
61130,Exploits,True
61131,Generic,True
61132,Exploits,True
61133,Fuzzers,True
61134,Exploits,True
61135,Generic,True
61136,Reconnaissance,True
61137,Generic,True
61138,Fuzzers,True
61139,Generic,True
61140,Exploits,True
61141,Generic,True
61142,Reconnaissance,True
61143,Fuzzers,True
61144,Exploits,True
61145,Generic,True
61146,Fuzzers,True
61147,Exploits,True
61148,Generic,True
61149,Generic,True
61150,Exploits,True
61151,Exploits,True
61152,Generic,True
61153,DoS,True
61154,Shellcode,True
61155,Exploits,True
61156,Generic,True
61157,Exploits,True
61158,Exploits,True
61159,Exploits,True
61160,Generic,True
61161,Exploits,True
61162,Fuzzers,True
61163,Generic,True
61164,Exploits,True
61165,Exploits,True
61166,Generic,True
61167,Generic,True
61168,Generic,True
61169,Generic,True
61170,Generic,True
61171,Generic,True
61172,Generic,True
61173,Generic,True
61174,Generic,True
61175,Generic,True
61176,Generic,True
61177,Generic,True
61178,Generic,True
61179,Fuzzers,True
61180,Fuzzers,True
61181,Exploits,True
61182,Generic,True
61183,Analysis,True
61184,Shellcode,True
61185,Backdoor,True
61186,Fuzzers,True
61187,Exploits,True
61188,Generic,True
61189,Exploits,True
61190,Fuzzers,True
61191,DoS,True
61192,Reconnaissance,True
61193,Exploits,True
61194,Shellcode,True
61195,Exploits,True
61196,Exploits,True
61197,Exploits,True
61198,Exploits,True
61199,Reconnaissance,True
61200,Reconnaissance,True
61201,Exploits,True
61202,Reconnaissance,True
61203,Fuzzers,True
61204,Exploits,True
61205,Exploits,True
61206,Generic,True
61207,Fuzzers,True
61208,Reconnaissance,True
61209,Fuzzers,True
61210,Generic,True
61211,Exploits,True
61212,Fuzzers,True
61213,Fuzzers,True
61214,Exploits,True
61215,Analysis,True
61216,Generic,True
61217,Exploits,True
61218,Exploits,True
61219,Generic,True
61220,Backdoor,True
61221,Generic,True
61222,Generic,True
61223,Exploits,True
61224,Generic,True
61225,Exploits,True
61226,Generic,True
61227,DoS,True
61228,Generic,True
61229,Exploits,True
61230,Reconnaissance,True
61231,Generic,True
61232,Exploits,True
61233,Fuzzers,True
61234,Generic,True
61235,Fuzzers,True
61236,Fuzzers,True
61237,Exploits,True
61238,Generic,True
61239,Analysis,True
61240,Generic,True
61241,Fuzzers,True
61242,Exploits,True
61243,Backdoor,True
61244,Exploits,True
61245,Reconnaissance,True
61246,Generic,True
61247,Exploits,True
61248,DoS,True
61249,Generic,True
61250,Exploits,True
61251,DoS,True
61252,Exploits,True
61253,Generic,True
61254,Fuzzers,True
61255,Exploits,True
61256,Reconnaissance,True
61257,Fuzzers,True
61258,Exploits,True
61259,Exploits,True
61260,Exploits,True
61261,Analysis,True
61262,Exploits,False
61263,Generic,True
61264,Backdoor,True
61265,Reconnaissance,True
61266,Exploits,True
61267,Exploits,True
61268,Generic,True
61269,Generic,True
61270,DoS,True
61271,Generic,True
61272,Exploits,True
61273,Exploits,True
61274,Generic,True
61275,Generic,True
61276,Fuzzers,True
61277,Generic,True
61278,Generic,True
61279,Fuzzers,True
61280,Generic,True
61281,Generic,True
61282,Generic,True
61283,Analysis,True
61284,Backdoor,True
61285,Generic,True
61286,Generic,True
61287,Generic,True
61288,Exploits,True
61289,Generic,True
61290,Generic,True
61291,DoS,True
61292,Generic,True
61293,Generic,True
61294,Analysis,True
61295,Exploits,True
61296,Generic,True
61297,Generic,True
61298,Fuzzers,True
61299,Generic,True
61300,Reconnaissance,True
61301,Fuzzers,True
61302,Generic,True
61303,Analysis,True
61304,DoS,True
61305,Generic,True
61306,Generic,True
61307,Backdoor,True
61308,Generic,True
61309,Exploits,True
61310,Reconnaissance,True
61311,Generic,True
61312,DoS,True
61313,Generic,True
61314,Generic,True
61315,Exploits,True
61316,Exploits,True
61317,Generic,True
61318,Fuzzers,True
61319,Generic,True
61320,Exploits,True
61321,Fuzzers,True
61322,Exploits,True
61323,Generic,True
61324,Analysis,True
61325,Generic,True
61326,Exploits,True
61327,Generic,True
61328,Generic,True
61329,Fuzzers,True
61330,Backdoor,True
61331,Generic,True
61332,Exploits,True
61333,Generic,True
61334,Generic,True
61335,DoS,True
61336,Exploits,True
61337,Generic,True
61338,Exploits,True
61339,Exploits,True
61340,Generic,True
61341,Fuzzers,True
61342,Fuzzers,True
61343,Fuzzers,True
61344,Generic,True
61345,Generic,True
61346,Exploits,True
61347,Fuzzers,True
61348,Generic,True
61349,Generic,True
61350,Reconnaissance,True
61351,Analysis,True
61352,Generic,True
61353,Generic,True
61354,Backdoor,True
61355,Fuzzers,True
61356,Exploits,True
61357,Generic,True
61358,Generic,True
61359,DoS,True
61360,Fuzzers,True
61361,Exploits,True
61362,Generic,True
61363,Generic,True
61364,Fuzzers,True
61365,Fuzzers,True
61366,Generic,True
61367,Fuzzers,True
61368,Generic,True
61369,Generic,True
61370,Reconnaissance,True
61371,Analysis,True
61372,Generic,True
61373,Generic,True
61374,DoS,True
61375,Backdoor,True
61376,Generic,True
61377,Exploits,True
61378,Generic,True
61379,DoS,True
61380,Generic,True
61381,Generic,True
61382,Exploits,True
61383,Exploits,True
61384,Generic,True
61385,Fuzzers,True
61386,Generic,True
61387,Generic,True
61388,Exploits,True
61389,Fuzzers,True
61390,Generic,True
61391,Analysis,True
61392,Exploits,True
61393,Generic,True
61394,Generic,True
61395,Backdoor,True
61396,Generic,True
61397,Exploits,True
61398,Fuzzers,True
61399,Generic,True
61400,DoS,True
61401,Generic,True
61402,Exploits,True
61403,Exploits,True
61404,Generic,True
61405,Generic,True
61406,Fuzzers,True
61407,Generic,True
61408,DoS,True
61409,Fuzzers,True
61410,Generic,True
61411,Generic,True
61412,Shellcode,True
61413,Analysis,True
61414,Exploits,True
61415,Generic,True
61416,Backdoor,True
61417,Generic,True
61418,Exploits,True
61419,Exploits,True
61420,Generic,True
61421,Exploits,True
61422,Exploits,True
61423,DoS,True
61424,Generic,True
61425,Exploits,True
61426,Generic,True
61427,Generic,True
61428,Fuzzers,True
61429,Generic,True
61430,Generic,True
61431,Exploits,True
61432,Fuzzers,True
61433,Exploits,True
61434,Generic,True
61435,Exploits,True
61436,Generic,True
61437,Generic,True
61438,Exploits,True
61439,Exploits,True
61440,Generic,True
61441,Generic,True
61442,Exploits,True
61443,Generic,True
61444,Fuzzers,True
61445,Reconnaissance,True
61446,Generic,True
61447,Exploits,True
61448,Generic,True
61449,Generic,True
61450,Exploits,True
61451,Fuzzers,True
61452,Generic,True
61453,Exploits,True
61454,Exploits,True
61455,Generic,True
61456,Exploits,True
61457,Exploits,True
61458,Exploits,True
61459,Exploits,True
61460,Exploits,True
61461,Generic,True
61462,Exploits,True
61463,Exploits,True
61464,Exploits,True
61465,Exploits,True
61466,Exploits,True
61467,Generic,True
61468,Exploits,True
61469,Generic,True
61470,Exploits,True
61471,Exploits,True
61472,Generic,True
61473,Exploits,True
61474,Generic,True
61475,Exploits,True
61476,Generic,True
61477,Generic,True
61478,Reconnaissance,True
61479,Generic,True
61480,Reconnaissance,True
61481,Exploits,True
61482,Reconnaissance,True
61483,Generic,True
61484,Generic,True
61485,Reconnaissance,True
61486,Fuzzers,True
61487,Shellcode,True
61488,DoS,True
61489,Generic,True
61490,Generic,True
61491,Fuzzers,True
61492,Fuzzers,True
61493,Generic,True
61494,Fuzzers,True
61495,Generic,True
61496,Generic,True
61497,Generic,True
61498,DoS,True
61499,Generic,True
61500,Generic,True
61501,Generic,True
61502,DoS,True
61503,Generic,True
61504,Reconnaissance,True
61505,Generic,True
61506,Generic,True
61507,Exploits,True
61508,Generic,True
61509,Generic,True
61510,Exploits,True
61511,Generic,True
61512,Exploits,True
61513,Generic,True
61514,DoS,True
61515,Generic,True
61516,Exploits,True
61517,Reconnaissance,True
61518,Generic,True
61519,Generic,True
61520,Exploits,True
61521,Generic,True
61522,Exploits,True
61523,Exploits,True
61524,Generic,True
61525,Generic,True
61526,Exploits,True
61527,Exploits,True
61528,Fuzzers,True
61529,DoS,True
61530,Reconnaissance,True
61531,Generic,True
61532,Fuzzers,True
61533,Exploits,True
61534,Exploits,True
61535,Fuzzers,True
61536,Fuzzers,True
61537,Generic,True
61538,Fuzzers,True
61539,Fuzzers,True
61540,Exploits,True
61541,Generic,True
61542,Fuzzers,True
61543,Reconnaissance,True
61544,Fuzzers,True
61545,Exploits,True
61546,Generic,True
61547,Fuzzers,True
61548,Generic,True
61549,Analysis,True
61550,Generic,True
61551,Generic,True
61552,Generic,True
61553,Generic,True
61554,Generic,True
61555,Shellcode,True
61556,Reconnaissance,True
61557,Generic,True
61558,Exploits,True
61559,Exploits,True
61560,Generic,True
61561,Exploits,True
61562,Exploits,True
61563,Generic,True
61564,Generic,True
61565,Exploits,True
61566,Generic,True
61567,Exploits,True
61568,Exploits,True
61569,Fuzzers,True
61570,Exploits,True
61571,Generic,True
61572,Exploits,True
61573,Fuzzers,True
61574,Exploits,True
61575,Shellcode,True
61576,Exploits,True
61577,Generic,True
61578,Reconnaissance,True
61579,Exploits,True
61580,Fuzzers,True
61581,Generic,True
61582,Exploits,True
61583,Exploits,True
61584,Shellcode,True
61585,Exploits,True
61586,Generic,True
61587,Exploits,True
61588,Exploits,True
61589,Exploits,True
61590,Generic,True
61591,Exploits,True
61592,Reconnaissance,True
61593,Generic,True
61594,Exploits,True
61595,Generic,True
61596,Exploits,True
61597,Generic,True
61598,Exploits,True
61599,Exploits,True
61600,Exploits,True
61601,Fuzzers,True
61602,Generic,True
61603,Fuzzers,True
61604,Fuzzers,True
61605,Fuzzers,True
61606,Generic,True
61607,Fuzzers,True
61608,Fuzzers,True
61609,Generic,True
61610,Fuzzers,True
61611,Exploits,True
61612,Fuzzers,True
61613,Generic,True
61614,Exploits,True
61615,Fuzzers,True
61616,Exploits,True
61617,Exploits,True
61618,Exploits,True
61619,Generic,True
61620,Reconnaissance,True
61621,Reconnaissance,True
61622,Exploits,True
61623,Generic,True
61624,Shellcode,True
61625,Generic,True
61626,Exploits,True
61627,Fuzzers,True
61628,Exploits,True
61629,Fuzzers,True
61630,Fuzzers,True
61631,Generic,True
61632,Exploits,True
61633,Fuzzers,True
61634,Fuzzers,True
61635,Exploits,True
61636,Fuzzers,True
61637,Fuzzers,True
61638,Generic,True
61639,Exploits,True
61640,Fuzzers,True
61641,Generic,True
61642,Fuzzers,True
61643,Exploits,True
61644,Fuzzers,True
61645,Generic,True
61646,Fuzzers,True
61647,Exploits,True
61648,Reconnaissance,True
61649,Exploits,True
61650,Exploits,True
61651,Generic,True
61652,Generic,True
61653,Exploits,True
61654,DoS,True
61655,Fuzzers,True
61656,Generic,True
61657,Generic,True
61658,Exploits,True
61659,Exploits,True
61660,Exploits,True
61661,Generic,True
61662,Exploits,True
61663,Generic,True
61664,DoS,True
61665,Fuzzers,True
61666,Exploits,True
61667,Generic,True
61668,Generic,True
61669,Reconnaissance,True
61670,Exploits,True
61671,Exploits,True
61672,Generic,True
61673,Generic,True
61674,DoS,True
61675,Generic,True
61676,Fuzzers,True
61677,Generic,True
61678,Exploits,True
61679,Generic,True
61680,Reconnaissance,True
61681,Generic,True
61682,Shellcode,True
61683,Exploits,True
61684,Generic,True
61685,Reconnaissance,True
61686,Generic,True
61687,Reconnaissance,True
61688,Exploits,True
61689,Reconnaissance,True
61690,Generic,True
61691,Fuzzers,True
61692,Reconnaissance,True
61693,Generic,True
61694,Fuzzers,True
61695,Exploits,True
61696,Exploits,True
61697,Fuzzers,True
61698,Generic,True
61699,Generic,True
61700,DoS,True
61701,Reconnaissance,True
61702,Exploits,True
61703,Generic,True
61704,Generic,True
61705,Exploits,True
61706,Exploits,True
61707,Exploits,True
61708,Reconnaissance,True
61709,Generic,True
61710,Generic,True
61711,DoS,True
61712,Exploits,True
61713,DoS,True
61714,Exploits,True
61715,Generic,True
61716,Generic,True
61717,Exploits,True
61718,Generic,True
61719,Exploits,True
61720,Fuzzers,True
61721,Generic,True
61722,Generic,True
61723,Exploits,True
61724,Generic,True
61725,Generic,True
61726,Fuzzers,True
61727,Generic,True
61728,Shellcode,True
61729,Generic,True
61730,Analysis,True
61731,Generic,True
61732,Fuzzers,True
61733,Generic,True
61734,Exploits,True
61735,Generic,True
61736,Generic,True
61737,Fuzzers,True
61738,Exploits,True
61739,Generic,True
61740,DoS,True
61741,Exploits,True
61742,Generic,True
61743,Exploits,True
61744,Fuzzers,True
61745,Generic,True
61746,Generic,True
61747,Fuzzers,True
61748,Exploits,True
61749,Generic,True
61750,Exploits,True
61751,Generic,True
61752,Generic,True
61753,DoS,True
61754,Exploits,True
61755,Generic,True
61756,Exploits,True
61757,Generic,True
61758,Generic,True
61759,DoS,True
61760,Fuzzers,True
61761,Generic,True
61762,Exploits,True
61763,Generic,True
61764,Generic,True
61765,Exploits,True
61766,Fuzzers,True
61767,Generic,True
61768,Exploits,True
61769,Exploits,True
61770,Generic,True
61771,Exploits,True
61772,Fuzzers,True
61773,Generic,True
61774,Reconnaissance,True
61775,Generic,True
61776,Generic,True
61777,Exploits,True
61778,Fuzzers,True
61779,Generic,True
61780,Generic,True
61781,Exploits,True
61782,Fuzzers,True
61783,Exploits,True
61784,Generic,True
61785,Generic,True
61786,Exploits,True
61787,Exploits,True
61788,Generic,True
61789,Reconnaissance,True
61790,Generic,True
61791,Generic,True
61792,Fuzzers,True
61793,Reconnaissance,True
61794,Fuzzers,True
61795,Exploits,True
61796,Exploits,True
61797,Generic,True
61798,Reconnaissance,True
61799,Exploits,True
61800,Reconnaissance,True
61801,Fuzzers,True
61802,Generic,True
61803,Exploits,True
61804,DoS,True
61805,Fuzzers,True
61806,Reconnaissance,True
61807,Fuzzers,True
61808,Shellcode,True
61809,Generic,True
61810,DoS,True
61811,Reconnaissance,True
61812,DoS,True
61813,Exploits,True
61814,Exploits,True
61815,Generic,True
61816,Reconnaissance,True
61817,Exploits,True
61818,Fuzzers,True
61819,Exploits,True
61820,Generic,True
61821,Reconnaissance,True
61822,Exploits,True
61823,Reconnaissance,True
61824,Reconnaissance,True
61825,DoS,True
61826,Generic,True
61827,Reconnaissance,True
61828,Generic,True
61829,Exploits,True
61830,Fuzzers,True
61831,Exploits,True
61832,Generic,True
61833,Fuzzers,True
61834,Generic,True
61835,Generic,True
61836,Generic,True
61837,Exploits,True
61838,Generic,True
61839,Exploits,True
61840,Exploits,True
61841,Exploits,True
61842,Exploits,True
61843,Exploits,True
61844,DoS,True
61845,Exploits,True
61846,Reconnaissance,True
61847,DoS,True
61848,Exploits,True
61849,Exploits,True
61850,Generic,True
61851,DoS,True
61852,Reconnaissance,True
61853,Reconnaissance,True
61854,Exploits,True
61855,Fuzzers,True
61856,Generic,True
61857,Generic,True
61858,Fuzzers,True
61859,Generic,True
61860,Reconnaissance,True
61861,Fuzzers,True
61862,Exploits,True
61863,Generic,True
61864,Fuzzers,True
61865,Fuzzers,True
61866,Exploits,True
61867,Shellcode,True
61868,Shellcode,True
61869,Generic,True
61870,Reconnaissance,True
61871,Fuzzers,True
61872,Exploits,True
61873,Backdoor,True
61874,Reconnaissance,True
61875,Exploits,True
61876,Fuzzers,True
61877,Generic,True
61878,Exploits,True
61879,Generic,True
61880,Fuzzers,True
61881,Reconnaissance,True
61882,Fuzzers,True
61883,Generic,True
61884,Generic,True
61885,Fuzzers,True
61886,DoS,True
61887,Exploits,True
61888,Generic,True
61889,Reconnaissance,True
61890,Generic,True
61891,Fuzzers,True
61892,Fuzzers,True
61893,Fuzzers,True
61894,Generic,True
61895,Exploits,True
61896,Generic,True
61897,Generic,True
61898,Fuzzers,True
61899,DoS,True
61900,Generic,True
61901,Generic,True
61902,Generic,True
61903,Reconnaissance,True
61904,Generic,True
61905,Reconnaissance,True
61906,Generic,True
61907,Generic,True
61908,Generic,True
61909,Generic,True
61910,Exploits,True
61911,Generic,True
61912,Generic,True
61913,Generic,True
61914,Generic,True
61915,Exploits,True
61916,Generic,True
61917,Generic,True
61918,Exploits,True
61919,Generic,True
61920,Exploits,True
61921,Reconnaissance,True
61922,Exploits,True
61923,Generic,True
61924,Exploits,True
61925,Shellcode,True
61926,Generic,True
61927,Generic,True
61928,Fuzzers,True
61929,Generic,True
61930,Generic,True
61931,Fuzzers,True
61932,Generic,True
61933,Generic,True
61934,Generic,True
61935,Reconnaissance,True
61936,Fuzzers,True
61937,Generic,True
61938,Generic,True
61939,Exploits,True
61940,Generic,True
61941,Fuzzers,True
61942,Generic,True
61943,Generic,True
61944,Exploits,True
61945,Fuzzers,True
61946,Exploits,True
61947,Exploits,True
61948,Generic,True
61949,Fuzzers,True
61950,Fuzzers,True
61951,Exploits,True
61952,DoS,True
61953,Fuzzers,True
61954,Reconnaissance,True
61955,Exploits,True
61956,DoS,True
61957,Fuzzers,True
61958,Fuzzers,True
61959,Fuzzers,True
61960,Reconnaissance,True
61961,Generic,True
61962,Exploits,True
61963,Fuzzers,True
61964,Generic,True
61965,Exploits,True
61966,Fuzzers,True
61967,Generic,True
61968,Generic,True
61969,Fuzzers,True
61970,Generic,True
61971,Reconnaissance,True
61972,DoS,True
61973,Generic,True
61974,Generic,True
61975,Reconnaissance,True
61976,Fuzzers,True
61977,Generic,True
61978,Reconnaissance,True
61979,Generic,True
61980,Generic,True
61981,DoS,True
61982,Exploits,True
61983,Generic,True
61984,Generic,True
61985,Exploits,True
61986,Exploits,True
61987,Generic,True
61988,Generic,True
61989,Generic,True
61990,Generic,True
61991,Generic,True
61992,DoS,True
61993,Reconnaissance,True
61994,Generic,True
61995,Generic,True
61996,Reconnaissance,True
61997,Shellcode,True
61998,Generic,True
61999,Exploits,True
62000,Exploits,True
62001,Fuzzers,True
62002,Generic,True
62003,Exploits,True
62004,Exploits,True
62005,Analysis,True
62006,Generic,True
62007,Fuzzers,True
62008,Exploits,True
62009,Generic,True
62010,Reconnaissance,True
62011,Backdoor,True
62012,Reconnaissance,True
62013,Fuzzers,True
62014,Exploits,True
62015,Reconnaissance,True
62016,Exploits,True
62017,Exploits,True
62018,Fuzzers,True
62019,Exploits,True
62020,Generic,True
62021,DoS,True
62022,Generic,True
62023,Reconnaissance,True
62024,Fuzzers,True
62025,Generic,True
62026,Fuzzers,True
62027,Exploits,True
62028,Generic,True
62029,Exploits,True
62030,Generic,True
62031,Generic,True
62032,Generic,True
62033,Generic,True
62034,DoS,True
62035,Exploits,True
62036,Exploits,True
62037,Exploits,True
62038,Exploits,True
62039,Exploits,True
62040,Fuzzers,True
62041,Fuzzers,True
62042,Exploits,True
62043,Exploits,True
62044,Fuzzers,True
62045,DoS,True
62046,Exploits,True
62047,Exploits,True
62048,Exploits,True
62049,Reconnaissance,True
62050,Exploits,True
62051,Exploits,True
62052,Fuzzers,True
62053,Exploits,True
62054,Generic,True
62055,DoS,True
62056,Exploits,True
62057,Generic,True
62058,Fuzzers,True
62059,Backdoor,True
62060,Exploits,True
62061,Exploits,True
62062,Exploits,True
62063,Reconnaissance,True
62064,Fuzzers,True
62065,Fuzzers,True
62066,Exploits,True
62067,Generic,True
62068,Generic,True
62069,Exploits,True
62070,Fuzzers,True
62071,Fuzzers,True
62072,Generic,True
62073,Fuzzers,True
62074,DoS,True
62075,Exploits,True
62076,Exploits,True
62077,Generic,True
62078,Reconnaissance,True
62079,Generic,True
62080,Fuzzers,True
62081,Fuzzers,True
62082,Generic,True
62083,Exploits,True
62084,Fuzzers,True
62085,Generic,True
62086,Fuzzers,True
62087,Generic,True
62088,Fuzzers,True
62089,Exploits,True
62090,Generic,True
62091,Reconnaissance,True
62092,Reconnaissance,True
62093,Generic,True
62094,Exploits,True
62095,Reconnaissance,True
62096,Exploits,True
62097,Exploits,True
62098,Fuzzers,True
62099,Reconnaissance,True
62100,Fuzzers,True
62101,Reconnaissance,True
62102,Exploits,True
62103,Fuzzers,True
62104,Exploits,True
62105,Reconnaissance,True
62106,Exploits,True
62107,Exploits,True
62108,Fuzzers,True
62109,Exploits,True
62110,Exploits,True
62111,Fuzzers,True
62112,Exploits,True
62113,Shellcode,True
62114,Exploits,True
62115,Backdoor,True
62116,Generic,True
62117,Exploits,True
62118,Exploits,True
62119,Reconnaissance,True
62120,Reconnaissance,True
62121,Exploits,True
62122,Exploits,True
62123,Fuzzers,True
62124,Exploits,True
62125,Reconnaissance,True
62126,Fuzzers,True
62127,Fuzzers,True
62128,Generic,True
62129,Generic,True
62130,Generic,True
62131,Generic,True
62132,Generic,True
62133,Generic,True
62134,Generic,True
62135,Generic,True
62136,Generic,True
62137,Generic,True
62138,Generic,True
62139,Generic,True
62140,Generic,True
62141,Generic,True
62142,Generic,True
62143,Generic,True
62144,Generic,True
62145,Generic,True
62146,Generic,True
62147,Generic,True
62148,Backdoor,True
62149,Exploits,True
62150,Exploits,True
62151,Exploits,True
62152,Generic,True
62153,DoS,True
62154,Generic,True
62155,Exploits,True
62156,Exploits,True
62157,Generic,True
62158,Fuzzers,True
62159,Reconnaissance,True
62160,Generic,True
62161,Fuzzers,True
62162,Exploits,True
62163,Generic,True
62164,Generic,True
62165,Generic,True
62166,Generic,True
62167,Reconnaissance,True
62168,Generic,True
62169,Generic,True
62170,Reconnaissance,True
62171,Generic,True
62172,Reconnaissance,True
62173,Generic,True
62174,Reconnaissance,True
62175,Generic,True
62176,Generic,True
62177,Generic,True
62178,Generic,True
62179,Generic,True
62180,Generic,True
62181,Exploits,True
62182,Generic,True
62183,Generic,True
62184,Exploits,True
62185,Generic,True
62186,Generic,True
62187,Generic,True
62188,Generic,True
62189,DoS,True
62190,Generic,True
62191,Exploits,True
62192,Exploits,True
62193,Fuzzers,True
62194,Reconnaissance,True
62195,Backdoor,True
62196,Generic,True
62197,Exploits,True
62198,Analysis,True
62199,Generic,True
62200,Reconnaissance,True
62201,Generic,True
62202,Generic,True
62203,Fuzzers,True
62204,Analysis,True
62205,Backdoor,True
62206,Exploits,True
62207,Generic,True
62208,Generic,True
62209,Exploits,True
62210,Exploits,True
62211,Generic,True
62212,DoS,True
62213,Generic,True
62214,Generic,True
62215,Exploits,True
62216,Generic,True
62217,Fuzzers,True
62218,Reconnaissance,True
62219,Generic,True
62220,Generic,True
62221,Generic,True
62222,Generic,True
62223,DoS,True
62224,Generic,True
62225,Generic,True
62226,Generic,True
62227,Generic,True
62228,Generic,True
62229,Exploits,True
62230,Generic,True
62231,Generic,True
62232,Fuzzers,True
62233,Fuzzers,True
62234,Generic,True
62235,Generic,True
62236,Fuzzers,True
62237,Fuzzers,True
62238,Generic,True
62239,Fuzzers,True
62240,Fuzzers,True
62241,Fuzzers,True
62242,Fuzzers,True
62243,Generic,True
62244,Exploits,True
62245,Exploits,True
62246,DoS,True
62247,Generic,True
62248,Exploits,True
62249,Exploits,True
62250,Fuzzers,True
62251,Exploits,True
62252,Exploits,True
62253,Exploits,True
62254,Analysis,True
62255,Backdoor,True
62256,Fuzzers,True
62257,Reconnaissance,True
62258,Exploits,True
62259,DoS,True
62260,DoS,True
62261,Reconnaissance,True
62262,DoS,True
62263,Exploits,True
62264,Generic,True
62265,Exploits,True
62266,Generic,True
62267,Generic,True
62268,Generic,True
62269,Generic,True
62270,Fuzzers,True
62271,Generic,True
62272,Generic,True
62273,Generic,True
62274,Exploits,True
62275,Generic,True
62276,Generic,True
62277,Generic,True
62278,Exploits,True
62279,Generic,True
62280,Generic,True
62281,Generic,True
62282,Reconnaissance,True
62283,Generic,True
62284,Fuzzers,True
62285,Exploits,True
62286,Generic,True
62287,Exploits,True
62288,Generic,True
62289,Fuzzers,True
62290,Reconnaissance,True
62291,Generic,True
62292,Generic,True
62293,Generic,True
62294,Generic,True
62295,Generic,True
62296,Fuzzers,True
62297,Exploits,True
62298,Generic,True
62299,Fuzzers,True
62300,Analysis,True
62301,Generic,True
62302,Generic,True
62303,Backdoor,True
62304,Generic,True
62305,Generic,True
62306,Exploits,True
62307,Generic,True
62308,DoS,True
62309,Generic,True
62310,Generic,True
62311,Generic,True
62312,Fuzzers,True
62313,Generic,True
62314,Generic,True
62315,Generic,True
62316,Generic,True
62317,Fuzzers,True
62318,Exploits,True
62319,Generic,True
62320,Fuzzers,True
62321,Fuzzers,True
62322,Generic,True
62323,Generic,True
62324,Generic,True
62325,Generic,True
62326,Fuzzers,True
62327,Fuzzers,True
62328,Exploits,True
62329,Fuzzers,True
62330,Fuzzers,True
62331,Fuzzers,True
62332,Fuzzers,True
62333,Fuzzers,True
62334,Fuzzers,True
62335,Analysis,True
62336,Exploits,True
62337,Fuzzers,True
62338,Backdoor,True
62339,Exploits,True
62340,Exploits,True
62341,DoS,True
62342,Exploits,True
62343,Generic,True
62344,Exploits,True
62345,Exploits,True
62346,Reconnaissance,True
62347,Exploits,True
62348,Generic,True
62349,Exploits,True
62350,Reconnaissance,True
62351,Generic,True
62352,Generic,True
62353,Exploits,True
62354,Generic,True
62355,Generic,True
62356,Generic,True
62357,Fuzzers,True
62358,Generic,True
62359,DoS,True
62360,Generic,True
62361,Exploits,True
62362,Exploits,True
62363,Generic,True
62364,Fuzzers,True
62365,Reconnaissance,True
62366,Generic,True
62367,Fuzzers,True
62368,Generic,True
62369,Analysis,True
62370,Backdoor,True
62371,Fuzzers,True
62372,Generic,True
62373,Fuzzers,True
62374,Generic,True
62375,Fuzzers,True
62376,Generic,True
62377,Generic,True
62378,Generic,True
62379,Backdoor,True
62380,Generic,True
62381,Generic,True
62382,Generic,True
62383,Generic,True
62384,Generic,True
62385,Generic,True
62386,Fuzzers,True
62387,Exploits,True
62388,Generic,True
62389,Generic,True
62390,Generic,True
62391,Exploits,True
62392,Generic,True
62393,Generic,True
62394,Fuzzers,True
62395,Generic,True
62396,Generic,True
62397,Generic,True
62398,Generic,True
62399,Generic,True
62400,Generic,True
62401,Exploits,True
62402,Generic,True
62403,DoS,True
62404,Exploits,True
62405,Generic,True
62406,Exploits,True
62407,Exploits,True
62408,Generic,True
62409,Fuzzers,True
62410,Fuzzers,True
62411,Exploits,True
62412,Exploits,True
62413,Analysis,True
62414,Reconnaissance,True
62415,Exploits,True
62416,Generic,True
62417,Fuzzers,True
62418,Generic,True
62419,Generic,True
62420,Exploits,True
62421,Generic,True
62422,Backdoor,True
62423,Generic,True
62424,Generic,True
62425,Exploits,True
62426,Generic,True
62427,Generic,True
62428,Generic,True
62429,Fuzzers,True
62430,Generic,True
62431,Generic,True
62432,Generic,True
62433,Generic,True
62434,Generic,True
62435,Exploits,True
62436,Generic,True
62437,Generic,True
62438,Generic,True
62439,Generic,True
62440,Generic,True
62441,Reconnaissance,True
62442,Generic,True
62443,Generic,True
62444,Reconnaissance,True
62445,Generic,True
62446,Generic,True
62447,Exploits,True
62448,Generic,True
62449,DoS,True
62450,Fuzzers,True
62451,Generic,True
62452,Fuzzers,True
62453,Backdoor,True
62454,Fuzzers,True
62455,Exploits,True
62456,DoS,True
62457,Exploits,True
62458,Exploits,True
62459,Fuzzers,True
62460,Exploits,True
62461,Fuzzers,True
62462,Exploits,True
62463,Generic,True
62464,Generic,True
62465,Generic,True
62466,Generic,True
62467,Exploits,True
62468,Generic,True
62469,Generic,True
62470,Generic,True
62471,Generic,True
62472,Exploits,True
62473,Generic,True
62474,Generic,True
62475,Generic,True
62476,Exploits,True
62477,Backdoor,True
62478,Generic,True
62479,DoS,True
62480,Generic,True
62481,Generic,True
62482,Generic,True
62483,Fuzzers,True
62484,Generic,True
62485,Generic,True
62486,Generic,True
62487,Generic,True
62488,Fuzzers,True
62489,Generic,True
62490,Generic,True
62491,Generic,True
62492,Generic,True
62493,Analysis,True
62494,Exploits,True
62495,Fuzzers,True
62496,Backdoor,True
62497,Generic,True
62498,Fuzzers,True
62499,Exploits,True
62500,Generic,True
62501,DoS,True
62502,Exploits,True
62503,Generic,True
62504,Exploits,True
62505,Fuzzers,True
62506,Generic,True
62507,Exploits,True
62508,Generic,True
62509,Fuzzers,True
62510,Reconnaissance,True
62511,Generic,True
62512,Fuzzers,True
62513,Generic,True
62514,Reconnaissance,True
62515,Reconnaissance,True
62516,Generic,True
62517,Reconnaissance,True
62518,Exploits,True
62519,Generic,True
62520,Exploits,True
62521,Generic,True
62522,Generic,True
62523,Reconnaissance,True
62524,Reconnaissance,True
62525,Generic,True
62526,Generic,True
62527,Generic,True
62528,Generic,True
62529,Generic,True
62530,Generic,True
62531,Reconnaissance,True
62532,Fuzzers,True
62533,Generic,True
62534,Generic,True
62535,Generic,True
62536,Fuzzers,True
62537,Generic,True
62538,Generic,True
62539,Generic,True
62540,Generic,True
62541,Reconnaissance,True
62542,Generic,True
62543,Generic,True
62544,Generic,True
62545,Generic,True
62546,Generic,True
62547,Generic,True
62548,Generic,True
62549,Reconnaissance,True
62550,Generic,True
62551,Generic,True
62552,Exploits,True
62553,Reconnaissance,True
62554,Generic,True
62555,Exploits,True
62556,Generic,True
62557,Exploits,True
62558,Generic,True
62559,Generic,True
62560,Reconnaissance,True
62561,Generic,True
62562,Fuzzers,True
62563,Generic,True
62564,Reconnaissance,True
62565,Generic,True
62566,Generic,True
62567,Generic,True
62568,Generic,True
62569,Shellcode,True
62570,Generic,True
62571,Generic,True
62572,Generic,True
62573,Reconnaissance,True
62574,Generic,True
62575,Exploits,True
62576,Reconnaissance,True
62577,Generic,True
62578,Generic,True
62579,DoS,True
62580,Generic,True
62581,Generic,True
62582,Generic,True
62583,DoS,True
62584,Generic,True
62585,Generic,True
62586,Generic,True
62587,Reconnaissance,True
62588,Generic,True
62589,DoS,True
62590,Generic,True
62591,Generic,True
62592,Reconnaissance,True
62593,Exploits,True
62594,Generic,True
62595,Generic,True
62596,Generic,True
62597,Generic,True
62598,Exploits,True
62599,Generic,True
62600,Generic,True
62601,Generic,True
62602,Generic,True
62603,Exploits,True
62604,Fuzzers,True
62605,Generic,True
62606,Generic,True
62607,Reconnaissance,True
62608,Exploits,True
62609,Generic,True
62610,Generic,True
62611,Generic,True
62612,Generic,True
62613,Exploits,True
62614,Exploits,True
62615,Generic,True
62616,Generic,True
62617,Generic,True
62618,Generic,True
62619,Generic,True
62620,Exploits,False
62621,Generic,True
62622,Generic,True
62623,Reconnaissance,True
62624,Exploits,True
62625,Generic,True
62626,Generic,True
62627,Generic,True
62628,Generic,True
62629,Exploits,True
62630,Reconnaissance,True
62631,Generic,True
62632,Generic,True
62633,Generic,True
62634,Exploits,True
62635,Fuzzers,True
62636,Generic,True
62637,Generic,True
62638,Generic,True
62639,Backdoor,True
62640,Generic,True
62641,Fuzzers,True
62642,Generic,True
62643,Generic,True
62644,Shellcode,True
62645,Exploits,True
62646,Fuzzers,True
62647,Generic,True
62648,Generic,True
62649,Generic,True
62650,Generic,True
62651,Reconnaissance,True
62652,Fuzzers,True
62653,Generic,True
62654,Generic,True
62655,Generic,True
62656,Generic,True
62657,Exploits,True
62658,Generic,True
62659,Generic,True
62660,Fuzzers,True
62661,Exploits,True
62662,Generic,True
62663,Generic,True
62664,Generic,True
62665,Reconnaissance,True
62666,Generic,True
62667,DoS,True
62668,Generic,True
62669,Exploits,True
62670,Exploits,True
62671,Generic,True
62672,Fuzzers,True
62673,Generic,True
62674,Generic,True
62675,Exploits,True
62676,Fuzzers,True
62677,Generic,True
62678,Fuzzers,True
62679,DoS,True
62680,Generic,True
62681,Reconnaissance,True
62682,Generic,True
62683,Generic,True
62684,Exploits,True
62685,Generic,True
62686,Fuzzers,True
62687,Exploits,True
62688,Generic,True
62689,DoS,True
62690,Generic,True
62691,Exploits,True
62692,Fuzzers,True
62693,Generic,True
62694,Generic,True
62695,Generic,True
62696,Exploits,True
62697,Fuzzers,True
62698,Generic,True
62699,Generic,True
62700,Generic,True
62701,Reconnaissance,True
62702,Generic,True
62703,Reconnaissance,True
62704,Generic,True
62705,Generic,True
62706,Fuzzers,True
62707,Generic,True
62708,Exploits,True
62709,Generic,True
62710,Fuzzers,True
62711,Generic,True
62712,Generic,True
62713,Reconnaissance,True
62714,Fuzzers,True
62715,Generic,True
62716,Generic,True
62717,Exploits,True
62718,Fuzzers,True
62719,Generic,True
62720,Generic,True
62721,Generic,True
62722,Exploits,True
62723,Generic,True
62724,Fuzzers,True
62725,Exploits,True
62726,Exploits,True
62727,Generic,True
62728,Fuzzers,True
62729,Exploits,True
62730,Generic,True
62731,Generic,True
62732,Generic,True
62733,Generic,True
62734,Exploits,True
62735,Generic,True
62736,Generic,True
62737,Generic,True
62738,Fuzzers,True
62739,Generic,True
62740,Generic,True
62741,Fuzzers,True
62742,Fuzzers,True
62743,Exploits,True
62744,Generic,True
62745,Fuzzers,True
62746,Generic,True
62747,Generic,True
62748,Exploits,True
62749,Generic,True
62750,Generic,True
62751,Generic,True
62752,Reconnaissance,True
62753,Generic,True
62754,Generic,True
62755,Generic,True
62756,DoS,True
62757,Fuzzers,True
62758,Exploits,True
62759,Generic,True
62760,Generic,True
62761,Generic,True
62762,Fuzzers,True
62763,Generic,True
62764,Generic,True
62765,Fuzzers,True
62766,Generic,True
62767,Exploits,True
62768,Fuzzers,True
62769,Generic,True
62770,Generic,True
62771,Reconnaissance,True
62772,Generic,True
62773,Exploits,True
62774,Fuzzers,True
62775,Exploits,True
62776,Exploits,True
62777,Generic,True
62778,Fuzzers,True
62779,Fuzzers,True
62780,Generic,True
62781,Exploits,True
62782,Exploits,True
62783,Generic,True
62784,Fuzzers,True
62785,Exploits,True
62786,Exploits,True
62787,Generic,True
62788,Exploits,True
62789,Exploits,True
62790,Generic,True
62791,Fuzzers,True
62792,Exploits,True
62793,Generic,True
62794,Fuzzers,True
62795,Generic,True
62796,Fuzzers,True
62797,Analysis,True
62798,Generic,True
62799,Fuzzers,True
62800,Generic,True
62801,Generic,True
62802,Generic,True
62803,Exploits,True
62804,Generic,True
62805,Generic,True
62806,Generic,True
62807,Analysis,True
62808,Exploits,True
62809,Generic,True
62810,Generic,True
62811,Generic,True
62812,Reconnaissance,True
62813,Generic,True
62814,Generic,True
62815,Exploits,True
62816,Generic,True
62817,Exploits,True
62818,Reconnaissance,True
62819,Generic,True
62820,Exploits,True
62821,Exploits,True
62822,Exploits,True
62823,Exploits,True
62824,Generic,True
62825,Reconnaissance,True
62826,Generic,True
62827,Exploits,True
62828,Generic,True
62829,Fuzzers,True
62830,Exploits,True
62831,Exploits,True
62832,Fuzzers,True
62833,Exploits,True
62834,Exploits,True
62835,Fuzzers,True
62836,Generic,True
62837,Exploits,True
62838,Fuzzers,True
62839,Generic,True
62840,Exploits,True
62841,Generic,True
62842,Reconnaissance,True
62843,Generic,True
62844,Generic,True
62845,Generic,True
62846,Generic,True
62847,DoS,True
62848,Exploits,True
62849,Generic,True
62850,Fuzzers,True
62851,Generic,True
62852,Generic,True
62853,Generic,True
62854,Reconnaissance,True
62855,Generic,True
62856,Generic,True
62857,Worms,True
62858,Generic,True
62859,Generic,True
62860,Fuzzers,True
62861,Reconnaissance,True
62862,Generic,True
62863,Generic,True
62864,Exploits,True
62865,Exploits,True
62866,Exploits,True
62867,Fuzzers,True
62868,Reconnaissance,True
62869,Analysis,True
62870,Exploits,True
62871,Fuzzers,True
62872,Exploits,True
62873,Fuzzers,True
62874,Fuzzers,True
62875,Fuzzers,True
62876,Generic,True
62877,Exploits,True
62878,Generic,True
62879,Exploits,True
62880,Fuzzers,True
62881,Fuzzers,True
62882,Generic,True
62883,Generic,True
62884,Generic,True
62885,Exploits,True
62886,Exploits,True
62887,Generic,True
62888,Fuzzers,True
62889,Generic,True
62890,Generic,True
62891,Exploits,True
62892,DoS,True
62893,Analysis,True
62894,Reconnaissance,True
62895,Generic,True
62896,DoS,True
62897,DoS,True
62898,Analysis,True
62899,Reconnaissance,True
62900,Fuzzers,True
62901,Generic,True
62902,Reconnaissance,True
62903,Generic,True
62904,Generic,True
62905,Reconnaissance,True
62906,Fuzzers,True
62907,Generic,True
62908,Generic,True
62909,Backdoor,True
62910,Generic,True
62911,Generic,True
62912,Exploits,True
62913,Fuzzers,True
62914,Exploits,True
62915,Generic,True
62916,Generic,True
62917,Generic,True
62918,Generic,True
62919,Reconnaissance,True
62920,Generic,True
62921,Exploits,True
62922,Generic,True
62923,Generic,True
62924,Generic,True
62925,Exploits,True
62926,Generic,True
62927,Exploits,True
62928,Exploits,True
62929,Exploits,True
62930,Exploits,True
62931,Fuzzers,True
62932,Generic,True
62933,Reconnaissance,True
62934,Exploits,True
62935,Exploits,True
62936,Fuzzers,True
62937,Fuzzers,True
62938,Fuzzers,True
62939,Shellcode,True
62940,Generic,True
62941,Generic,True
62942,Generic,True
62943,Fuzzers,True
62944,Reconnaissance,True
62945,Generic,True
62946,Generic,True
62947,DoS,True
62948,Reconnaissance,True
62949,Generic,True
62950,Fuzzers,True
62951,Fuzzers,True
62952,Fuzzers,True
62953,Generic,True
62954,Generic,True
62955,Fuzzers,True
62956,Generic,True
62957,Exploits,True
62958,Reconnaissance,True
62959,Fuzzers,True
62960,Generic,True
62961,Exploits,True
62962,Fuzzers,True
62963,Fuzzers,True
62964,Generic,True
62965,Exploits,True
62966,Fuzzers,True
62967,Generic,True
62968,Fuzzers,True
62969,Fuzzers,True
62970,Exploits,True
62971,Fuzzers,True
62972,Generic,True
62973,Reconnaissance,True
62974,Generic,True
62975,Fuzzers,True
62976,Fuzzers,True
62977,Generic,True
62978,Fuzzers,True
62979,Generic,True
62980,Fuzzers,True
62981,Generic,True
62982,Generic,True
62983,Generic,True
62984,Generic,True
62985,Generic,True
62986,Generic,True
62987,Exploits,True
62988,Exploits,True
62989,Generic,True
62990,Generic,True
62991,Generic,True
62992,Exploits,True
62993,Generic,True
62994,Fuzzers,True
62995,Exploits,True
62996,Generic,True
62997,Generic,True
62998,Reconnaissance,True
62999,Generic,True
63000,Generic,True
63001,Fuzzers,True
63002,Exploits,True
63003,Generic,True
63004,Fuzzers,True
63005,Fuzzers,True
63006,Generic,True
63007,Fuzzers,True
63008,Generic,True
63009,Reconnaissance,True
63010,Fuzzers,True
63011,Generic,True
63012,Fuzzers,True
63013,Generic,True
63014,Fuzzers,True
63015,Analysis,True
63016,Reconnaissance,True
63017,Fuzzers,True
63018,Generic,True
63019,Reconnaissance,True
63020,Fuzzers,True
63021,DoS,True
63022,Exploits,True
63023,DoS,True
63024,Fuzzers,True
63025,Fuzzers,True
63026,Exploits,True
63027,Generic,True
63028,Fuzzers,True
63029,Generic,True
63030,Fuzzers,True
63031,Fuzzers,True
63032,Generic,True
63033,Generic,True
63034,Exploits,True
63035,Generic,True
63036,Exploits,True
63037,Exploits,True
63038,Exploits,True
63039,Exploits,True
63040,Exploits,True
63041,Generic,True
63042,Generic,True
63043,Reconnaissance,True
63044,Exploits,True
63045,Fuzzers,True
63046,Generic,True
63047,Generic,True
63048,Reconnaissance,True
63049,Generic,True
63050,Exploits,True
63051,Exploits,True
63052,Exploits,True
63053,Reconnaissance,True
63054,Exploits,True
63055,Exploits,True
63056,Generic,True
63057,Fuzzers,True
63058,Reconnaissance,True
63059,Fuzzers,True
63060,Fuzzers,True
63061,Exploits,True
63062,Reconnaissance,True
63063,Shellcode,True
63064,Generic,True
63065,Shellcode,True
63066,Generic,True
63067,Fuzzers,True
63068,Exploits,True
63069,Reconnaissance,True
63070,Generic,True
63071,Exploits,True
63072,Exploits,True
63073,Generic,True
63074,Generic,True
63075,Generic,True
63076,Exploits,True
63077,Reconnaissance,True
63078,Generic,True
63079,Exploits,True
63080,Generic,True
63081,Generic,True
63082,Exploits,True
63083,Reconnaissance,True
63084,Reconnaissance,True
63085,Generic,True
63086,Exploits,True
63087,Fuzzers,True
63088,Generic,True
63089,Exploits,True
63090,Exploits,True
63091,Exploits,True
63092,Fuzzers,True
63093,Exploits,True
63094,Exploits,True
63095,Exploits,True
63096,Fuzzers,True
63097,DoS,True
63098,Exploits,True
63099,Exploits,True
63100,Exploits,True
63101,DoS,True
63102,Exploits,True
63103,Analysis,True
63104,Fuzzers,True
63105,Fuzzers,True
63106,Exploits,True
63107,Fuzzers,True
63108,Exploits,True
63109,Exploits,True
63110,Generic,True
63111,Exploits,True
63112,Reconnaissance,True
63113,Reconnaissance,True
63114,Reconnaissance,True
63115,Exploits,True
63116,Analysis,False
63117,Exploits,True
63118,Generic,True
63119,Reconnaissance,True
63120,Generic,True
63121,Exploits,True
63122,DoS,True
63123,Generic,True
63124,Generic,True
63125,Reconnaissance,True
63126,Generic,True
63127,Exploits,True
63128,Exploits,True
63129,Generic,True
63130,Reconnaissance,True
63131,Exploits,True
63132,Generic,True
63133,Exploits,True
63134,Fuzzers,True
63135,Exploits,True
63136,DoS,True
63137,Generic,True
63138,Fuzzers,True
63139,Exploits,True
63140,Generic,True
63141,Fuzzers,True
63142,Exploits,True
63143,Generic,True
63144,Reconnaissance,True
63145,Reconnaissance,True
63146,Exploits,True
63147,Exploits,True
63148,Exploits,True
63149,Exploits,True
63150,Generic,True
63151,Exploits,True
63152,Fuzzers,True
63153,Exploits,True
63154,Fuzzers,True
63155,Exploits,True
63156,Generic,True
63157,Exploits,True
63158,Analysis,True
63159,Analysis,True
63160,Exploits,True
63161,Generic,True
63162,Generic,True
63163,Exploits,True
63164,Fuzzers,True
63165,Exploits,True
63166,Exploits,True
63167,Reconnaissance,True
63168,Generic,True
63169,Reconnaissance,True
63170,Exploits,True
63171,Generic,True
63172,Fuzzers,True
63173,Shellcode,True
63174,Generic,True
63175,Generic,True
63176,Fuzzers,True
63177,DoS,True
63178,Fuzzers,True
63179,Reconnaissance,True
63180,Generic,True
63181,Exploits,True
63182,Reconnaissance,True
63183,Generic,True
63184,Generic,True
63185,Analysis,True
63186,Reconnaissance,True
63187,Generic,True
63188,Generic,True
63189,Generic,True
63190,Exploits,True
63191,Generic,True
63192,Exploits,True
63193,Reconnaissance,True
63194,DoS,True
63195,Generic,True
63196,Generic,True
63197,Fuzzers,True
63198,Exploits,True
63199,Exploits,True
63200,DoS,True
63201,Exploits,True
63202,Generic,True
63203,Reconnaissance,True
63204,Exploits,True
63205,Exploits,True
63206,DoS,True
63207,DoS,True
63208,Fuzzers,True
63209,Exploits,True
63210,Fuzzers,True
63211,Fuzzers,True
63212,Fuzzers,True
63213,Generic,True
63214,Generic,True
63215,Exploits,True
63216,Generic,True
63217,Generic,True
63218,Fuzzers,True
63219,Fuzzers,True
63220,Generic,True
63221,Generic,True
63222,Generic,True
63223,Fuzzers,True
63224,Generic,True
63225,Fuzzers,True
63226,Exploits,True
63227,Generic,True
63228,Generic,True
63229,Fuzzers,True
63230,Fuzzers,True
63231,Generic,True
63232,Fuzzers,True
63233,Fuzzers,True
63234,Generic,True
63235,Generic,True
63236,Reconnaissance,True
63237,Generic,True
63238,Exploits,True
63239,DoS,True
63240,Generic,True
63241,Generic,True
63242,Exploits,True
63243,Exploits,True
63244,Fuzzers,True
63245,Generic,True
63246,Exploits,True
63247,Generic,True
63248,Exploits,True
63249,Exploits,True
63250,Generic,True
63251,Exploits,True
63252,Fuzzers,True
63253,Fuzzers,True
63254,Generic,True
63255,Generic,True
63256,Exploits,True
63257,Exploits,True
63258,Exploits,True
63259,Generic,True
63260,Generic,True
63261,Generic,True
63262,Generic,True
63263,Exploits,True
63264,Exploits,True
63265,Generic,True
63266,Generic,True
63267,Generic,True
63268,Fuzzers,True
63269,Exploits,True
63270,Exploits,True
63271,Generic,True
63272,Generic,True
63273,Exploits,True
63274,Generic,True
63275,Reconnaissance,True
63276,Exploits,True
63277,Generic,True
63278,Generic,True
63279,Generic,True
63280,Generic,True
63281,Reconnaissance,True
63282,DoS,True
63283,Generic,True
63284,Fuzzers,True
63285,Exploits,True
63286,Generic,True
63287,Generic,True
63288,Exploits,True
63289,DoS,True
63290,Exploits,True
63291,Reconnaissance,True
63292,Reconnaissance,True
63293,Generic,True
63294,Exploits,True
63295,Fuzzers,True
63296,DoS,True
63297,Generic,True
63298,Fuzzers,True
63299,Exploits,True
63300,Generic,True
63301,Exploits,True
63302,Fuzzers,True
63303,Reconnaissance,True
63304,Generic,True
63305,Fuzzers,True
63306,Exploits,True
63307,Exploits,True
63308,Generic,True
63309,Exploits,True
63310,Generic,True
63311,Fuzzers,True
63312,Exploits,True
63313,Exploits,True
63314,Exploits,True
63315,Analysis,True
63316,Exploits,True
63317,Generic,True
63318,Exploits,True
63319,Fuzzers,True
63320,Reconnaissance,True
63321,Generic,True
63322,Generic,True
63323,Exploits,True
63324,Generic,True
63325,Generic,True
63326,Generic,True
63327,Generic,True
63328,DoS,True
63329,Analysis,True
63330,Exploits,True
63331,Generic,True
63332,Generic,True
63333,Generic,True
63334,Generic,True
63335,Analysis,True
63336,Generic,True
63337,Analysis,True
63338,Generic,True
63339,Fuzzers,True
63340,Generic,True
63341,Reconnaissance,True
63342,Exploits,True
63343,Generic,True
63344,Exploits,True
63345,Fuzzers,True
63346,Exploits,True
63347,Fuzzers,True
63348,Fuzzers,True
63349,Exploits,True
63350,Exploits,True
63351,Exploits,True
63352,Generic,True
63353,Exploits,True
63354,Generic,True
63355,Generic,True
63356,Analysis,True
63357,Generic,True
63358,Fuzzers,True
63359,DoS,True
63360,Generic,True
63361,Exploits,True
63362,Generic,True
63363,Generic,True
63364,Exploits,True
63365,Reconnaissance,True
63366,Exploits,True
63367,Generic,True
63368,Exploits,True
63369,Fuzzers,True
63370,Exploits,True
63371,Exploits,True
63372,Generic,True
63373,Generic,True
63374,Reconnaissance,True
63375,Exploits,True
63376,Generic,True
63377,Reconnaissance,True
63378,Generic,True
63379,Generic,True
63380,Generic,True
63381,Exploits,True
63382,Generic,True
63383,Generic,True
63384,Generic,True
63385,Generic,True
63386,Generic,True
63387,Exploits,True
63388,Generic,True
63389,Generic,True
63390,Generic,True
63391,Generic,True
63392,Exploits,True
63393,Generic,True
63394,Fuzzers,True
63395,Generic,True
63396,Generic,True
63397,Generic,True
63398,Generic,True
63399,Exploits,True
63400,Generic,True
63401,Exploits,True
63402,DoS,True
63403,Generic,True
63404,Reconnaissance,True
63405,Reconnaissance,True
63406,Reconnaissance,True
63407,Reconnaissance,True
63408,Generic,True
63409,Generic,True
63410,Fuzzers,True
63411,Exploits,True
63412,Exploits,True
63413,Generic,True
63414,Analysis,False
63415,Exploits,True
63416,Generic,True
63417,Fuzzers,True
63418,Reconnaissance,True
63419,Fuzzers,True
63420,Generic,True
63421,Analysis,False
63422,Generic,True
63423,Exploits,True
63424,Generic,True
63425,Fuzzers,True
63426,Fuzzers,True
63427,Generic,True
63428,Generic,True
63429,Fuzzers,True
63430,Worms,True
63431,Generic,True
63432,Reconnaissance,True
63433,Fuzzers,True
63434,Generic,True
63435,Generic,True
63436,Fuzzers,True
63437,Reconnaissance,True
63438,Generic,True
63439,Fuzzers,True
63440,Generic,True
63441,Generic,True
63442,Exploits,True
63443,Generic,True
63444,Generic,True
63445,Generic,True
63446,Reconnaissance,True
63447,Exploits,True
63448,Exploits,True
63449,Generic,True
63450,Generic,True
63451,Generic,True
63452,Generic,True
63453,Generic,True
63454,Generic,True
63455,Generic,True
63456,Exploits,True
63457,Generic,True
63458,Generic,True
63459,Exploits,True
63460,Generic,True
63461,Generic,True
63462,Fuzzers,True
63463,Generic,True
63464,Exploits,True
63465,Exploits,True
63466,Reconnaissance,True
63467,Generic,True
63468,Exploits,True
63469,Exploits,True
63470,Exploits,True
63471,Exploits,True
63472,Analysis,True
63473,Shellcode,True
63474,Fuzzers,True
63475,Reconnaissance,True
63476,Generic,True
63477,Exploits,True
63478,Fuzzers,True
63479,Exploits,True
63480,Generic,True
63481,Reconnaissance,True
63482,Generic,True
63483,Exploits,True
63484,Exploits,True
63485,Exploits,True
63486,Shellcode,True
63487,Generic,True
63488,Exploits,True
63489,Exploits,True
63490,Generic,True
63491,Generic,True
63492,Exploits,True
63493,Generic,True
63494,Fuzzers,True
63495,Fuzzers,True
63496,Reconnaissance,True
63497,Fuzzers,True
63498,Generic,True
63499,Exploits,True
63500,Reconnaissance,True
63501,Reconnaissance,True
63502,Exploits,True
63503,Generic,True
63504,Fuzzers,True
63505,Reconnaissance,True
63506,Fuzzers,True
63507,Exploits,True
63508,Fuzzers,True
63509,Reconnaissance,True
63510,DoS,True
63511,Generic,True
63512,Reconnaissance,True
63513,Reconnaissance,True
63514,Exploits,True
63515,Reconnaissance,True
63516,Generic,True
63517,Generic,True
63518,Exploits,True
63519,Generic,True
63520,Generic,True
63521,Generic,True
63522,Exploits,True
63523,Fuzzers,True
63524,Fuzzers,True
63525,Generic,True
63526,Generic,True
63527,Fuzzers,True
63528,Generic,True
63529,Reconnaissance,True
63530,Reconnaissance,True
63531,Generic,True
63532,Exploits,True
63533,Generic,True
63534,Generic,True
63535,Generic,True
63536,Exploits,True
63537,Exploits,True
63538,Fuzzers,True
63539,Generic,True
63540,Generic,True
63541,Reconnaissance,True
63542,Generic,True
63543,Exploits,True
63544,Fuzzers,True
63545,Generic,True
63546,Generic,True
63547,Generic,True
63548,Exploits,True
63549,Fuzzers,True
63550,Generic,True
63551,Fuzzers,True
63552,Reconnaissance,True
63553,Fuzzers,True
63554,Generic,True
63555,Exploits,True
63556,Fuzzers,True
63557,Reconnaissance,True
63558,Exploits,True
63559,Generic,True
63560,Generic,True
63561,Exploits,True
63562,Fuzzers,True
63563,Fuzzers,True
63564,Generic,True
63565,Exploits,True
63566,Exploits,True
63567,DoS,True
63568,Fuzzers,True
63569,Exploits,True
63570,Fuzzers,True
63571,Generic,True
63572,Fuzzers,True
63573,Generic,True
63574,Generic,True
63575,Fuzzers,True
63576,Fuzzers,True
63577,Reconnaissance,True
63578,Generic,True
63579,Backdoor,True
63580,Generic,True
63581,Generic,True
63582,Exploits,True
63583,Reconnaissance,True
63584,Generic,True
63585,Fuzzers,True
63586,Generic,True
63587,Generic,True
63588,Generic,True
63589,Fuzzers,True
63590,Exploits,True
63591,Generic,True
63592,Fuzzers,True
63593,Generic,True
63594,Generic,True
63595,Generic,True
63596,Exploits,True
63597,Reconnaissance,True
63598,Generic,True
63599,Generic,True
63600,Exploits,True
63601,Generic,True
63602,Exploits,True
63603,Reconnaissance,True
63604,Exploits,True
63605,Fuzzers,True
63606,Generic,True
63607,Reconnaissance,True
63608,Generic,True
63609,Reconnaissance,True
63610,DoS,True
63611,Exploits,True
63612,Fuzzers,True
63613,Exploits,True
63614,Shellcode,True
63615,Generic,True
63616,Fuzzers,True
63617,Reconnaissance,True
63618,Reconnaissance,True
63619,Exploits,True
63620,Generic,True
63621,Generic,True
63622,Generic,True
63623,Fuzzers,True
63624,Exploits,True
63625,Generic,True
63626,Generic,True
63627,Generic,True
63628,Generic,True
63629,Generic,True
63630,Exploits,True
63631,Fuzzers,True
63632,Generic,True
63633,Fuzzers,True
63634,Generic,True
63635,Reconnaissance,True
63636,Reconnaissance,True
63637,Exploits,True
63638,DoS,True
63639,Generic,True
63640,Exploits,True
63641,Generic,True
63642,DoS,True
63643,Generic,True
63644,Exploits,True
63645,Fuzzers,True
63646,Generic,True
63647,Reconnaissance,True
63648,Exploits,True
63649,Generic,True
63650,Exploits,True
63651,Shellcode,True
63652,Exploits,True
63653,Generic,True
63654,Exploits,True
63655,Generic,True
63656,Exploits,True
63657,Generic,True
63658,Fuzzers,True
63659,Exploits,True
63660,Exploits,True
63661,Generic,True
63662,Exploits,True
63663,Exploits,True
63664,Worms,True
63665,Fuzzers,True
63666,Fuzzers,True
63667,Reconnaissance,True
63668,Generic,True
63669,Generic,True
63670,Reconnaissance,True
63671,Fuzzers,True
63672,Exploits,True
63673,Reconnaissance,True
63674,Fuzzers,True
63675,Generic,True
63676,Fuzzers,True
63677,Exploits,True
63678,Fuzzers,True
63679,Fuzzers,True
63680,Fuzzers,True
63681,Generic,True
63682,Generic,True
63683,Backdoor,True
63684,Exploits,True
63685,Generic,True
63686,Fuzzers,True
63687,Fuzzers,True
63688,Generic,True
63689,Generic,True
63690,Reconnaissance,True
63691,Fuzzers,True
63692,Fuzzers,True
63693,Exploits,True
63694,Reconnaissance,True
63695,Generic,True
63696,DoS,True
63697,Fuzzers,True
63698,Exploits,True
63699,Generic,True
63700,Exploits,True
63701,Fuzzers,True
63702,Exploits,True
63703,Generic,True
63704,Generic,True
63705,Fuzzers,True
63706,Fuzzers,True
63707,Exploits,True
63708,Analysis,True
63709,Generic,True
63710,Fuzzers,True
63711,Generic,True
63712,Backdoor,True
63713,Exploits,True
63714,Exploits,True
63715,Exploits,True
63716,Reconnaissance,True
63717,Generic,True
63718,Generic,True
63719,DoS,True
63720,Fuzzers,True
63721,Generic,True
63722,Exploits,True
63723,Exploits,True
63724,Generic,True
63725,Generic,True
63726,Fuzzers,True
63727,Fuzzers,True
63728,Reconnaissance,True
63729,Generic,True
63730,Fuzzers,True
63731,Generic,True
63732,Generic,True
63733,Analysis,True
63734,Fuzzers,True
63735,Generic,True
63736,Backdoor,True
63737,Reconnaissance,True
63738,Generic,True
63739,Exploits,True
63740,Fuzzers,True
63741,Fuzzers,True
63742,Reconnaissance,True
63743,DoS,True
63744,Exploits,True
63745,Exploits,True
63746,Generic,True
63747,Fuzzers,True
63748,Exploits,True
63749,Fuzzers,True
63750,Generic,True
63751,Exploits,True
63752,Analysis,True
63753,Fuzzers,True
63754,Fuzzers,True
63755,Fuzzers,True
63756,Exploits,True
63757,Generic,True
63758,Exploits,True
63759,Fuzzers,True
63760,Exploits,True
63761,Generic,True
63762,Analysis,True
63763,Fuzzers,True
63764,Exploits,True
63765,Exploits,True
63766,Exploits,True
63767,Fuzzers,True
63768,Exploits,True
63769,Analysis,True
63770,Exploits,True
63771,Fuzzers,True
63772,Exploits,True
63773,Exploits,True
63774,Fuzzers,True
63775,Fuzzers,True
63776,Generic,True
63777,Generic,True
63778,Exploits,True
63779,Analysis,True
63780,Generic,True
63781,Fuzzers,True
63782,Generic,True
63783,Backdoor,True
63784,Generic,True
63785,DoS,True
63786,Exploits,True
63787,Exploits,True
63788,Generic,True
63789,Generic,True
63790,Generic,True
63791,Exploits,True
63792,Reconnaissance,True
63793,Generic,True
63794,Fuzzers,True
63795,Generic,True
63796,Generic,True
63797,Exploits,True
63798,Exploits,True
63799,Fuzzers,True
63800,Generic,True
63801,Fuzzers,True
63802,Generic,True
63803,Fuzzers,True
63804,Fuzzers,True
63805,Generic,True
63806,Exploits,True
63807,Generic,True
63808,Analysis,True
63809,Exploits,True
63810,Generic,True
63811,DoS,True
63812,DoS,True
63813,DoS,True
63814,Generic,True
63815,Exploits,True
63816,Generic,True
63817,Exploits,True
63818,DoS,True
63819,Fuzzers,True
63820,Generic,True
63821,Exploits,True
63822,Generic,True
63823,Fuzzers,True
63824,DoS,True
63825,DoS,True
63826,Analysis,True
63827,Generic,True
63828,Generic,True
63829,DoS,True
63830,Backdoor,True
63831,DoS,True
63832,Generic,True
63833,Exploits,True
63834,Generic,True
63835,Generic,True
63836,DoS,True
63837,Generic,True
63838,Exploits,True
63839,DoS,True
63840,Exploits,True
63841,Generic,True
63842,Generic,True
63843,Generic,True
63844,Fuzzers,True
63845,Exploits,True
63846,Generic,True
63847,Fuzzers,True
63848,Generic,True
63849,Exploits,True
63850,Fuzzers,True
63851,Generic,True
63852,Exploits,True
63853,Generic,True
63854,Generic,True
63855,Fuzzers,True
63856,Exploits,True
63857,Exploits,True
63858,Generic,True
63859,Generic,True
63860,DoS,True
63861,Generic,True
63862,Exploits,True
63863,Fuzzers,True
63864,Exploits,True
63865,Exploits,True
63866,DoS,True
63867,Fuzzers,True
63868,Generic,True
63869,Exploits,True
63870,Fuzzers,True
63871,Fuzzers,True
63872,Fuzzers,True
63873,DoS,True
63874,Analysis,True
63875,Generic,True
63876,Generic,True
63877,Fuzzers,True
63878,DoS,True
63879,DoS,True
63880,DoS,True
63881,Reconnaissance,True
63882,Fuzzers,True
63883,Generic,True
63884,Generic,True
63885,Exploits,True
63886,Fuzzers,True
63887,Generic,True
63888,Fuzzers,True
63889,Fuzzers,True
63890,Generic,True
63891,Generic,True
63892,Worms,True
63893,Reconnaissance,True
63894,Exploits,True
63895,Shellcode,True
63896,Fuzzers,True
63897,Generic,True
63898,Generic,True
63899,Reconnaissance,True
63900,Exploits,True
63901,Exploits,True
63902,Exploits,True
63903,Exploits,True
63904,Generic,True
63905,Generic,True
63906,Exploits,True
63907,Reconnaissance,True
63908,Fuzzers,True
63909,Generic,True
63910,Fuzzers,True
63911,Analysis,True
63912,Exploits,True
63913,Generic,True
63914,Shellcode,True
63915,Fuzzers,True
63916,Generic,True
63917,Generic,True
63918,Exploits,True
63919,Backdoor,True
63920,Fuzzers,True
63921,Reconnaissance,True
63922,Exploits,True
63923,Exploits,True
63924,Generic,True
63925,Generic,True
63926,Fuzzers,True
63927,DoS,True
63928,Shellcode,True
63929,Generic,True
63930,Generic,True
63931,Exploits,True
63932,Fuzzers,True
63933,Fuzzers,True
63934,Generic,True
63935,Fuzzers,True
63936,Generic,True
63937,Analysis,True
63938,Fuzzers,True
63939,Fuzzers,True
63940,Generic,True
63941,DoS,True
63942,Exploits,True
63943,Generic,True
63944,Generic,True
63945,Generic,True
63946,Exploits,True
63947,Generic,True
63948,Generic,True
63949,Exploits,True
63950,Generic,True
63951,Exploits,True
63952,Generic,True
63953,Generic,True
63954,Fuzzers,True
63955,Generic,True
63956,Generic,True
63957,Analysis,True
63958,Generic,True
63959,Exploits,True
63960,Exploits,True
63961,Backdoor,True
63962,Exploits,True
63963,Exploits,True
63964,Generic,True
63965,Exploits,True
63966,Reconnaissance,True
63967,Fuzzers,True
63968,DoS,True
63969,Exploits,True
63970,Fuzzers,True
63971,Exploits,True
63972,Exploits,True
63973,Exploits,True
63974,Fuzzers,True
63975,Fuzzers,True
63976,Reconnaissance,True
63977,Generic,True
63978,Generic,True
63979,Fuzzers,True
63980,Fuzzers,True
63981,Fuzzers,True
63982,Generic,True
63983,Fuzzers,True
63984,Analysis,True
63985,Exploits,True
63986,Backdoor,True
63987,Generic,True
63988,Fuzzers,True
63989,Exploits,True
63990,Fuzzers,True
63991,Fuzzers,True
63992,Generic,True
63993,Generic,True
63994,DoS,True
63995,Fuzzers,True
63996,Exploits,True
63997,Exploits,True
63998,Fuzzers,True
63999,Fuzzers,True
64000,Generic,True
64001,Generic,True
64002,Exploits,True
64003,DoS,True
64004,Generic,True
64005,Fuzzers,True
64006,Fuzzers,True
64007,Generic,True
64008,Generic,True
64009,Exploits,True
64010,DoS,True
64011,Generic,True
64012,Fuzzers,True
64013,Exploits,True
64014,Generic,True
64015,Generic,True
64016,Exploits,True
64017,Fuzzers,True
64018,Fuzzers,True
64019,Generic,True
64020,Exploits,True
64021,Generic,True
64022,Exploits,True
64023,Generic,True
64024,Fuzzers,True
64025,Generic,True
64026,Generic,True
64027,Generic,True
64028,Reconnaissance,True
64029,Generic,True
64030,Generic,True
64031,Fuzzers,True
64032,Generic,True
64033,Generic,True
64034,Generic,True
64035,Fuzzers,True
64036,Reconnaissance,True
64037,Generic,True
64038,Fuzzers,True
64039,Fuzzers,True
64040,Exploits,True
64041,Generic,True
64042,Fuzzers,True
64043,Fuzzers,True
64044,Reconnaissance,True
64045,Reconnaissance,True
64046,Fuzzers,True
64047,Fuzzers,True
64048,Fuzzers,True
64049,Fuzzers,True
64050,Exploits,True
64051,Generic,True
64052,Exploits,True
64053,Analysis,True
64054,Fuzzers,True
64055,Exploits,True
64056,Backdoor,True
64057,Fuzzers,True
64058,Generic,True
64059,Analysis,True
64060,Exploits,True
64061,Exploits,True
64062,Shellcode,True
64063,Reconnaissance,True
64064,DoS,True
64065,Generic,True
64066,Fuzzers,True
64067,Generic,True
64068,Exploits,True
64069,Reconnaissance,True
64070,Fuzzers,True
64071,Generic,True
64072,Generic,True
64073,Exploits,True
64074,Exploits,True
64075,Generic,True
64076,Fuzzers,True
64077,Fuzzers,True
64078,Generic,True
64079,Generic,True
64080,Fuzzers,True
64081,Fuzzers,True
64082,Generic,True
64083,Backdoor,True
64084,Reconnaissance,True
64085,Generic,True
64086,Generic,True
64087,Reconnaissance,True
64088,Exploits,True
64089,Exploits,True
64090,Generic,True
64091,Generic,True
64092,Exploits,True
64093,Fuzzers,True
64094,Reconnaissance,True
64095,Generic,True
64096,Generic,True
64097,Fuzzers,True
64098,Generic,True
64099,Fuzzers,True
64100,Exploits,True
64101,DoS,True
64102,Fuzzers,True
64103,Generic,True
64104,Exploits,True
64105,DoS,True
64106,Exploits,True
64107,Exploits,True
64108,Exploits,True
64109,Fuzzers,True
64110,Exploits,True
64111,Generic,True
64112,Generic,True
64113,Generic,True
64114,Reconnaissance,True
64115,Reconnaissance,True
64116,Exploits,True
64117,Generic,True
64118,Exploits,True
64119,Generic,True
64120,Shellcode,True
64121,Generic,True
64122,Reconnaissance,True
64123,Generic,True
64124,Exploits,True
64125,Generic,True
64126,Exploits,True
64127,Generic,True
64128,Generic,True
64129,Generic,True
64130,Exploits,True
64131,Generic,True
64132,Generic,True
64133,Generic,True
64134,Fuzzers,True
64135,Generic,True
64136,Exploits,True
64137,Generic,True
64138,Generic,True
64139,Fuzzers,True
64140,Fuzzers,True
64141,Exploits,True
64142,Exploits,True
64143,Fuzzers,True
64144,Exploits,True
64145,Reconnaissance,True
64146,Generic,True
64147,Fuzzers,True
64148,Fuzzers,True
64149,Exploits,True
64150,Fuzzers,True
64151,Fuzzers,True
64152,Generic,True
64153,Exploits,True
64154,Fuzzers,True
64155,Exploits,True
64156,Reconnaissance,True
64157,Fuzzers,True
64158,Exploits,True
64159,Fuzzers,True
64160,Fuzzers,True
64161,Generic,True
64162,Exploits,True
64163,Fuzzers,True
64164,Reconnaissance,True
64165,Fuzzers,True
64166,Generic,True
64167,Exploits,True
64168,Generic,True
64169,Fuzzers,True
64170,Generic,True
64171,Generic,True
64172,Reconnaissance,True
64173,Fuzzers,True
64174,Generic,True
64175,Fuzzers,True
64176,Generic,True
64177,Generic,True
64178,Reconnaissance,True
64179,Generic,True
64180,Shellcode,True
64181,Generic,True
64182,Exploits,True
64183,Fuzzers,True
64184,DoS,True
64185,Fuzzers,True
64186,Exploits,True
64187,DoS,True
64188,Generic,True
64189,Reconnaissance,True
64190,Exploits,True
64191,Generic,True
64192,Generic,True
64193,Exploits,True
64194,Fuzzers,True
64195,Exploits,True
64196,Generic,True
64197,Fuzzers,True
64198,Fuzzers,True
64199,Generic,True
64200,Reconnaissance,True
64201,Generic,True
64202,Fuzzers,True
64203,Generic,True
64204,Fuzzers,True
64205,Generic,True
64206,Generic,True
64207,Generic,True
64208,Reconnaissance,True
64209,Fuzzers,True
64210,Fuzzers,True
64211,Generic,True
64212,Generic,True
64213,Fuzzers,True
64214,Exploits,True
64215,Generic,True
64216,Fuzzers,True
64217,Generic,True
64218,Generic,True
64219,Exploits,True
64220,Generic,True
64221,Generic,True
64222,Fuzzers,True
64223,Generic,True
64224,Exploits,True
64225,Generic,True
64226,Fuzzers,True
64227,Exploits,True
64228,Exploits,True
64229,Reconnaissance,True
64230,Exploits,True
64231,Reconnaissance,True
64232,Exploits,True
64233,Generic,True
64234,Fuzzers,True
64235,Fuzzers,True
64236,Reconnaissance,True
64237,Reconnaissance,True
64238,Generic,True
64239,Exploits,True
64240,Fuzzers,True
64241,DoS,True
64242,Reconnaissance,True
64243,Reconnaissance,True
64244,Generic,True
64245,Exploits,True
64246,Reconnaissance,True
64247,Generic,True
64248,Fuzzers,True
64249,Generic,True
64250,Generic,True
64251,Reconnaissance,True
64252,Exploits,True
64253,Exploits,True
64254,Generic,True
64255,Reconnaissance,True
64256,Fuzzers,True
64257,Exploits,True
64258,Fuzzers,True
64259,Generic,True
64260,Backdoor,True
64261,Generic,True
64262,Fuzzers,True
64263,Exploits,True
64264,Exploits,True
64265,Fuzzers,True
64266,Reconnaissance,True
64267,Generic,True
64268,Fuzzers,True
64269,Fuzzers,True
64270,Reconnaissance,True
64271,Exploits,True
64272,Fuzzers,True
64273,Generic,True
64274,Generic,True
64275,Exploits,True
64276,Reconnaissance,True
64277,Generic,True
64278,Generic,True
64279,DoS,True
64280,Fuzzers,True
64281,DoS,True
64282,DoS,True
64283,Fuzzers,True
64284,Fuzzers,True
64285,Reconnaissance,True
64286,Reconnaissance,True
64287,Generic,True
64288,Exploits,True
64289,Fuzzers,True
64290,Fuzzers,True
64291,Generic,True
64292,Reconnaissance,True
64293,Generic,True
64294,Exploits,True
64295,Fuzzers,True
64296,Generic,True
64297,Exploits,True
64298,Exploits,True
64299,Exploits,True
64300,Fuzzers,True
64301,Generic,True
64302,Exploits,True
64303,Exploits,True
64304,Fuzzers,True
64305,Fuzzers,True
64306,Generic,True
64307,Generic,True
64308,Generic,True
64309,Generic,True
64310,Fuzzers,True
64311,Generic,True
64312,Exploits,True
64313,Generic,True
64314,DoS,True
64315,Fuzzers,True
64316,Generic,True
64317,Generic,True
64318,Generic,True
64319,Generic,True
64320,Fuzzers,True
64321,Generic,True
64322,DoS,True
64323,Generic,True
64324,Fuzzers,True
64325,Generic,True
64326,Generic,True
64327,Fuzzers,True
64328,Generic,True
64329,Reconnaissance,True
64330,Generic,True
64331,Exploits,True
64332,Generic,True
64333,Exploits,True
64334,Generic,True
64335,Generic,True
64336,Fuzzers,True
64337,Generic,True
64338,Exploits,True
64339,Exploits,True
64340,Generic,True
64341,Generic,True
64342,Generic,True
64343,Fuzzers,True
64344,Reconnaissance,True
64345,Exploits,True
64346,Generic,True
64347,Exploits,True
64348,Exploits,True
64349,Generic,True
64350,Generic,True
64351,Fuzzers,True
64352,Exploits,True
64353,Fuzzers,True
64354,Generic,True
64355,Exploits,True
64356,Generic,True
64357,Generic,True
64358,Exploits,True
64359,Generic,True
64360,Exploits,True
64361,Generic,True
64362,Generic,True
64363,Exploits,True
64364,Generic,True
64365,DoS,True
64366,Generic,True
64367,Generic,True
64368,DoS,True
64369,Generic,True
64370,Reconnaissance,True
64371,Exploits,True
64372,Fuzzers,True
64373,Exploits,True
64374,Fuzzers,True
64375,Generic,True
64376,Generic,True
64377,Exploits,True
64378,Generic,True
64379,Exploits,True
64380,Exploits,True
64381,Exploits,True
64382,Generic,True
64383,Generic,True
64384,Reconnaissance,True
64385,Exploits,True
64386,Generic,True
64387,Fuzzers,True
64388,Generic,True
64389,Generic,True
64390,Fuzzers,True
64391,Fuzzers,True
64392,Fuzzers,True
64393,Exploits,True
64394,Generic,True
64395,Fuzzers,True
64396,Generic,True
64397,Fuzzers,True
64398,Reconnaissance,True
64399,Generic,True
64400,Exploits,True
64401,Generic,True
64402,Generic,True
64403,Generic,True
64404,Generic,True
64405,Generic,True
64406,Generic,True
64407,Exploits,True
64408,Fuzzers,True
64409,Generic,True
64410,Generic,True
64411,Exploits,True
64412,Generic,True
64413,Exploits,True
64414,Reconnaissance,True
64415,DoS,True
64416,Exploits,True
64417,Generic,True
64418,Reconnaissance,True
64419,Generic,True
64420,Reconnaissance,True
64421,Generic,True
64422,Generic,True
64423,Fuzzers,True
64424,Fuzzers,True
64425,Generic,True
64426,Fuzzers,True
64427,Exploits,True
64428,Shellcode,True
64429,Reconnaissance,True
64430,Fuzzers,True
64431,Reconnaissance,True
64432,Generic,True
64433,Exploits,True
64434,Fuzzers,True
64435,Reconnaissance,True
64436,Exploits,True
64437,Generic,True
64438,Exploits,True
64439,Fuzzers,True
64440,Shellcode,True
64441,Reconnaissance,True
64442,Generic,True
64443,Fuzzers,True
64444,Exploits,True
64445,Exploits,True
64446,Generic,True
64447,Exploits,True
64448,Exploits,True
64449,Fuzzers,True
64450,Exploits,True
64451,Generic,True
64452,DoS,True
64453,Shellcode,True
64454,Fuzzers,True
64455,Reconnaissance,True
64456,Reconnaissance,True
64457,Exploits,True
64458,Fuzzers,True
64459,Reconnaissance,True
64460,DoS,True
64461,Reconnaissance,True
64462,Exploits,True
64463,Generic,True
64464,Exploits,True
64465,Fuzzers,True
64466,Generic,True
64467,Exploits,True
64468,Generic,True
64469,Reconnaissance,True
64470,DoS,True
64471,Exploits,True
64472,Generic,True
64473,Exploits,True
64474,Reconnaissance,True
64475,Exploits,True
64476,Exploits,True
64477,Generic,True
64478,Reconnaissance,True
64479,Exploits,True
64480,Generic,True
64481,Reconnaissance,True
64482,Shellcode,True
64483,Generic,True
64484,Reconnaissance,True
64485,Fuzzers,True
64486,Reconnaissance,True
64487,Generic,True
64488,Exploits,True
64489,Fuzzers,True
64490,Reconnaissance,True
64491,Fuzzers,True
64492,Generic,True
64493,Fuzzers,True
64494,Exploits,True
64495,Fuzzers,True
64496,Exploits,True
64497,Generic,True
64498,Exploits,True
64499,Exploits,True
64500,Reconnaissance,True
64501,Exploits,True
64502,Exploits,True
64503,Exploits,True
64504,Reconnaissance,True
64505,Exploits,True
64506,Generic,True
64507,Generic,True
64508,Reconnaissance,True
64509,Exploits,True
64510,Generic,True
64511,Generic,True
64512,Generic,True
64513,Reconnaissance,True
64514,Fuzzers,True
64515,Generic,True
64516,Generic,True
64517,Generic,True
64518,Reconnaissance,True
64519,Exploits,True
64520,Exploits,True
64521,Exploits,True
64522,Fuzzers,True
64523,Fuzzers,True
64524,Generic,True
64525,Reconnaissance,True
64526,Reconnaissance,True
64527,DoS,True
64528,Fuzzers,True
64529,Generic,True
64530,Fuzzers,True
64531,Reconnaissance,True
64532,Fuzzers,True
64533,Generic,True
64534,Generic,True
64535,Exploits,True
64536,Exploits,True
64537,Exploits,True
64538,Exploits,True
64539,Generic,True
64540,Exploits,True
64541,Fuzzers,True
64542,Reconnaissance,True
64543,Generic,True
64544,Exploits,True
64545,Generic,True
64546,Exploits,True
64547,Generic,True
64548,Generic,True
64549,Generic,True
64550,Exploits,True
64551,Exploits,True
64552,Generic,True
64553,Fuzzers,True
64554,Exploits,True
64555,Exploits,True
64556,Fuzzers,True
64557,Reconnaissance,True
64558,Generic,True
64559,Exploits,True
64560,Shellcode,True
64561,Fuzzers,True
64562,Fuzzers,True
64563,Generic,True
64564,DoS,True
64565,Shellcode,True
64566,Generic,True
64567,Fuzzers,True
64568,Exploits,True
64569,Fuzzers,True
64570,Exploits,True
64571,Generic,True
64572,Exploits,True
64573,Exploits,True
64574,Fuzzers,True
64575,Exploits,True
64576,Generic,True
64577,Generic,True
64578,Exploits,True
64579,Shellcode,True
64580,Exploits,True
64581,Fuzzers,True
64582,Generic,True
64583,DoS,True
64584,Reconnaissance,True
64585,Generic,True
64586,Shellcode,True
64587,Generic,True
64588,Exploits,True
64589,Exploits,True
64590,Generic,True
64591,Shellcode,True
64592,Exploits,True
64593,DoS,True
64594,Exploits,True
64595,Shellcode,True
64596,Reconnaissance,True
64597,Fuzzers,True
64598,Exploits,True
64599,Generic,True
64600,Generic,True
64601,Exploits,True
64602,Exploits,True
64603,Generic,True
64604,Generic,True
64605,Generic,True
64606,Exploits,True
64607,Shellcode,True
64608,Fuzzers,True
64609,Fuzzers,True
64610,Generic,True
64611,Exploits,True
64612,Exploits,True
64613,Fuzzers,True
64614,Exploits,True
64615,Generic,True
64616,Exploits,True
64617,Exploits,True
64618,Generic,True
64619,Fuzzers,True
64620,Generic,True
64621,Exploits,True
64622,Exploits,True
64623,Generic,True
64624,Exploits,True
64625,Generic,True
64626,DoS,True
64627,Shellcode,True
64628,Exploits,True
64629,Exploits,True
64630,Exploits,True
64631,Reconnaissance,True
64632,Reconnaissance,True
64633,Reconnaissance,True
64634,Generic,True
64635,Generic,True
64636,Exploits,True
64637,Reconnaissance,True
64638,Generic,True
64639,Generic,True
64640,Reconnaissance,True
64641,Fuzzers,True
64642,Generic,True
64643,Reconnaissance,True
64644,Exploits,True
64645,Generic,True
64646,Fuzzers,True
64647,Generic,True
64648,Fuzzers,True
64649,Analysis,False
64650,Generic,True
64651,Fuzzers,True
64652,Generic,True
64653,Exploits,True
64654,Fuzzers,True
64655,Exploits,True
64656,Exploits,True
64657,Reconnaissance,True
64658,Exploits,True
64659,Reconnaissance,True
64660,Generic,True
64661,Exploits,True
64662,Fuzzers,True
64663,Fuzzers,True
64664,Exploits,True
64665,Reconnaissance,True
64666,Exploits,True
64667,Generic,True
64668,Exploits,True
64669,Generic,True
64670,Generic,True
64671,Analysis,True
64672,Exploits,True
64673,Fuzzers,True
64674,Generic,True
64675,Exploits,True
64676,Exploits,True
64677,Fuzzers,True
64678,Exploits,True
64679,Generic,True
64680,DoS,True
64681,Exploits,True
64682,Fuzzers,True
64683,Generic,True
64684,Exploits,True
64685,Exploits,True
64686,Fuzzers,True
64687,Generic,True
64688,Reconnaissance,True
64689,Exploits,True
64690,Reconnaissance,True
64691,Generic,True
64692,Exploits,True
64693,Generic,True
64694,Generic,True
64695,Reconnaissance,True
64696,Generic,True
64697,Reconnaissance,True
64698,Exploits,True
64699,Generic,True
64700,Generic,True
64701,Fuzzers,True
64702,Generic,True
64703,Exploits,True
64704,Generic,True
64705,Generic,True
64706,Fuzzers,True
64707,Exploits,True
64708,Generic,True
64709,Exploits,True
64710,Generic,True
64711,Reconnaissance,True
64712,Exploits,True
64713,Generic,True
64714,Exploits,True
64715,Exploits,True
64716,Generic,True
64717,Fuzzers,True
64718,Reconnaissance,True
64719,Generic,True
64720,Generic,True
64721,Generic,True
64722,Exploits,True
64723,Generic,True
64724,Exploits,True
64725,Generic,True
64726,DoS,True
64727,Generic,True
64728,Exploits,True
64729,Fuzzers,True
64730,Reconnaissance,True
64731,Fuzzers,True
64732,Generic,True
64733,Fuzzers,True
64734,Generic,True
64735,DoS,True
64736,Exploits,True
64737,Generic,True
64738,Generic,True
64739,Reconnaissance,True
64740,Fuzzers,True
64741,Generic,True
64742,Generic,True
64743,Generic,True
64744,Exploits,True
64745,Generic,True
64746,Generic,True
64747,Generic,True
64748,Generic,True
64749,Exploits,True
64750,Generic,True
64751,Generic,True
64752,Generic,True
64753,Fuzzers,True
64754,Reconnaissance,True
64755,Fuzzers,True
64756,Reconnaissance,True
64757,Exploits,True
64758,Generic,True
64759,Fuzzers,True
64760,Exploits,True
64761,DoS,True
64762,Fuzzers,True
64763,Generic,True
64764,Generic,True
64765,Exploits,True
64766,Reconnaissance,True
64767,Generic,True
64768,Exploits,True
64769,Generic,True
64770,Exploits,True
64771,Generic,True
64772,Exploits,True
64773,Reconnaissance,True
64774,Generic,True
64775,Generic,True
64776,Fuzzers,True
64777,Fuzzers,True
64778,Generic,True
64779,Generic,True
64780,Exploits,True
64781,Generic,True
64782,Generic,True
64783,Generic,True
64784,Exploits,True
64785,Generic,True
64786,Fuzzers,True
64787,Reconnaissance,True
64788,Generic,True
64789,Exploits,True
64790,Generic,True
64791,Generic,True
64792,Reconnaissance,True
64793,Generic,True
64794,Exploits,True
64795,Fuzzers,True
64796,Exploits,True
64797,Generic,True
64798,Exploits,True
64799,Reconnaissance,True
64800,Generic,True
64801,Exploits,True
64802,Generic,True
64803,Generic,True
64804,Exploits,True
64805,Generic,True
64806,Reconnaissance,True
64807,Reconnaissance,True
64808,Generic,True
64809,Generic,True
64810,Generic,True
64811,Generic,True
64812,Generic,True
64813,Generic,True
64814,Generic,True
64815,Generic,True
64816,Generic,True
64817,Generic,True
64818,Exploits,True
64819,Reconnaissance,True
64820,Generic,True
64821,Exploits,True
64822,Fuzzers,True
64823,Reconnaissance,True
64824,Exploits,True
64825,Generic,True
64826,Generic,True
64827,Exploits,True
64828,Exploits,True
64829,Generic,True
64830,Generic,True
64831,Exploits,True
64832,Generic,True
64833,Generic,True
64834,Generic,True
64835,Generic,True
64836,Generic,True
64837,Generic,True
64838,Generic,True
64839,Generic,True
64840,Reconnaissance,True
64841,Generic,True
64842,Generic,True
64843,Generic,True
64844,Generic,True
64845,DoS,True
64846,Generic,True
64847,Generic,True
64848,Generic,True
64849,Exploits,True
64850,Fuzzers,True
64851,Exploits,True
64852,DoS,True
64853,Exploits,True
64854,Fuzzers,True
64855,Fuzzers,True
64856,Reconnaissance,True
64857,Fuzzers,True
64858,Fuzzers,True
64859,Fuzzers,True
64860,Fuzzers,True
64861,Fuzzers,True
64862,Generic,True
64863,Generic,True
64864,Generic,True
64865,Generic,True
64866,Generic,True
64867,Generic,True
64868,Reconnaissance,True
64869,Generic,True
64870,Generic,True
64871,Generic,True
64872,Generic,True
64873,Shellcode,True
64874,Generic,True
64875,Generic,True
64876,Exploits,True
64877,DoS,True
64878,Generic,True
64879,Generic,True
64880,Exploits,True
64881,Fuzzers,True
64882,Exploits,True
64883,Exploits,True
64884,Fuzzers,True
64885,Exploits,True
64886,Reconnaissance,True
64887,Generic,True
64888,Exploits,True
64889,Fuzzers,True
64890,Exploits,True
64891,Fuzzers,True
64892,Generic,True
64893,Generic,True
64894,Generic,True
64895,Fuzzers,True
64896,Generic,True
64897,Generic,True
64898,Generic,True
64899,Generic,True
64900,Exploits,True
64901,Generic,True
64902,Generic,True
64903,Generic,True
64904,Shellcode,True
64905,Generic,True
64906,Generic,True
64907,Generic,True
64908,Fuzzers,True
64909,Generic,True
64910,Generic,True
64911,Generic,True
64912,Generic,True
64913,DoS,True
64914,Generic,True
64915,Reconnaissance,True
64916,Generic,True
64917,Fuzzers,True
64918,Reconnaissance,True
64919,Fuzzers,True
64920,Generic,True
64921,Exploits,True
64922,Fuzzers,True
64923,Exploits,True
64924,Exploits,True
64925,Generic,True
64926,Generic,True
64927,DoS,True
64928,Reconnaissance,True
64929,DoS,True
64930,Generic,True
64931,Generic,True
64932,Reconnaissance,True
64933,DoS,True
64934,Generic,True
64935,Generic,True
64936,Generic,True
64937,Reconnaissance,True
64938,Fuzzers,True
64939,DoS,True
64940,Generic,True
64941,Generic,True
64942,Exploits,True
64943,Fuzzers,True
64944,Reconnaissance,True
64945,Exploits,True
64946,Fuzzers,True
64947,Fuzzers,True
64948,DoS,True
64949,Reconnaissance,True
64950,Exploits,True
64951,Generic,True
64952,Reconnaissance,True
64953,Generic,True
64954,Exploits,True
64955,Exploits,True
64956,Generic,True
64957,Generic,True
64958,Exploits,True
64959,Fuzzers,True
64960,Reconnaissance,True
64961,Generic,True
64962,Generic,True
64963,Exploits,True
64964,Generic,True
64965,Generic,True
64966,Exploits,True
64967,Exploits,True
64968,Reconnaissance,True
64969,Generic,True
64970,Generic,True
64971,Exploits,True
64972,Generic,True
64973,Generic,True
64974,Generic,True
64975,Exploits,True
64976,Fuzzers,True
64977,DoS,True
64978,Fuzzers,True
64979,Generic,True
64980,Fuzzers,True
64981,Fuzzers,True
64982,Exploits,True
64983,Generic,True
64984,Fuzzers,True
64985,Reconnaissance,True
64986,Fuzzers,True
64987,Exploits,True
64988,Generic,True
64989,Exploits,True
64990,Exploits,True
64991,Fuzzers,True
64992,Fuzzers,True
64993,Generic,True
64994,Generic,True
64995,DoS,True
64996,Generic,True
64997,Fuzzers,True
64998,Generic,True
64999,Fuzzers,True
65000,Generic,True
65001,Fuzzers,True
65002,Generic,True
65003,Fuzzers,True
65004,Generic,True
65005,Generic,True
65006,Fuzzers,True
65007,DoS,True
65008,Generic,True
65009,Generic,True
65010,Generic,True
65011,Exploits,True
65012,Reconnaissance,True
65013,Exploits,True
65014,Fuzzers,True
65015,DoS,True
65016,Exploits,True
65017,Fuzzers,True
65018,Exploits,True
65019,Fuzzers,True
65020,Reconnaissance,True
65021,Generic,True
65022,DoS,True
65023,Exploits,True
65024,Exploits,True
65025,Fuzzers,True
65026,Generic,True
65027,DoS,True
65028,Exploits,True
65029,Exploits,True
65030,Exploits,True
65031,Generic,True
65032,Exploits,True
65033,Fuzzers,True
65034,DoS,True
65035,Generic,True
65036,Exploits,True
65037,Fuzzers,True
65038,Reconnaissance,True
65039,Reconnaissance,True
65040,Generic,True
65041,Reconnaissance,True
65042,Reconnaissance,True
65043,Exploits,True
65044,Shellcode,True
65045,Fuzzers,True
65046,Fuzzers,True
65047,Fuzzers,True
65048,Fuzzers,True
65049,Generic,True
65050,Exploits,True
65051,DoS,True
65052,Exploits,True
65053,Fuzzers,True
65054,Generic,True
65055,Fuzzers,True
65056,Fuzzers,True
65057,DoS,True
65058,Fuzzers,True
65059,Generic,True
65060,Fuzzers,True
65061,Generic,True
65062,Reconnaissance,True
65063,Generic,True
65064,Exploits,True
65065,Generic,True
65066,Generic,True
65067,Generic,True
65068,Generic,True
65069,Shellcode,True
65070,Generic,True
65071,Generic,True
65072,Generic,True
65073,DoS,True
65074,Fuzzers,True
65075,Reconnaissance,True
65076,Exploits,True
65077,Generic,True
65078,Generic,True
65079,Reconnaissance,True
65080,Reconnaissance,True
65081,Reconnaissance,True
65082,Generic,True
65083,Fuzzers,True
65084,Exploits,True
65085,Exploits,True
65086,Reconnaissance,True
65087,Exploits,True
65088,Fuzzers,True
65089,Fuzzers,True
65090,Analysis,True
65091,Exploits,True
65092,Generic,True
65093,Generic,True
65094,Exploits,True
65095,Fuzzers,True
65096,Generic,True
65097,Reconnaissance,True
65098,Generic,True
65099,Generic,True
65100,Exploits,True
65101,Generic,True
65102,Backdoor,True
65103,Fuzzers,True
65104,Exploits,True
65105,Generic,True
65106,Fuzzers,True
65107,Exploits,True
65108,Exploits,True
65109,Exploits,True
65110,Generic,True
65111,Shellcode,True
65112,Fuzzers,True
65113,Generic,True
65114,Generic,True
65115,Fuzzers,True
65116,Fuzzers,True
65117,Exploits,True
65118,Generic,True
65119,Generic,True
65120,Exploits,True
65121,Fuzzers,True
65122,Generic,True
65123,Generic,True
65124,Generic,True
65125,Generic,True
65126,Fuzzers,True
65127,DoS,True
65128,Generic,True
65129,Fuzzers,True
65130,Fuzzers,True
65131,Exploits,True
65132,Generic,True
65133,Generic,True
65134,Fuzzers,True
65135,Fuzzers,True
65136,Fuzzers,True
65137,Generic,True
65138,Generic,True
65139,Backdoor,True
65140,Reconnaissance,True
65141,Generic,True
65142,Fuzzers,True
65143,Generic,True
65144,Generic,True
65145,Fuzzers,True
65146,Generic,True
65147,Generic,True
65148,Exploits,True
65149,Generic,True
65150,Fuzzers,True
65151,Generic,True
65152,Generic,True
65153,Fuzzers,True
65154,Generic,True
65155,Fuzzers,True
65156,Generic,True
65157,Exploits,True
65158,Exploits,True
65159,Generic,True
65160,Fuzzers,True
65161,Generic,True
65162,Exploits,True
65163,Exploits,True
65164,DoS,True
65165,Exploits,True
65166,Reconnaissance,True
65167,Generic,True
65168,Exploits,True
65169,Fuzzers,True
65170,Fuzzers,True
65171,Generic,True
65172,Generic,True
65173,Exploits,True
65174,Generic,True
65175,Generic,True
65176,Reconnaissance,True
65177,Exploits,True
65178,Exploits,True
65179,Generic,True
65180,Generic,True
65181,Fuzzers,True
65182,Exploits,True
65183,Generic,True
65184,DoS,True
65185,Exploits,True
65186,Exploits,True
65187,Reconnaissance,True
65188,Reconnaissance,True
65189,Fuzzers,True
65190,Generic,True
65191,Fuzzers,True
65192,Exploits,True
65193,Fuzzers,True
65194,Fuzzers,True
65195,Generic,True
65196,Fuzzers,True
65197,Reconnaissance,True
65198,Exploits,True
65199,Exploits,True
65200,Generic,True
65201,Exploits,True
65202,Reconnaissance,True
65203,Reconnaissance,True
65204,Exploits,True
65205,Exploits,True
65206,Generic,True
65207,Exploits,True
65208,DoS,True
65209,Exploits,True
65210,Fuzzers,True
65211,Generic,True
65212,Fuzzers,True
65213,Reconnaissance,True
65214,Generic,True
65215,Fuzzers,True
65216,Reconnaissance,True
65217,Reconnaissance,True
65218,Generic,True
65219,Reconnaissance,True
65220,Fuzzers,True
65221,Exploits,True
65222,Generic,True
65223,Exploits,True
65224,Fuzzers,True
65225,Exploits,True
65226,Generic,True
65227,Fuzzers,True
65228,Reconnaissance,True
65229,Fuzzers,True
65230,Reconnaissance,True
65231,Fuzzers,True
65232,Generic,True
65233,Exploits,True
65234,Fuzzers,True
65235,Fuzzers,True
65236,Generic,True
65237,Exploits,True
65238,Exploits,True
65239,Exploits,True
65240,Fuzzers,True
65241,Exploits,True
65242,Generic,True
65243,Exploits,True
65244,Generic,True
65245,DoS,True
65246,Fuzzers,True
65247,Exploits,True
65248,Exploits,True
65249,Fuzzers,True
65250,Generic,True
65251,Generic,True
65252,Reconnaissance,True
65253,Exploits,True
65254,Exploits,True
65255,Fuzzers,True
65256,Generic,True
65257,Exploits,True
65258,Reconnaissance,True
65259,Fuzzers,True
65260,Fuzzers,True
65261,Fuzzers,True
65262,Generic,True
65263,Fuzzers,True
65264,Fuzzers,True
65265,Generic,True
65266,DoS,True
65267,Reconnaissance,True
65268,Fuzzers,True
65269,Fuzzers,True
65270,Generic,True
65271,Generic,True
65272,Exploits,True
65273,Generic,True
65274,Exploits,True
65275,Generic,True
65276,Generic,True
65277,Generic,True
65278,Exploits,True
65279,Fuzzers,True
65280,Reconnaissance,True
65281,Generic,True
65282,Generic,True
65283,Fuzzers,True
65284,Fuzzers,True
65285,Fuzzers,True
65286,Generic,True
65287,Generic,True
65288,Exploits,True
65289,Fuzzers,True
65290,Generic,True
65291,Generic,True
65292,Generic,True
65293,Shellcode,True
65294,Generic,True
65295,Generic,True
65296,Generic,True
65297,Fuzzers,True
65298,Generic,True
65299,Fuzzers,True
65300,Exploits,True
65301,Fuzzers,True
65302,Generic,True
65303,DoS,True
65304,Fuzzers,True
65305,Exploits,True
65306,Generic,True
65307,Generic,True
65308,Exploits,True
65309,Fuzzers,True
65310,Fuzzers,True
65311,Exploits,True
65312,Generic,True
65313,Exploits,True
65314,Reconnaissance,True
65315,Exploits,True
65316,Generic,True
65317,Exploits,True
65318,Exploits,True
65319,Generic,True
65320,Exploits,True
65321,Fuzzers,True
65322,Reconnaissance,True
65323,Fuzzers,True
65324,Exploits,True
65325,Exploits,True
65326,Exploits,True
65327,Generic,True
65328,Generic,True
65329,Generic,True
65330,Reconnaissance,True
65331,Generic,True
65332,Exploits,True
65333,DoS,True
65334,Reconnaissance,True
65335,Generic,True
65336,Exploits,True
65337,Generic,True
65338,Exploits,True
65339,Generic,True
65340,Generic,True
65341,Fuzzers,True
65342,Generic,True
65343,Exploits,True
65344,Exploits,True
65345,Exploits,True
65346,Generic,True
65347,Generic,True
65348,Generic,True
65349,Exploits,True
65350,Fuzzers,True
65351,Generic,True
65352,Fuzzers,True
65353,Generic,True
65354,Fuzzers,True
65355,Fuzzers,True
65356,Generic,True
65357,Generic,True
65358,Reconnaissance,True
65359,Exploits,True
65360,Reconnaissance,True
65361,Reconnaissance,True
65362,Generic,True
65363,Exploits,True
65364,Fuzzers,True
65365,Generic,True
65366,Exploits,True
65367,Generic,True
65368,Reconnaissance,True
65369,Fuzzers,True
65370,Generic,True
65371,Fuzzers,True
65372,Generic,True
65373,Fuzzers,True
65374,Fuzzers,True
65375,Generic,True
65376,Reconnaissance,True
65377,Generic,True
65378,Exploits,True
65379,Fuzzers,True
65380,Exploits,True
65381,Generic,True
65382,Exploits,True
65383,Generic,True
65384,Fuzzers,True
65385,Fuzzers,True
65386,Generic,True
65387,Generic,True
65388,Fuzzers,True
65389,Fuzzers,True
65390,Fuzzers,True
65391,Generic,True
65392,Generic,True
65393,Exploits,True
65394,Exploits,True
65395,Exploits,True
65396,Exploits,True
65397,Generic,True
65398,Reconnaissance,True
65399,Generic,True
65400,DoS,True
65401,Exploits,True
65402,Generic,True
65403,Generic,True
65404,Fuzzers,True
65405,Reconnaissance,True
65406,Fuzzers,True
65407,Generic,True
65408,Generic,True
65409,Fuzzers,True
65410,Fuzzers,True
65411,Fuzzers,True
65412,Generic,True
65413,Exploits,True
65414,Reconnaissance,True
65415,Fuzzers,True
65416,Fuzzers,True
65417,Generic,True
65418,Fuzzers,True
65419,Fuzzers,True
65420,Fuzzers,True
65421,Generic,True
65422,Generic,True
65423,Fuzzers,True
65424,Reconnaissance,True
65425,Generic,True
65426,Fuzzers,True
65427,Reconnaissance,True
65428,Fuzzers,True
65429,Exploits,True
65430,Generic,True
65431,Fuzzers,True
65432,Generic,True
65433,Generic,True
65434,Reconnaissance,True
65435,Generic,True
65436,Exploits,True
65437,Generic,True
65438,Exploits,True
65439,Exploits,True
65440,Reconnaissance,True
65441,DoS,True
65442,Reconnaissance,True
65443,Exploits,True
65444,Generic,True
65445,Reconnaissance,True
65446,Exploits,True
65447,Generic,True
65448,Generic,True
65449,Fuzzers,True
65450,Fuzzers,True
65451,Generic,True
65452,Generic,True
65453,Exploits,True
65454,Generic,True
65455,Fuzzers,True
65456,Exploits,True
65457,Fuzzers,True
65458,Exploits,True
65459,Generic,True
65460,Reconnaissance,True
65461,Generic,True
65462,Generic,True
65463,Exploits,True
65464,Generic,True
65465,Generic,True
65466,Generic,True
65467,Fuzzers,True
65468,Generic,True
65469,Generic,True
65470,Generic,True
65471,Generic,True
65472,Fuzzers,True
65473,Generic,True
65474,Generic,True
65475,Generic,True
65476,Fuzzers,True
65477,Reconnaissance,True
65478,Generic,True
65479,Fuzzers,True
65480,Shellcode,True
65481,Generic,True
65482,Fuzzers,True
65483,Fuzzers,True
65484,Fuzzers,True
65485,Generic,True
65486,Fuzzers,True
65487,Generic,True
65488,Generic,True
65489,Fuzzers,True
65490,Generic,True
65491,Generic,True
65492,Exploits,True
65493,Exploits,True
65494,Generic,True
65495,Fuzzers,True
65496,Generic,True
65497,Fuzzers,True
65498,Generic,True
65499,Reconnaissance,True
65500,Fuzzers,True
65501,Generic,True
65502,Exploits,True
65503,DoS,True
65504,Generic,True
65505,Fuzzers,True
65506,Generic,True
65507,Generic,True
65508,Fuzzers,True
65509,Reconnaissance,True
65510,Exploits,True
65511,Generic,True
65512,Generic,True
65513,Exploits,True
65514,Generic,True
65515,Generic,True
65516,Generic,True
65517,Reconnaissance,True
65518,Generic,True
65519,Generic,True
65520,Generic,True
65521,Generic,True
65522,Generic,True
65523,Exploits,True
65524,Generic,True
65525,Reconnaissance,True
65526,Generic,True
65527,Exploits,True
65528,Generic,True
65529,Fuzzers,True
65530,DoS,True
65531,Fuzzers,True
65532,Fuzzers,True
65533,Generic,True
65534,Exploits,True
65535,Fuzzers,True
65536,Fuzzers,True
65537,Fuzzers,True
65538,Fuzzers,True
65539,Generic,True
65540,Generic,True
65541,Generic,True
65542,Generic,True
65543,Exploits,True
65544,Generic,True
65545,Exploits,True
65546,Reconnaissance,True
65547,Generic,True
65548,Fuzzers,True
65549,Generic,True
65550,Generic,True
65551,Generic,True
65552,Fuzzers,True
65553,Exploits,True
65554,Generic,True
65555,Fuzzers,True
65556,Shellcode,True
65557,Exploits,True
65558,Fuzzers,True
65559,Fuzzers,True
65560,Fuzzers,True
65561,Generic,True
65562,Fuzzers,True
65563,Fuzzers,True
65564,Generic,True
65565,Fuzzers,True
65566,DoS,True
65567,Generic,True
65568,Fuzzers,True
65569,Reconnaissance,True
65570,Generic,True
65571,Exploits,True
65572,Exploits,True
65573,Generic,True
65574,Fuzzers,True
65575,Reconnaissance,True
65576,Generic,True
65577,Fuzzers,True
65578,Backdoor,True
65579,Reconnaissance,True
65580,Fuzzers,True
65581,Reconnaissance,True
65582,Exploits,True
65583,Generic,True
65584,Exploits,True
65585,DoS,True
65586,Generic,True
65587,Shellcode,True
65588,Generic,True
65589,Generic,True
65590,Fuzzers,True
65591,Fuzzers,True
65592,Fuzzers,True
65593,Exploits,True
65594,Generic,True
65595,Generic,True
65596,Exploits,True
65597,Exploits,True
65598,Fuzzers,True
65599,Fuzzers,True
65600,Generic,True
65601,Generic,True
65602,Reconnaissance,True
65603,Exploits,True
65604,Exploits,True
65605,Generic,True
65606,Exploits,True
65607,Fuzzers,True
65608,Generic,True
65609,Shellcode,True
65610,Analysis,True
65611,Generic,True
65612,Fuzzers,True
65613,Backdoor,True
65614,Generic,True
65615,Exploits,True
65616,Exploits,True
65617,Generic,True
65618,Fuzzers,True
65619,DoS,True
65620,Generic,True
65621,DoS,True
65622,Fuzzers,True
65623,Fuzzers,True
65624,Fuzzers,True
65625,Exploits,True
65626,Generic,True
65627,Exploits,True
65628,Fuzzers,True
65629,Generic,True
65630,Fuzzers,True
65631,Exploits,True
65632,Fuzzers,True
65633,Fuzzers,True
65634,Generic,True
65635,DoS,True
65636,Generic,True
65637,Reconnaissance,True
65638,Generic,True
65639,Exploits,True
65640,Generic,True
65641,Reconnaissance,True
65642,Generic,True
65643,Fuzzers,True
65644,Generic,True
65645,Fuzzers,True
65646,Generic,True
65647,Reconnaissance,True
65648,Generic,True
65649,Analysis,False
65650,Generic,True
65651,Analysis,True
65652,Analysis,True
65653,Reconnaissance,True
65654,Generic,True
65655,Generic,True
65656,Exploits,True
65657,Generic,True
65658,Fuzzers,True
65659,Generic,True
65660,Fuzzers,True
65661,Generic,True
65662,Fuzzers,True
65663,Generic,True
65664,Fuzzers,True
65665,Fuzzers,True
65666,Fuzzers,True
65667,DoS,True
65668,Fuzzers,True
65669,Exploits,True
65670,Fuzzers,True
65671,Exploits,True
65672,Fuzzers,True
65673,Exploits,True
65674,Fuzzers,True
65675,Generic,True
65676,Fuzzers,True
65677,Generic,True
65678,Fuzzers,True
65679,Generic,True
65680,Fuzzers,True
65681,Fuzzers,True
65682,Reconnaissance,True
65683,Generic,True
65684,Fuzzers,True
65685,Generic,True
65686,Fuzzers,True
65687,Fuzzers,True
65688,Fuzzers,True
65689,DoS,True
65690,Reconnaissance,True
65691,Reconnaissance,True
65692,Exploits,True
65693,Generic,True
65694,DoS,True
65695,Exploits,True
65696,Exploits,True
65697,Fuzzers,True
65698,Exploits,True
65699,Fuzzers,True
65700,Fuzzers,True
65701,Fuzzers,True
65702,Fuzzers,True
65703,Reconnaissance,True
65704,Analysis,True
65705,Backdoor,True
65706,Exploits,True
65707,Exploits,True
65708,Exploits,True
65709,Analysis,True
65710,Fuzzers,True
65711,Fuzzers,True
65712,Exploits,True
65713,Exploits,True
65714,Exploits,True
65715,Exploits,True
65716,Exploits,True
65717,Exploits,True
65718,Fuzzers,True
65719,Generic,True
65720,Fuzzers,True
65721,Generic,True
65722,Exploits,True
65723,Generic,True
65724,Fuzzers,True
65725,Generic,True
65726,Fuzzers,True
65727,Generic,True
65728,Reconnaissance,True
65729,Generic,True
65730,Exploits,True
65731,Generic,True
65732,Reconnaissance,True
65733,Generic,True
65734,Fuzzers,True
65735,Generic,True
65736,Reconnaissance,True
65737,Generic,True
65738,Reconnaissance,True
65739,Generic,True
65740,Generic,True
65741,Fuzzers,True
65742,DoS,True
65743,Fuzzers,True
65744,Fuzzers,True
65745,Fuzzers,True
65746,Exploits,True
65747,Fuzzers,True
65748,Reconnaissance,True
65749,Fuzzers,True
65750,Exploits,True
65751,Exploits,True
65752,Exploits,True
65753,Exploits,True
65754,Fuzzers,True
65755,Fuzzers,True
65756,Fuzzers,True
65757,Fuzzers,True
65758,DoS,True
65759,Exploits,True
65760,Fuzzers,True
65761,Fuzzers,True
65762,Fuzzers,True
65763,Fuzzers,True
65764,Fuzzers,True
65765,Exploits,True
65766,Exploits,True
65767,Exploits,True
65768,Reconnaissance,True
65769,Fuzzers,True
65770,Fuzzers,True
65771,Generic,True
65772,Reconnaissance,True
65773,Exploits,True
65774,Exploits,True
65775,Reconnaissance,True
65776,DoS,True
65777,Generic,True
65778,Generic,True
65779,Generic,True
65780,DoS,True
65781,Exploits,False
65782,Exploits,False
65783,Exploits,True
65784,Exploits,True
65785,Exploits,True
65786,Exploits,True
65787,Exploits,True
65788,Generic,True
65789,Exploits,True
65790,Exploits,True
65791,Exploits,False
65792,Exploits,False
65793,Fuzzers,True
65794,Exploits,True
65795,Generic,True
65796,Generic,True
65797,Generic,True
65798,Fuzzers,True
65799,Fuzzers,True
65800,Exploits,True
65801,Reconnaissance,True
65802,Reconnaissance,True
65803,Fuzzers,True
65804,Exploits,True
65805,Fuzzers,True
65806,DoS,True
65807,Exploits,True
65808,Reconnaissance,True
65809,Reconnaissance,True
65810,Exploits,True
65811,Shellcode,True
65812,Reconnaissance,True
65813,Reconnaissance,True
65814,Exploits,True
65815,Exploits,True
65816,Reconnaissance,True
65817,Fuzzers,True
65818,Fuzzers,True
65819,Reconnaissance,True
65820,Exploits,True
65821,Exploits,True
65822,Exploits,True
65823,Fuzzers,True
65824,Reconnaissance,True
65825,Fuzzers,True
65826,Fuzzers,True
65827,Fuzzers,True
65828,Fuzzers,True
65829,Exploits,True
65830,Fuzzers,True
65831,Exploits,True
65832,Fuzzers,True
65833,Exploits,True
65834,Exploits,True
65835,Exploits,True
65836,Exploits,True
65837,Fuzzers,True
65838,Exploits,False
65839,Exploits,False
65840,Exploits,True
65841,Exploits,True
65842,Exploits,True
65843,Reconnaissance,True
65844,Reconnaissance,True
65845,Generic,True
65846,Reconnaissance,True
65847,Reconnaissance,True
65848,Fuzzers,True
65849,Fuzzers,True
65850,Fuzzers,True
65851,Fuzzers,True
65852,Fuzzers,True
