model,arm,seed,variant,type,level,realizable,n_cohort,n_evaded,evasion_rate,pct_correct,pct_misclassified_attack,evasion_Analysis,n_Analysis,evasion_Backdoor,n_Backdoor,evasion_DoS,n_DoS,evasion_Exploits,n_Exploits,evasion_Fuzzers,n_Fuzzers,evasion_Generic,n_Generic,evasion_Reconnaissance,n_Reconnaissance,evasion_Shellcode,n_Shellcode,evasion_Worms,n_Worms
RandomForest,o1,42,identity_L0,identity,0,True,45001,0,0.0,74.9294,25.0706,0.0,674,0.0,581,0.0,4084,0.0,11085,0.0,5791,0.0,18871,0.0,3493,0.0,378,0.0,44
RandomForest,o1,42,ttl_hold_L1,ttl_hold,1,True,45001,168,0.3733,73.905,25.7217,2.6706,674,3.0981,581,0.4897,4084,0.3699,11085,1.1915,5791,0.0,18871,0.0286,3493,0.2646,378,0.0,44
RandomForest,o1,42,ttl_hold_L2,ttl_hold,2,True,45001,166,0.3689,73.8872,25.7439,2.6706,674,3.0981,581,0.4897,4084,0.3699,11085,1.157,5791,0.0,18871,0.0286,3493,0.2646,378,0.0,44
RandomForest,o1,42,ttl_hold_L3,ttl_hold,3,True,45001,1894,4.2088,72.1984,23.5928,13.9466,674,15.4905,581,5.9256,4084,3.3559,11085,17.0092,5791,0.212,18871,1.5459,3493,4.2328,378,2.2727,44
RandomForest,o1,42,ttl_mimic_L1,ttl_mimic,1,True,45001,1908,4.2399,72.4451,23.315,23.7389,674,26.1618,581,5.6317,4084,3.6987,11085,15.2996,5791,0.1537,18871,0.9734,3493,1.5873,378,2.2727,44
RandomForest,o1,42,ttl_mimic_L2,ttl_mimic,2,True,45001,170,0.3778,73.8784,25.7439,2.6706,674,3.0981,581,0.5877,4084,0.3879,11085,1.1397,5791,0.0,18871,0.0,3493,0.2646,378,0.0,44
RandomForest,o1,42,ttl_mimic_L3,ttl_mimic,3,True,45001,8196,18.2129,65.723,16.0641,66.0237,674,72.2892,581,24.4613,4084,16.9689,11085,67.2595,5791,1.5367,18871,4.7524,3493,24.8677,378,13.6364,44
RandomForest,o1,42,padding_L1,padding,1,True,45001,43,0.0956,66.8807,33.0237,0.0,674,0.0,581,0.1469,4084,0.1083,11085,0.4144,5791,0.0,18871,0.0286,3493,0.0,378,0.0,44
RandomForest,o1,42,padding_L2,padding,2,True,45001,26,0.0578,66.663,33.2793,0.0,674,0.0,581,0.0979,4084,0.0451,11085,0.2763,5791,0.0,18871,0.0,3493,0.2646,378,0.0,44
RandomForest,o1,42,padding_L3,padding,3,True,45001,38,0.0844,67.8918,32.0237,0.0,674,0.0,581,0.0,4084,0.0361,11085,0.5353,5791,0.0,18871,0.0286,3493,0.5291,378,0.0,44
RandomForest,o1,42,padding_L4,padding,4,True,45001,46,0.1022,67.3518,32.5459,0.0,674,0.0,581,0.0,4084,0.0361,11085,0.6562,5791,0.0,18871,0.0573,3493,0.5291,378,0.0,44
RandomForest,o1,42,timing_L1,timing,1,True,45001,83,0.1844,75.2605,24.555,0.0,674,0.0,581,0.0735,4084,0.0722,11085,1.1915,5791,0.0053,18871,0.0,3493,0.5291,378,0.0,44
RandomForest,o1,42,timing_L2,timing,2,True,45001,94,0.2089,75.2739,24.5172,0.0,674,0.0,581,0.1469,4084,0.1083,11085,1.2778,5791,0.0053,18871,0.0,3493,0.2646,378,0.0,44
RandomForest,o1,42,timing_L3,timing,3,True,45001,174,0.3867,74.545,25.0683,2.0772,674,2.4096,581,0.3918,4084,0.3789,11085,1.4333,5791,0.0,18871,0.0573,3493,0.7937,378,0.0,44
RandomForest,o1,42,timing_L4,timing,4,True,45001,310,0.6889,74.3428,24.9683,5.1929,674,6.0241,581,0.906,4084,0.7307,11085,1.9686,5791,0.0,18871,0.1431,3493,0.7937,378,0.0,44
RandomForest,o1,42,connection_rate_L1,connection_rate,1,True,45001,73,0.1622,74.2117,25.6261,0.0,674,0.0,581,0.4407,4084,0.0722,11085,0.7253,5791,0.0106,18871,0.0859,3493,0.0,378,0.0,44
RandomForest,o1,42,connection_rate_L2,connection_rate,2,True,45001,77,0.1711,74.4228,25.4061,0.0,674,0.0,581,0.5387,4084,0.0812,11085,0.7598,5791,0.0053,18871,0.0286,3493,0.0,378,0.0,44
RandomForest,o1,42,connection_rate_L3,connection_rate,3,True,45001,91,0.2022,73.4917,26.3061,0.0,674,0.0,581,0.5387,4084,0.1173,11085,0.9325,5791,0.0053,18871,0.0286,3493,0.0,378,0.0,44
RandomForest,o1,42,connection_rate_L4,connection_rate,4,True,45001,146,0.3244,72.9584,26.7172,0.0,674,1.0327,581,0.9794,4084,0.2346,11085,1.1397,5791,0.0371,18871,0.0286,3493,0.0,378,0.0,44
RandomForest,o1,42,combined_hold_L1,combined_hold,1,True,45001,309,0.6867,52.5655,46.7479,3.5608,674,4.1308,581,0.9305,4084,0.6225,11085,2.5212,5791,0.0053,18871,0.1145,3493,0.7937,378,0.0,44
RandomForest,o1,42,combined_hold_L2,combined_hold,2,True,45001,329,0.7311,51.9877,47.2812,5.0445,674,5.852,581,1.1019,4084,0.7037,11085,2.2967,5791,0.0053,18871,0.0573,3493,0.5291,378,0.0,44
RandomForest,o1,42,combined_hold_L3,combined_hold,3,True,45001,7368,16.373,51.6189,32.0082,76.4095,674,81.2392,581,37.2919,4084,18.1055,11085,37.5583,5791,0.3974,18871,15.7744,3493,12.6984,378,4.5455,44
RandomForest,o1,42,combined_hold_L4,combined_hold,4,True,45001,14058,31.2393,47.4634,21.2973,87.8338,674,86.747,581,61.8266,4084,26.7298,11085,48.8344,5791,17.2911,18871,36.9596,3493,23.545,378,6.8182,44
RandomForest,o1,42,combined_mimic_L1,combined_mimic,1,True,45001,4402,9.782,49.8389,40.3791,54.5994,674,58.1756,581,21.2537,4084,10.7352,11085,23.7783,5791,0.6624,18871,3.6931,3493,1.5873,378,2.2727,44
RandomForest,o1,42,combined_mimic_L2,combined_mimic,2,True,45001,335,0.7444,52.0255,47.2301,5.0445,674,5.852,581,1.1998,4084,0.7217,11085,2.2794,5791,0.0053,18871,0.0859,3493,0.5291,378,0.0,44
RandomForest,o1,42,combined_mimic_L3,combined_mimic,3,True,45001,29830,66.2874,26.4927,7.2198,97.3294,674,92.2547,581,77.1058,4084,41.7411,11085,89.2074,5791,69.0318,18871,69.4246,3493,62.4339,378,18.1818,44
RandomForest,o1,42,combined_mimic_L4,combined_mimic,4,True,45001,34127,75.8361,18.9796,5.1843,97.7745,674,93.2874,581,80.8276,4084,44.8624,11085,91.3314,5791,86.413,18871,78.1849,3493,83.3333,378,22.7273,44
RandomForest,o1,42,ttl_both_L1,ttl_both,1,False,45001,14781,32.8459,54.3343,12.8197,66.3205,674,76.7642,581,39.2752,4084,56.608,11085,80.1589,5791,3.2802,18871,14.6293,3493,56.8783,378,50.0,44
RandomForest,o1,43,identity_L0,identity,0,True,45001,0,0.0,75.0539,24.9461,0.0,674,0.0,581,0.0,4084,0.0,11085,0.0,5791,0.0,18871,0.0,3493,0.0,378,0.0,44
RandomForest,o1,43,ttl_hold_L1,ttl_hold,1,True,45001,121,0.2689,74.3339,25.3972,1.7804,674,2.0654,581,0.3183,4084,0.2616,11085,0.9152,5791,0.0,18871,0.0286,3493,0.2646,378,0.0,44
RandomForest,o1,43,ttl_hold_L2,ttl_hold,2,True,45001,120,0.2667,74.1828,25.5505,1.7804,674,2.0654,581,0.3183,4084,0.2526,11085,0.9325,5791,0.0,18871,0.0,3493,0.2646,378,0.0,44
RandomForest,o1,43,ttl_hold_L3,ttl_hold,3,True,45001,2088,4.6399,71.9473,23.4128,12.908,674,13.253,581,5.0441,4084,3.6806,11085,20.4801,5791,0.2173,18871,1.6032,3493,6.6138,378,4.5455,44
RandomForest,o1,43,ttl_mimic_L1,ttl_mimic,1,True,45001,1817,4.0377,73.0295,22.9328,20.3264,674,23.0637,581,7.1009,4084,4.0144,11085,12.5194,5791,0.1802,18871,1.2024,3493,2.381,378,2.2727,44
RandomForest,o1,43,ttl_mimic_L2,ttl_mimic,2,True,45001,118,0.2622,74.1739,25.5639,1.7804,674,2.0654,581,0.3183,4084,0.2526,11085,0.8979,5791,0.0,18871,0.0,3493,0.2646,378,0.0,44
RandomForest,o1,43,ttl_mimic_L3,ttl_mimic,3,True,45001,8683,19.2951,64.5963,16.1085,55.0445,674,60.7573,581,25.5387,4084,20.3067,11085,68.3129,5791,1.6586,18871,6.6132,3493,40.4762,378,27.2727,44
RandomForest,o1,43,padding_L1,padding,1,True,45001,49,0.1089,67.9563,31.9348,0.0,674,0.0,581,0.1469,4084,0.1443,11085,0.3972,5791,0.0,18871,0.0859,3493,0.2646,378,0.0,44
RandomForest,o1,43,padding_L2,padding,2,True,45001,35,0.0778,67.0985,32.8237,0.0,674,0.0,581,0.0245,4084,0.0722,11085,0.4317,5791,0.0,18871,0.0,3493,0.2646,378,0.0,44
RandomForest,o1,43,padding_L3,padding,3,True,45001,26,0.0578,67.7341,32.2082,0.0,674,0.0,581,0.0,4084,0.0451,11085,0.3454,5791,0.0,18871,0.0286,3493,0.0,378,0.0,44
RandomForest,o1,43,padding_L4,padding,4,True,45001,37,0.0822,66.3096,33.6081,0.0,674,0.0,581,0.0,4084,0.009,11085,0.5526,5791,0.0,18871,0.0573,3493,0.5291,378,0.0,44
RandomForest,o1,43,timing_L1,timing,1,True,45001,91,0.2022,75.3294,24.4683,0.0,674,0.0,581,0.0245,4084,0.0812,11085,1.3296,5791,0.0053,18871,0.0286,3493,0.5291,378,0.0,44
RandomForest,o1,43,timing_L2,timing,2,True,45001,78,0.1733,75.3805,24.4461,0.0,674,0.0,581,0.0979,4084,0.1083,11085,1.0188,5791,0.0053,18871,0.0286,3493,0.2646,378,0.0,44
RandomForest,o1,43,timing_L3,timing,3,True,45001,283,0.6289,74.5672,24.8039,3.8576,674,4.475,581,0.8325,4084,0.6315,11085,2.0894,5791,0.0106,18871,0.0573,3493,0.5291,378,0.0,44
RandomForest,o1,43,timing_L4,timing,4,True,45001,315,0.7,74.105,25.195,4.8961,674,5.6799,581,0.9305,4084,0.7488,11085,2.1067,5791,0.0,18871,0.0573,3493,1.0582,378,0.0,44
RandomForest,o1,43,connection_rate_L1,connection_rate,1,True,45001,52,0.1156,74.1784,25.7061,0.0,674,0.0,581,0.0979,4084,0.0631,11085,0.6907,5791,0.0,18871,0.0286,3493,0.0,378,0.0,44
RandomForest,o1,43,connection_rate_L2,connection_rate,2,True,45001,68,0.1511,74.5139,25.335,0.0,674,0.0,581,0.5387,4084,0.1083,11085,0.5526,5791,0.0053,18871,0.0286,3493,0.0,378,0.0,44
RandomForest,o1,43,connection_rate_L3,connection_rate,3,True,45001,86,0.1911,73.7828,26.0261,0.0,674,0.0,581,0.5387,4084,0.0992,11085,0.8807,5791,0.0053,18871,0.0286,3493,0.0,378,0.0,44
RandomForest,o1,43,connection_rate_L4,connection_rate,4,True,45001,139,0.3089,72.8228,26.8683,0.0,674,1.0327,581,0.9794,4084,0.2165,11085,1.0534,5791,0.0371,18871,0.0286,3493,0.0,378,0.0,44
RandomForest,o1,43,combined_hold_L1,combined_hold,1,True,45001,265,0.5889,52.4766,46.9345,2.9674,674,3.2702,581,0.7101,4084,0.5413,11085,2.2103,5791,0.0053,18871,0.1431,3493,0.7937,378,0.0,44
RandomForest,o1,43,combined_hold_L2,combined_hold,2,True,45001,201,0.4467,51.7366,47.8167,2.819,674,3.2702,581,0.6366,4084,0.3879,11085,1.5196,5791,0.0053,18871,0.0573,3493,0.7937,378,0.0,44
RandomForest,o1,43,combined_hold_L3,combined_hold,3,True,45001,5720,12.7108,48.4078,38.8814,43.6202,674,50.0861,581,18.3888,4084,11.6013,11085,34.5882,5791,0.2862,18871,27.5122,3493,20.6349,378,4.5455,44
RandomForest,o1,43,combined_hold_L4,combined_hold,4,True,45001,8690,19.3107,44.4857,36.2036,52.819,674,61.4458,581,25.4897,4084,15.4714,11085,44.2238,5791,7.4188,18871,32.7226,3493,30.4233,378,4.5455,44
RandomForest,o1,43,combined_mimic_L1,combined_mimic,1,True,45001,2642,5.871,51.9411,42.188,28.4866,674,32.0138,581,11.2145,4084,6.5223,11085,15.455,5791,0.5193,18871,2.4334,3493,1.0582,378,2.2727,44
RandomForest,o1,43,combined_mimic_L2,combined_mimic,2,True,45001,200,0.4444,51.7411,47.8145,2.819,674,3.2702,581,0.6366,4084,0.3879,11085,1.5023,5791,0.0053,18871,0.0573,3493,0.7937,378,0.0,44
RandomForest,o1,43,combined_mimic_L3,combined_mimic,3,True,45001,35885,79.7427,14.2952,5.9621,99.7033,674,95.6971,581,83.0069,4084,50.8435,11085,92.592,5791,94.2133,18871,63.2694,3493,70.8995,378,27.2727,44
RandomForest,o1,43,combined_mimic_L4,combined_mimic,4,True,45001,38003,84.4492,11.5375,4.0132,99.8516,674,95.525,581,86.5083,4084,55.5074,11085,94.0079,5791,98.5215,18871,77.4692,3493,88.6243,378,27.2727,44
RandomForest,o1,43,ttl_both_L1,ttl_both,1,False,45001,16026,35.6125,51.5677,12.8197,55.0445,674,64.0275,581,40.8668,4084,69.0212,11085,76.5671,5791,3.312,18871,18.3224,3493,58.9947,378,93.1818,44
RandomForest,o1,44,identity_L0,identity,0,True,45001,0,0.0,74.9294,25.0706,0.0,674,0.0,581,0.0,4084,0.0,11085,0.0,5791,0.0,18871,0.0,3493,0.0,378,0.0,44
RandomForest,o1,44,ttl_hold_L1,ttl_hold,1,True,45001,209,0.4644,73.9717,25.5639,2.819,674,3.2702,581,0.8325,4084,0.3789,11085,1.4851,5791,0.0318,18871,0.0573,3493,0.2646,378,0.0,44
RandomForest,o1,44,ttl_hold_L2,ttl_hold,2,True,45001,190,0.4222,73.9939,25.5839,2.5223,674,2.926,581,0.7835,4084,0.3428,11085,1.3987,5791,0.0106,18871,0.0573,3493,0.2646,378,0.0,44
RandomForest,o1,44,ttl_hold_L3,ttl_hold,3,True,45001,3263,7.2509,70.8784,21.8706,22.8487,674,25.8176,581,8.3252,4084,5.8006,11085,30.8755,5791,0.3285,18871,2.3476,3493,11.1111,378,4.5455,44
RandomForest,o1,44,ttl_mimic_L1,ttl_mimic,1,True,45001,1396,3.1022,73.0984,23.7995,18.3976,674,20.9983,581,4.5054,4084,2.9138,11085,10.3091,5791,0.1431,18871,0.4581,3493,0.7937,378,0.0,44
RandomForest,o1,44,ttl_mimic_L2,ttl_mimic,2,True,45001,197,0.4378,73.9717,25.5905,2.5223,674,2.926,581,0.8815,4084,0.3608,11085,1.416,5791,0.0106,18871,0.0573,3493,0.2646,378,0.0,44
RandomForest,o1,44,ttl_mimic_L3,ttl_mimic,3,True,45001,9575,21.2773,64.0297,14.693,66.1721,674,74.5267,581,30.7297,4084,23.0221,11085,70.9722,5791,1.9872,18871,7.4435,3493,35.1852,378,25.0,44
RandomForest,o1,44,padding_L1,padding,1,True,45001,44,0.0978,63.8875,36.0148,0.1484,674,0.0,581,0.1469,4084,0.1173,11085,0.3799,5791,0.0,18871,0.0,3493,0.5291,378,0.0,44
RandomForest,o1,44,padding_L2,padding,2,True,45001,34,0.0756,63.5786,36.3459,0.0,674,0.0,581,0.0245,4084,0.0361,11085,0.449,5791,0.0,18871,0.0,3493,0.7937,378,0.0,44
RandomForest,o1,44,padding_L3,padding,3,True,45001,42,0.0933,67.4652,32.4415,0.0,674,0.0,581,0.0245,4084,0.0541,11085,0.5526,5791,0.0,18871,0.0286,3493,0.5291,378,0.0,44
RandomForest,o1,44,padding_L4,padding,4,True,45001,52,0.1156,66.4763,33.4081,0.0,674,0.0,581,0.0245,4084,0.0631,11085,0.6735,5791,0.0,18871,0.0573,3493,0.7937,378,0.0,44
RandomForest,o1,44,timing_L1,timing,1,True,45001,86,0.1911,75.185,24.6239,0.0,674,0.0,581,0.049,4084,0.0902,11085,1.226,5791,0.0053,18871,0.0,3493,0.5291,378,0.0,44
RandomForest,o1,44,timing_L2,timing,2,True,45001,69,0.1533,75.1761,24.6706,0.1484,674,0.0,581,0.0979,4084,0.0902,11085,0.8979,5791,0.0053,18871,0.0,3493,0.2646,378,0.0,44
RandomForest,o1,44,timing_L3,timing,3,True,45001,228,0.5067,74.5783,24.915,2.6706,674,3.0981,581,1.0774,4084,0.5232,11085,1.3987,5791,0.0265,18871,0.0573,3493,0.5291,378,0.0,44
RandomForest,o1,44,timing_L4,timing,4,True,45001,266,0.5911,74.325,25.0839,3.5608,674,4.1308,581,1.0039,4084,0.5142,11085,1.8995,5791,0.0159,18871,0.1145,3493,0.7937,378,0.0,44
RandomForest,o1,44,connection_rate_L1,connection_rate,1,True,45001,46,0.1022,74.1828,25.715,0.0,674,0.0,581,0.0735,4084,0.0361,11085,0.6562,5791,0.0,18871,0.0286,3493,0.0,378,0.0,44
RandomForest,o1,44,connection_rate_L2,connection_rate,2,True,45001,64,0.1422,74.4761,25.3817,0.0,674,0.0,581,0.5142,4084,0.0541,11085,0.6044,5791,0.0053,18871,0.0286,3493,0.0,378,0.0,44
RandomForest,o1,44,connection_rate_L3,connection_rate,3,True,45001,79,0.1756,74.1806,25.6439,0.0,674,0.0,581,0.4652,4084,0.0541,11085,0.9152,5791,0.0053,18871,0.0,3493,0.0,378,0.0,44
RandomForest,o1,44,connection_rate_L4,connection_rate,4,True,45001,133,0.2955,73.6895,26.015,0.0,674,1.0327,581,0.906,4084,0.1624,11085,1.1224,5791,0.0371,18871,0.0,3493,0.0,378,0.0,44
RandomForest,o1,44,combined_hold_L1,combined_hold,1,True,45001,237,0.5267,52.4611,47.0123,2.2255,674,2.4096,581,0.7346,4084,0.4781,11085,2.0722,5791,0.0053,18871,0.0286,3493,0.7937,378,0.0,44
RandomForest,o1,44,combined_hold_L2,combined_hold,2,True,45001,436,0.9689,52.11,46.9212,7.1217,674,8.2616,581,1.4691,4084,0.9833,11085,2.9011,5791,0.0053,18871,0.0,3493,0.5291,378,0.0,44
RandomForest,o1,44,combined_hold_L3,combined_hold,3,True,45001,10170,22.5995,45.9279,31.4726,79.3769,674,85.0258,581,46.8413,4084,23.5544,11085,51.062,5791,0.7684,18871,40.1947,3493,28.3069,378,9.0909,44
RandomForest,o1,44,combined_hold_L4,combined_hold,4,True,45001,17244,38.3191,33.1926,28.4883,86.6469,674,87.9518,581,59.6719,4084,28.1461,11085,60.9567,5791,27.9264,18871,47.8958,3493,30.4233,378,9.0909,44
RandomForest,o1,44,combined_mimic_L1,combined_mimic,1,True,45001,2111,4.691,51.4233,43.8857,29.2285,674,31.4974,581,7.3702,4084,4.3933,11085,14.0908,5791,0.4875,18871,0.8589,3493,1.0582,378,2.2727,44
RandomForest,o1,44,combined_mimic_L2,combined_mimic,2,True,45001,443,0.9844,52.0966,46.919,7.1217,674,8.6059,581,1.4691,4084,1.0014,11085,2.9183,5791,0.0053,18871,0.0573,3493,0.5291,378,0.0,44
RandomForest,o1,44,combined_mimic_L3,combined_mimic,3,True,45001,30478,67.7274,22.3351,9.9376,98.2196,674,95.525,581,83.9373,4084,55.733,11085,91.5386,5791,62.6994,18871,64.2141,3493,71.164,378,22.7273,44
RandomForest,o1,44,combined_mimic_L4,combined_mimic,4,True,45001,36302,80.6693,13.893,5.4377,99.7033,674,96.3855,581,87.4633,4084,61.6689,11085,92.9719,5791,86.1746,18871,77.0684,3493,82.8042,378,25.0,44
RandomForest,o1,44,ttl_both_L1,ttl_both,1,False,45001,17907,39.7924,48.9078,11.2997,66.7656,674,78.6575,581,48.1636,4084,79.4497,11085,79.0019,5791,3.3544,18871,22.0727,3493,55.0265,378,88.6364,44
XGBoost,o1,42,identity_L0,identity,0,True,43637,0,0.0,79.2836,20.7164,0.0,628,0.0,573,0.0,4031,0.0,10982,0.0,4677,0.0,18853,0.0,3482,0.0,367,0.0,44
XGBoost,o1,42,ttl_hold_L1,ttl_hold,1,True,43637,2856,6.5449,70.3463,23.1088,0.0,628,0.349,573,0.6202,4031,0.4917,10982,57.5796,4677,0.0902,18853,0.3446,3482,14.1689,367,2.2727,44
XGBoost,o1,42,ttl_hold_L2,ttl_hold,2,True,43637,2422,5.5503,71.114,23.3357,0.0,628,0.349,573,0.3225,4031,0.2823,10982,50.1817,4677,0.0424,18853,0.2585,3482,3.2698,367,0.0,44
XGBoost,o1,42,ttl_hold_L3,ttl_hold,3,True,43637,21601,49.5016,41.6963,8.8022,59.5541,628,64.3979,573,64.5497,4031,86.7237,10982,88.0693,4677,4.6147,18853,95.6921,3482,100.0,367,100.0,44
XGBoost,o1,42,ttl_mimic_L1,ttl_mimic,1,True,43637,3354,7.6861,69.7871,22.5268,0.4777,628,1.2216,573,1.3892,4031,2.067,10982,58.7129,4677,0.3448,18853,2.8719,3482,40.5995,367,2.2727,44
XGBoost,o1,42,ttl_mimic_L2,ttl_mimic,2,True,43637,2419,5.5435,71.1163,23.3403,0.0,628,0.349,573,0.2977,4031,0.2823,10982,50.139,4677,0.0424,18853,0.2585,3482,3.2698,367,0.0,44
XGBoost,o1,42,ttl_mimic_L3,ttl_mimic,3,True,43637,21983,50.377,41.2906,8.3324,62.2611,628,66.1431,573,66.3855,4031,87.4158,10982,88.6679,4677,5.5111,18853,95.9219,3482,100.0,367,100.0,44
XGBoost,o1,42,padding_L1,padding,1,True,43637,441,1.0106,68.5428,30.4466,0.0,628,0.0,573,0.4465,4031,0.1821,10982,2.4375,4677,0.61,18853,4.9684,3482,0.2725,367,0.0,44
XGBoost,o1,42,padding_L2,padding,2,True,43637,306,0.7012,66.9615,32.3372,0.0,628,0.0,573,0.1985,4031,0.1912,10982,3.0148,4677,0.5251,18853,1.0052,3482,0.545,367,0.0,44
XGBoost,o1,42,padding_L3,padding,3,True,43637,298,0.6829,64.4705,34.8466,0.0,628,0.0,573,0.1488,4031,0.3096,10982,3.0148,4677,0.4296,18853,0.8903,3482,1.3624,367,0.0,44
XGBoost,o1,42,padding_L4,padding,4,True,43637,442,1.0129,66.6499,32.3372,0.0,628,0.0,573,0.2233,4031,0.3187,10982,2.5016,4677,1.448,18853,0.201,3482,0.2725,367,0.0,44
XGBoost,o1,42,timing_L1,timing,1,True,43637,127,0.291,79.5059,20.203,0.1592,628,0.1745,573,0.2977,4031,0.1457,10982,1.9885,4677,0.0053,18853,0.0287,3482,0.545,367,0.0,44
XGBoost,o1,42,timing_L2,timing,2,True,43637,145,0.3323,79.4418,20.226,0.0,628,0.1745,573,0.4465,4031,0.2732,10982,1.8602,4677,0.0159,18853,0.0574,3482,1.0899,367,0.0,44
XGBoost,o1,42,timing_L3,timing,3,True,43637,250,0.5729,79.1416,20.2855,0.1592,628,0.5236,573,0.9179,4031,0.6647,10982,2.5016,4677,0.0212,18853,0.2585,3482,1.0899,367,4.5455,44
XGBoost,o1,42,timing_L4,timing,4,True,43637,349,0.7998,78.8597,20.3405,0.1592,628,0.1745,573,1.5629,4031,0.8924,10982,2.9506,4677,0.0583,18853,0.6605,3482,3.8147,367,0.0,44
XGBoost,o1,42,connection_rate_L1,connection_rate,1,True,43637,130,0.2979,79.7305,19.9716,0.0,628,0.0,573,0.0744,4031,0.0455,10982,2.5871,4677,0.0,18853,0.0287,3482,0.0,367,0.0,44
XGBoost,o1,42,connection_rate_L2,connection_rate,2,True,43637,164,0.3758,79.8634,19.7608,0.0,628,0.0,573,0.0744,4031,0.0455,10982,3.2927,4677,0.0053,18853,0.0287,3482,0.0,367,0.0,44
XGBoost,o1,42,connection_rate_L3,connection_rate,3,True,43637,151,0.346,79.9001,19.7539,0.1592,628,0.0,573,0.0744,4031,0.0182,10982,3.0789,4677,0.0053,18853,0.0,3482,0.0,367,0.0,44
XGBoost,o1,42,connection_rate_L4,connection_rate,4,True,43637,76,0.1742,79.6251,20.2007,0.1592,628,0.0,573,0.0744,4031,0.0182,10982,1.4753,4677,0.0053,18853,0.0,3482,0.0,367,0.0,44
XGBoost,o1,42,combined_hold_L1,combined_hold,1,True,43637,4101,9.398,60.9872,29.6148,9.3949,628,10.6457,573,2.9273,4031,1.9669,10982,52.3626,4677,1.5064,18853,24.5836,3482,15.5313,367,2.2727,44
XGBoost,o1,42,combined_hold_L2,combined_hold,2,True,43637,1949,4.4664,22.6665,72.8671,0.0,628,0.1745,573,0.8187,4031,0.5281,10982,37.5027,4677,0.0371,18853,2.5273,3482,2.1798,367,0.0,44
XGBoost,o1,42,combined_hold_L3,combined_hold,3,True,43637,41562,95.2449,0.1971,4.5581,85.3503,628,86.0384,573,80.4019,4031,92.9339,10982,94.6975,4677,99.9947,18853,97.4727,3482,100.0,367,100.0,44
XGBoost,o1,42,combined_hold_L4,combined_hold,4,True,43637,42062,96.3907,0.149,3.4604,89.0127,628,88.8307,573,85.3138,4031,94.6276,10982,95.852,4677,100.0,18853,98.1045,3482,100.0,367,100.0,44
XGBoost,o1,42,combined_mimic_L1,combined_mimic,1,True,43637,20205,46.3024,33.9689,19.7287,48.2484,628,41.3613,573,23.5177,4031,11.6919,10982,64.9775,4677,64.3664,18853,60.3963,3482,42.2343,367,2.2727,44
XGBoost,o1,42,combined_mimic_L2,combined_mimic,2,True,43637,1942,4.4504,22.6665,72.8831,0.0,628,0.1745,573,0.7194,4031,0.5281,10982,37.4385,4677,0.0371,18853,2.5273,3482,2.1798,367,0.0,44
XGBoost,o1,42,combined_mimic_L3,combined_mimic,3,True,43637,41942,96.1157,0.1329,3.7514,89.6497,628,89.8778,573,83.5277,4031,94.1632,10982,95.9162,4677,99.9947,18853,97.8461,3482,100.0,367,100.0,44
XGBoost,o1,42,combined_mimic_L4,combined_mimic,4,True,43637,42274,96.8765,0.1283,2.9952,90.7643,628,90.2269,573,87.2984,4031,95.3469,10982,96.3866,4677,100.0,18853,98.363,3482,100.0,367,100.0,44
XGBoost,o1,42,ttl_both_L1,ttl_both,1,False,43637,21983,50.377,41.2906,8.3324,62.2611,628,66.1431,573,66.3855,4031,87.4158,10982,88.6679,4677,5.5111,18853,95.9219,3482,100.0,367,100.0,44
XGBoost,o1,43,identity_L0,identity,0,True,43637,0,0.0,79.2607,20.7393,0.0,628,0.0,573,0.0,4031,0.0,10982,0.0,4677,0.0,18853,0.0,3482,0.0,367,0.0,44
XGBoost,o1,43,ttl_hold_L1,ttl_hold,1,True,43637,2763,6.3318,70.6533,23.0149,0.1592,628,0.349,573,0.4713,4031,0.4644,10982,55.8264,4677,0.069,18853,0.4021,3482,13.8965,367,2.2727,44
XGBoost,o1,43,ttl_hold_L2,ttl_hold,2,True,43637,2375,5.4426,71.0315,23.5259,0.0,628,0.1745,573,0.2729,4031,0.2641,10982,49.1554,4677,0.0371,18853,0.2298,3482,5.1771,367,2.2727,44
XGBoost,o1,43,ttl_hold_L3,ttl_hold,3,True,43637,21396,49.0318,41.9919,8.9763,57.9618,628,63.0017,573,63.9544,4031,86.4506,10982,87.6844,4677,4.0259,18853,95.5773,3482,100.0,367,100.0,44
XGBoost,o1,43,ttl_mimic_L1,ttl_mimic,1,True,43637,3779,8.6601,69.1913,22.1486,0.4777,628,1.0471,573,2.0342,4031,2.3038,10982,59.7178,4677,0.4296,18853,10.6548,3482,51.4986,367,2.2727,44
XGBoost,o1,43,ttl_mimic_L2,ttl_mimic,2,True,43637,2373,5.438,71.0246,23.5374,0.0,628,0.1745,573,0.2729,4031,0.2641,10982,49.1127,4677,0.0371,18853,0.2298,3482,5.1771,367,2.2727,44
XGBoost,o1,43,ttl_mimic_L3,ttl_mimic,3,True,43637,21724,49.7834,41.6138,8.6028,60.5096,628,65.096,573,65.2444,4031,86.9878,10982,88.3045,4677,4.8374,18853,95.7783,3482,100.0,367,100.0,44
XGBoost,o1,43,padding_L1,padding,1,True,43637,394,0.9029,68.6825,30.4146,0.0,628,0.0,573,0.5458,4031,0.2094,10982,2.2023,4677,0.5251,18853,4.193,3482,0.2725,367,0.0,44
XGBoost,o1,43,padding_L2,padding,2,True,43637,303,0.6944,68.5473,30.7583,0.0,628,0.1745,573,0.1488,4031,0.2823,10982,2.9506,4677,0.4933,18853,0.919,3482,0.545,367,0.0,44
XGBoost,o1,43,padding_L3,padding,3,True,43637,241,0.5523,67.8805,31.5672,0.0,628,0.0,573,0.1488,4031,0.2914,10982,2.3947,4677,0.2864,18853,0.9765,3482,0.8174,367,0.0,44
XGBoost,o1,43,padding_L4,padding,4,True,43637,446,1.0221,67.8071,31.1708,0.0,628,0.0,573,0.3473,4031,0.4462,10982,2.2236,4677,1.4215,18853,0.2298,3482,0.8174,367,0.0,44
XGBoost,o1,43,timing_L1,timing,1,True,43637,118,0.2704,79.3111,20.4185,0.1592,628,0.0,573,0.2729,4031,0.1639,10982,1.796,4677,0.0106,18853,0.0,3482,0.545,367,0.0,44
XGBoost,o1,43,timing_L2,timing,2,True,43637,171,0.3919,79.1622,20.446,0.9554,628,0.0,573,0.4962,4031,0.3278,10982,2.0954,4677,0.0265,18853,0.0287,3482,1.3624,367,0.0,44
XGBoost,o1,43,timing_L3,timing,3,True,43637,286,0.6554,78.7084,20.6362,0.7962,628,0.0,573,0.9179,4031,0.6465,10982,3.1217,4677,0.0265,18853,0.4595,3482,1.6349,367,0.0,44
XGBoost,o1,43,timing_L4,timing,4,True,43637,377,0.8639,78.4289,20.7072,0.9554,628,0.0,573,1.4885,4031,0.9288,10982,3.3569,4677,0.053,18853,0.8329,3482,3.2698,367,2.2727,44
XGBoost,o1,43,connection_rate_L1,connection_rate,1,True,43637,125,0.2865,79.7282,19.9853,0.0,628,0.0,573,0.0744,4031,0.0455,10982,2.4802,4677,0.0,18853,0.0287,3482,0.0,367,0.0,44
XGBoost,o1,43,connection_rate_L2,connection_rate,2,True,43637,148,0.3392,79.9505,19.7103,0.0,628,0.0,573,0.0496,4031,0.0637,10982,2.9506,4677,0.0,18853,0.0287,3482,0.0,367,0.0,44
XGBoost,o1,43,connection_rate_L3,connection_rate,3,True,43637,158,0.3621,79.8359,19.802,0.1592,628,0.0,573,0.0248,4031,0.0455,10982,3.2286,4677,0.0,18853,0.0,3482,0.0,367,0.0,44
XGBoost,o1,43,connection_rate_L4,connection_rate,4,True,43637,85,0.1948,79.5013,20.3039,0.1592,628,0.0,573,0.0248,4031,0.0455,10982,1.6677,4677,0.0,18853,0.0,3482,0.0,367,0.0,44
XGBoost,o1,43,combined_hold_L1,combined_hold,1,True,43637,3857,8.8388,61.4776,29.6835,7.4841,628,8.377,573,2.704,4031,1.7483,10982,51.2722,4677,0.8752,18853,24.0666,3482,16.0763,367,2.2727,44
XGBoost,o1,43,combined_hold_L2,combined_hold,2,True,43637,1979,4.5351,22.3113,73.1535,0.0,628,0.1745,573,0.9179,4031,0.5737,10982,37.631,4677,0.0637,18853,2.7283,3482,2.9973,367,0.0,44
XGBoost,o1,43,combined_hold_L3,combined_hold,3,True,43637,41288,94.617,0.236,5.147,81.5287,628,82.7225,573,78.3428,4031,92.0779,10982,93.7139,4677,99.9947,18853,97.243,3482,100.0,367,100.0,44
XGBoost,o1,43,combined_hold_L4,combined_hold,4,True,43637,41914,96.0515,0.165,3.7835,87.4204,628,87.7836,573,83.9742,4031,94.1359,10982,95.4672,4677,100.0,18853,97.9322,3482,100.0,367,100.0,44
XGBoost,o1,43,combined_mimic_L1,combined_mimic,1,True,43637,20903,47.902,33.7603,18.3376,50.4777,628,42.4084,573,26.1722,4031,12.6935,10982,68.9758,4677,65.0188,18853,63.5841,3482,52.861,367,4.5455,44
XGBoost,o1,43,combined_mimic_L2,combined_mimic,2,True,43637,1968,4.5099,22.3228,73.1673,0.0,628,0.1745,573,0.7938,4031,0.5737,10982,37.5027,4677,0.0637,18853,2.7283,3482,2.9973,367,0.0,44
XGBoost,o1,43,combined_mimic_L3,combined_mimic,3,True,43637,41991,96.228,0.1329,3.6391,89.3312,628,89.8778,573,84.123,4031,94.3544,10982,95.9803,4677,99.9947,18853,97.9322,3482,100.0,367,100.0,44
XGBoost,o1,43,combined_mimic_L4,combined_mimic,4,True,43637,42273,96.8742,0.1283,2.9975,90.6051,628,90.2269,573,87.2984,4031,95.3469,10982,96.3866,4677,100.0,18853,98.363,3482,100.0,367,100.0,44
XGBoost,o1,43,ttl_both_L1,ttl_both,1,False,43637,21724,49.7834,41.6138,8.6028,60.5096,628,65.096,573,65.2444,4031,86.9878,10982,88.3045,4677,4.8374,18853,95.7783,3482,100.0,367,100.0,44
XGBoost,o1,44,identity_L0,identity,0,True,43637,0,0.0,79.2997,20.7003,0.0,628,0.0,573,0.0,4031,0.0,10982,0.0,4677,0.0,18853,0.0,3482,0.0,367,0.0,44
XGBoost,o1,44,ttl_hold_L1,ttl_hold,1,True,43637,2852,6.5357,70.5044,22.9599,0.1592,628,0.349,573,0.645,4031,0.4917,10982,57.5155,4677,0.0796,18853,0.3446,3482,13.8965,367,2.2727,44
XGBoost,o1,44,ttl_hold_L2,ttl_hold,2,True,43637,2426,5.5595,70.7129,23.7276,0.0,628,0.349,573,0.2729,4031,0.3096,10982,50.0748,4677,0.0424,18853,0.2298,3482,5.4496,367,2.2727,44
XGBoost,o1,44,ttl_hold_L3,ttl_hold,3,True,43637,21361,48.9516,42.0377,9.0107,57.9618,628,63.0017,573,63.9544,4031,86.4506,10982,87.6844,4677,3.8615,18853,95.4624,3482,100.0,367,100.0,44
XGBoost,o1,44,ttl_mimic_L1,ttl_mimic,1,True,43637,3487,7.9909,69.7871,22.222,0.4777,628,0.6981,573,1.4388,4031,1.9851,10982,60.3806,4677,0.1803,18853,4.6238,3482,50.1362,367,2.2727,44
XGBoost,o1,44,ttl_mimic_L2,ttl_mimic,2,True,43637,2424,5.5549,70.7129,23.7322,0.0,628,0.349,573,0.2729,4031,0.3096,10982,50.0321,4677,0.0424,18853,0.2298,3482,5.4496,367,2.2727,44
XGBoost,o1,44,ttl_mimic_L3,ttl_mimic,3,True,43637,21608,49.5176,41.8108,8.6715,60.0318,628,64.3979,573,65.1451,4031,86.915,10982,88.1334,4677,4.3654,18853,95.7783,3482,100.0,367,100.0,44
XGBoost,o1,44,padding_L1,padding,1,True,43637,360,0.825,71.1369,28.0381,0.0,628,0.0,573,0.4962,4031,0.1093,10982,2.3947,4677,0.4456,18853,3.7335,3482,0.545,367,0.0,44
XGBoost,o1,44,padding_L2,padding,2,True,43637,254,0.5821,69.8788,29.5392,0.0,628,0.0,573,0.124,4031,0.1821,10982,2.694,4677,0.3554,18853,0.9477,3482,0.8174,367,0.0,44
XGBoost,o1,44,padding_L3,padding,3,True,43637,254,0.5821,67.5963,31.8216,0.0,628,0.0,573,0.1737,4031,0.1639,10982,3.1858,4677,0.2228,18853,1.0052,3482,0.8174,367,0.0,44
XGBoost,o1,44,padding_L4,padding,4,True,43637,321,0.7356,68.0271,31.2373,0.0,628,0.0,573,0.2233,4031,0.3369,10982,2.1381,4677,0.8593,18853,0.2872,3482,0.8174,367,0.0,44
XGBoost,o1,44,timing_L1,timing,1,True,43637,121,0.2773,79.5151,20.2076,0.3185,628,0.0,573,0.3473,4031,0.1275,10982,1.8602,4677,0.0053,18853,0.0574,3482,0.2725,367,0.0,44
XGBoost,o1,44,timing_L2,timing,2,True,43637,149,0.3415,79.4303,20.2282,1.1146,628,0.1745,573,0.5954,4031,0.3005,10982,1.6677,4677,0.0053,18853,0.0862,3482,0.545,367,0.0,44
XGBoost,o1,44,timing_L3,timing,3,True,43637,298,0.6829,78.9445,20.3726,0.7962,628,0.0,573,1.2652,4031,0.8195,10982,2.4802,4677,0.0371,18853,0.6031,3482,1.9074,367,2.2727,44
XGBoost,o1,44,timing_L4,timing,4,True,43637,415,0.951,78.6466,20.4024,1.4331,628,0.0,573,1.8606,4031,1.1382,10982,3.1217,4677,0.0583,18853,1.0339,3482,3.2698,367,2.2727,44
XGBoost,o1,44,connection_rate_L1,connection_rate,1,True,43637,121,0.2773,79.7168,20.006,0.0,628,0.0,573,0.0744,4031,0.0091,10982,2.5016,4677,0.0,18853,0.0,3482,0.0,367,0.0,44
XGBoost,o1,44,connection_rate_L2,connection_rate,2,True,43637,152,0.3483,79.9574,19.6943,0.1592,628,0.0,573,0.0992,4031,0.0364,10982,3.0361,4677,0.0,18853,0.0287,3482,0.0,367,0.0,44
XGBoost,o1,44,connection_rate_L3,connection_rate,3,True,43637,134,0.3071,79.9138,19.7791,0.1592,628,0.0,573,0.0992,4031,0.0364,10982,2.6513,4677,0.0,18853,0.0287,3482,0.0,367,0.0,44
XGBoost,o1,44,connection_rate_L4,connection_rate,4,True,43637,70,0.1604,79.5953,20.2443,0.1592,628,0.0,573,0.0992,4031,0.0364,10982,1.2829,4677,0.0,18853,0.0287,3482,0.0,367,0.0,44
XGBoost,o1,44,combined_hold_L1,combined_hold,1,True,43637,3498,8.0161,63.366,28.6179,2.0701,628,2.2688,573,1.811,4031,1.1291,10982,50.3314,4677,0.7903,18853,20.5342,3482,15.2589,367,2.2727,44
XGBoost,o1,44,combined_hold_L2,combined_hold,2,True,43637,1913,4.3839,22.0593,73.5568,0.0,628,0.1745,573,0.7938,4031,0.5008,10982,36.7543,4677,0.0637,18853,2.4124,3482,2.7248,367,0.0,44
XGBoost,o1,44,combined_hold_L3,combined_hold,3,True,43637,41147,94.2938,0.314,5.3922,76.4331,628,76.0908,573,78.7894,4031,91.8321,10982,92.2386,4677,99.9947,18853,97.444,3482,100.0,367,100.0,44
XGBoost,o1,44,combined_hold_L4,combined_hold,4,True,43637,41818,95.8315,0.22,3.9485,83.4395,628,83.2461,573,84.3215,4031,93.9811,10982,94.4623,4677,100.0,18853,98.0758,3482,100.0,367,100.0,44
XGBoost,o1,44,combined_mimic_L1,combined_mimic,1,True,43637,20478,46.9281,34.111,18.961,51.2739,628,42.0593,573,26.7924,4031,12.393,10982,67.6502,4677,64.2922,18853,57.467,3482,50.6812,367,4.5455,44
XGBoost,o1,44,combined_mimic_L2,combined_mimic,2,True,43637,1904,4.3633,22.0616,73.5752,0.0,628,0.1745,573,0.6946,4031,0.5008,10982,36.6474,4677,0.0637,18853,2.4124,3482,2.7248,367,0.0,44
XGBoost,o1,44,combined_mimic_L3,combined_mimic,3,True,43637,42081,96.4342,0.1375,3.4283,89.3312,628,89.5288,573,85.2642,4031,94.7004,10982,96.0231,4677,99.9947,18853,98.1045,3482,100.0,367,100.0,44
XGBoost,o1,44,combined_mimic_L4,combined_mimic,4,True,43637,42308,96.9544,0.1283,2.9172,90.7643,628,90.2269,573,87.6954,4031,95.4744,10982,96.4293,4677,100.0,18853,98.4204,3482,100.0,367,100.0,44
XGBoost,o1,44,ttl_both_L1,ttl_both,1,False,43637,21608,49.5176,41.8108,8.6715,60.0318,628,64.3979,573,65.1451,4031,86.915,10982,88.1334,4677,4.3654,18853,95.7783,3482,100.0,367,100.0,44
Transformer,o1,42,identity_L0,identity,0,True,44982,0,0.0,71.9755,28.0245,0.0,659,0.0,582,0.0,4071,0.0,10966,0.0,5926,0.0,18864,0.0,3494,0.0,376,0.0,44
Transformer,o1,42,ttl_hold_L1,ttl_hold,1,True,44982,1375,3.0568,40.3028,56.6404,0.7587,659,1.0309,582,1.5475,4071,0.5927,10966,16.301,5926,1.4048,18864,0.0859,3494,0.5319,376,0.0,44
Transformer,o1,42,ttl_hold_L2,ttl_hold,2,True,44982,1390,3.0901,39.7715,57.1384,0.7587,659,1.0309,582,1.5475,4071,0.5927,10966,16.4023,5926,1.4525,18864,0.0859,3494,0.5319,376,0.0,44
Transformer,o1,42,ttl_hold_L3,ttl_hold,3,True,44982,1762,3.9171,32.7909,63.292,1.214,659,1.3746,582,1.8423,4071,0.8025,10966,18.3935,5926,2.5816,18864,0.1145,3494,0.5319,376,0.0,44
Transformer,o1,42,ttl_mimic_L1,ttl_mimic,1,True,44982,16534,36.7569,13.7388,49.5042,34.9014,659,33.8488,582,21.125,4071,12.4932,10966,45.5113,5926,57.5859,18864,7.012,3494,17.5532,376,13.6364,44
Transformer,o1,42,ttl_mimic_L2,ttl_mimic,2,True,44982,1509,3.3547,39.6536,56.9917,0.7587,659,1.89,582,2.2108,4071,1.1216,10966,16.4698,5926,1.532,18864,0.3721,3494,0.5319,376,0.0,44
Transformer,o1,42,ttl_mimic_L3,ttl_mimic,3,True,44982,19317,42.9438,13.2297,43.8264,40.0607,659,38.488,582,24.7851,4071,15.4295,10966,49.2575,5926,67.5732,18864,10.2748,3494,25.266,376,18.1818,44
Transformer,o1,42,padding_L1,padding,1,True,44982,24,0.0534,65.8419,34.1048,0.0,659,0.0,582,0.0246,4071,0.0091,10966,0.3712,5926,0.0,18864,0.0,3494,0.0,376,0.0,44
Transformer,o1,42,padding_L2,padding,2,True,44982,1,0.0022,65.5618,34.436,0.0,659,0.0,582,0.0,4071,0.0091,10966,0.0,5926,0.0,18864,0.0,3494,0.0,376,0.0,44
Transformer,o1,42,padding_L3,padding,3,True,44982,4,0.0089,64.0723,35.9188,0.0,659,0.0,582,0.0,4071,0.0182,10966,0.0169,5926,0.0,18864,0.0286,3494,0.0,376,0.0,44
Transformer,o1,42,padding_L4,padding,4,True,44982,18,0.04,54.4951,45.4649,0.0,659,0.0,582,0.0491,4071,0.1185,10966,0.0337,5926,0.0,18864,0.0286,3494,0.0,376,0.0,44
Transformer,o1,42,timing_L1,timing,1,True,44982,0,0.0,71.8999,28.1001,0.0,659,0.0,582,0.0,4071,0.0,10966,0.0,5926,0.0,18864,0.0,3494,0.0,376,0.0,44
Transformer,o1,42,timing_L2,timing,2,True,44982,0,0.0,71.7643,28.2357,0.0,659,0.0,582,0.0,4071,0.0,10966,0.0,5926,0.0,18864,0.0,3494,0.0,376,0.0,44
Transformer,o1,42,timing_L3,timing,3,True,44982,7,0.0156,71.1396,28.8449,0.0,659,0.0,582,0.0,4071,0.0638,10966,0.0,5926,0.0,18864,0.0,3494,0.0,376,0.0,44
Transformer,o1,42,timing_L4,timing,4,True,44982,9,0.02,70.8017,29.1783,0.0,659,0.0,582,0.0,4071,0.0821,10966,0.0,5926,0.0,18864,0.0,3494,0.0,376,0.0,44
Transformer,o1,42,connection_rate_L1,connection_rate,1,True,44982,0,0.0,71.8754,28.1246,0.0,659,0.0,582,0.0,4071,0.0,10966,0.0,5926,0.0,18864,0.0,3494,0.0,376,0.0,44
Transformer,o1,42,connection_rate_L2,connection_rate,2,True,44982,0,0.0,72.011,27.989,0.0,659,0.0,582,0.0,4071,0.0,10966,0.0,5926,0.0,18864,0.0,3494,0.0,376,0.0,44
Transformer,o1,42,connection_rate_L3,connection_rate,3,True,44982,0,0.0,67.6626,32.3374,0.0,659,0.0,582,0.0,4071,0.0,10966,0.0,5926,0.0,18864,0.0,3494,0.0,376,0.0,44
Transformer,o1,42,connection_rate_L4,connection_rate,4,True,44982,0,0.0,32.5086,67.4914,0.0,659,0.0,582,0.0,4071,0.0,10966,0.0,5926,0.0,18864,0.0,3494,0.0,376,0.0,44
Transformer,o1,42,combined_hold_L1,combined_hold,1,True,44982,2200,4.8908,29.0338,66.0753,1.8209,659,2.0619,582,2.1125,4071,0.8937,10966,16.6892,5926,5.2693,18864,0.1717,3494,0.7979,376,0.0,44
Transformer,o1,42,combined_hold_L2,combined_hold,2,True,44982,3150,7.0028,21.7554,71.2418,2.1244,659,2.4055,582,2.0879,4071,1.0396,10966,18.1741,5926,9.7169,18864,0.229,3494,0.7979,376,4.5455,44
Transformer,o1,42,combined_hold_L3,combined_hold,3,True,44982,5677,12.6206,16.8067,70.5727,9.1047,659,9.2784,582,5.0602,4071,2.8999,10966,22.1566,5926,19.5081,18864,1.1162,3494,1.3298,376,4.5455,44
Transformer,o1,42,combined_hold_L4,combined_hold,4,True,44982,7810,17.3625,20.3348,62.3027,14.5675,659,14.2612,582,7.6148,4071,3.8756,10966,21.5997,5926,29.3999,18864,1.7745,3494,1.5957,376,4.5455,44
Transformer,o1,42,combined_mimic_L1,combined_mimic,1,True,44982,20700,46.0184,13.3498,40.6318,43.3991,659,41.9244,582,25.9641,4071,15.3474,10966,48.9875,5926,74.9523,18864,8.0996,3494,25.5319,376,20.4545,44
Transformer,o1,42,combined_mimic_L2,combined_mimic,2,True,44982,3255,7.2362,21.6642,71.0996,2.1244,659,3.7801,582,2.5792,4071,1.5138,10966,18.2248,5926,9.7805,18864,0.5152,3494,0.7979,376,4.5455,44
Transformer,o1,42,combined_mimic_L3,combined_mimic,3,True,44982,30093,66.9001,11.8114,21.2885,74.5068,659,70.9622,582,51.9528,4071,30.4213,10966,61.1711,5926,97.2434,18864,44.5621,3494,49.2021,376,61.3636,44
Transformer,o1,42,combined_mimic_L4,combined_mimic,4,True,44982,31936,70.9973,12.5561,16.4466,85.8877,659,83.3333,582,60.8696,4071,36.8229,10966,64.7317,5926,97.148,18864,55.7527,3494,61.1702,376,65.9091,44
Transformer,o1,42,ttl_both_L1,ttl_both,1,False,44982,31877,70.8661,1.9786,27.1553,46.1305,659,45.7045,582,47.2857,4071,78.5701,10966,86.1458,5926,69.8632,18864,61.7344,3494,75.5319,376,93.1818,44
Transformer,o1,43,identity_L0,identity,0,True,44982,0,0.0,74.223,25.777,0.0,659,0.0,582,0.0,4071,0.0,10966,0.0,5926,0.0,18864,0.0,3494,0.0,376,0.0,44
Transformer,o1,43,ttl_hold_L1,ttl_hold,1,True,44982,609,1.3539,18.8186,79.8275,0.0,659,0.0,582,0.393,4071,0.1733,10966,6.7499,5926,0.8906,18864,0.1717,3494,0.0,376,0.0,44
Transformer,o1,43,ttl_hold_L2,ttl_hold,2,True,44982,629,1.3983,18.7942,79.8075,0.0,659,0.0,582,0.4176,4071,0.1733,10966,6.8512,5926,0.9595,18864,0.1717,3494,0.0,376,0.0,44
Transformer,o1,43,ttl_hold_L3,ttl_hold,3,True,44982,878,1.9519,18.5541,79.494,0.0,659,0.1718,582,0.5895,4071,0.2462,10966,8.5386,5926,1.6539,18864,0.229,3494,0.0,376,0.0,44
Transformer,o1,43,ttl_mimic_L1,ttl_mimic,1,True,44982,20370,45.2848,19.5389,35.1763,9.4082,659,10.1375,582,5.4041,4071,2.8178,10966,22.1397,5926,96.3316,18864,6.5827,3494,1.3298,376,2.2727,44
Transformer,o1,43,ttl_mimic_L2,ttl_mimic,2,True,44982,604,1.3428,18.8186,79.8386,0.0,659,0.0,582,0.0246,4071,0.0638,10966,6.9018,5926,0.9595,18864,0.1717,3494,0.0,376,0.0,44
Transformer,o1,43,ttl_mimic_L3,ttl_mimic,3,True,44982,21596,48.0103,18.9187,33.071,16.692,659,16.323,582,10.0467,4071,5.0064,10966,28.029,5926,96.4801,18864,15.8558,3494,4.5213,376,2.2727,44
Transformer,o1,43,padding_L1,padding,1,True,44982,4,0.0089,68.0895,31.9016,0.0,659,0.0,582,0.0246,4071,0.0091,10966,0.0169,5926,0.0,18864,0.0286,3494,0.0,376,0.0,44
Transformer,o1,43,padding_L2,padding,2,True,44982,0,0.0,67.5648,32.4352,0.0,659,0.0,582,0.0,4071,0.0,10966,0.0,5926,0.0,18864,0.0,3494,0.0,376,0.0,44
Transformer,o1,43,padding_L3,padding,3,True,44982,1,0.0022,53.4392,46.5586,0.0,659,0.0,582,0.0,4071,0.0,10966,0.0169,5926,0.0,18864,0.0,3494,0.0,376,0.0,44
Transformer,o1,43,padding_L4,padding,4,True,44982,1,0.0022,51.0538,48.944,0.0,659,0.0,582,0.0,4071,0.0091,10966,0.0,5926,0.0,18864,0.0,3494,0.0,376,0.0,44
Transformer,o1,43,timing_L1,timing,1,True,44982,0,0.0,74.4031,25.5969,0.0,659,0.0,582,0.0,4071,0.0,10966,0.0,5926,0.0,18864,0.0,3494,0.0,376,0.0,44
Transformer,o1,43,timing_L2,timing,2,True,44982,0,0.0,74.3942,25.6058,0.0,659,0.0,582,0.0,4071,0.0,10966,0.0,5926,0.0,18864,0.0,3494,0.0,376,0.0,44
Transformer,o1,43,timing_L3,timing,3,True,44982,0,0.0,73.7673,26.2327,0.0,659,0.0,582,0.0,4071,0.0,10966,0.0,5926,0.0,18864,0.0,3494,0.0,376,0.0,44
Transformer,o1,43,timing_L4,timing,4,True,44982,1,0.0022,73.2626,26.7351,0.0,659,0.0,582,0.0,4071,0.0,10966,0.0,5926,0.0053,18864,0.0,3494,0.0,376,0.0,44
Transformer,o1,43,connection_rate_L1,connection_rate,1,True,44982,0,0.0,72.7224,27.2776,0.0,659,0.0,582,0.0,4071,0.0,10966,0.0,5926,0.0,18864,0.0,3494,0.0,376,0.0,44
Transformer,o1,43,connection_rate_L2,connection_rate,2,True,44982,0,0.0,68.5874,31.4126,0.0,659,0.0,582,0.0,4071,0.0,10966,0.0,5926,0.0,18864,0.0,3494,0.0,376,0.0,44
Transformer,o1,43,connection_rate_L3,connection_rate,3,True,44982,0,0.0,57.8409,42.1591,0.0,659,0.0,582,0.0,4071,0.0,10966,0.0,5926,0.0,18864,0.0,3494,0.0,376,0.0,44
Transformer,o1,43,connection_rate_L4,connection_rate,4,True,44982,0,0.0,32.433,67.567,0.0,659,0.0,582,0.0,4071,0.0,10966,0.0,5926,0.0,18864,0.0,3494,0.0,376,0.0,44
Transformer,o1,43,combined_hold_L1,combined_hold,1,True,44982,721,1.6029,18.414,79.9831,0.0,659,0.1718,582,0.393,4071,0.1915,10966,7.678,5926,1.1821,18864,0.1145,3494,0.266,376,0.0,44
Transformer,o1,43,combined_hold_L2,combined_hold,2,True,44982,882,1.9608,18.1406,79.8986,0.0,659,0.1718,582,0.3685,4071,0.2462,10966,9.3993,5926,1.4896,18864,0.0286,3494,0.0,376,0.0,44
Transformer,o1,43,combined_hold_L3,combined_hold,3,True,44982,2088,4.6419,17.8583,77.4999,0.0,659,0.1718,582,0.5895,4071,0.7022,10966,17.1785,5926,5.0042,18864,0.5152,3494,0.7979,376,6.8182,44
Transformer,o1,43,combined_hold_L4,combined_hold,4,True,44982,6051,13.452,18.5474,68.0005,0.4552,659,1.2027,582,0.958,4071,1.3405,10966,18.191,5926,24.8304,18864,2.3755,3494,1.8617,376,6.8182,44
Transformer,o1,43,combined_mimic_L1,combined_mimic,1,True,44982,20371,45.287,19.2699,35.4431,9.8634,659,10.6529,582,6.141,4071,3.3558,10966,23.0678,5926,96.3634,18864,2.0321,3494,2.1277,376,4.5455,44
Transformer,o1,43,combined_mimic_L2,combined_mimic,2,True,44982,858,1.9074,18.165,79.9275,0.0,659,0.0,582,0.0246,4071,0.1277,10966,9.4668,5926,1.4896,18864,0.0286,3494,0.0,376,0.0,44
Transformer,o1,43,combined_mimic_L3,combined_mimic,3,True,44982,24547,54.5707,17.2402,28.1891,38.088,659,36.9416,582,28.224,4071,14.4538,10966,45.7307,5926,96.7027,18864,9.6737,3494,13.5638,376,13.6364,44
Transformer,o1,43,combined_mimic_L4,combined_mimic,4,True,44982,28034,62.3227,15.8952,21.782,64.7951,659,62.1993,582,41.636,4071,22.8889,10966,54.8093,5926,96.8087,18864,41.3566,3494,20.7447,376,15.9091,44
Transformer,o1,43,ttl_both_L1,ttl_both,1,False,44982,33891,75.3435,7.2251,17.4314,22.4583,659,24.055,582,31.2208,4071,62.1284,10966,75.3291,5926,98.9663,18864,61.8203,3494,52.1277,376,68.1818,44
Transformer,o1,44,identity_L0,identity,0,True,44982,0,0.0,75.3568,24.6432,0.0,659,0.0,582,0.0,4071,0.0,10966,0.0,5926,0.0,18864,0.0,3494,0.0,376,0.0,44
Transformer,o1,44,ttl_hold_L1,ttl_hold,1,True,44982,2041,4.5374,40.6229,54.8397,0.3035,659,0.5155,582,1.523,4071,0.6839,10966,30.3577,5926,0.3658,18864,0.6869,3494,1.5957,376,2.2727,44
Transformer,o1,44,ttl_hold_L2,ttl_hold,2,True,44982,2056,4.5707,40.5362,54.8931,0.3035,659,0.5155,582,1.5475,4071,0.6931,10966,30.4759,5926,0.3976,18864,0.6869,3494,1.5957,376,2.2727,44
Transformer,o1,44,ttl_hold_L3,ttl_hold,3,True,44982,2269,5.0442,39.8137,55.1421,0.3035,659,0.5155,582,1.7686,4071,0.9301,10966,31.9946,5926,0.8641,18864,0.5724,3494,2.6596,376,2.2727,44
Transformer,o1,44,ttl_mimic_L1,ttl_mimic,1,True,44982,18951,42.1302,13.7522,44.1176,35.5083,659,31.0997,582,18.5949,4071,15.6484,10966,61.3567,5926,63.7087,18864,8.6148,3494,26.5957,376,18.1818,44
Transformer,o1,44,ttl_mimic_L2,ttl_mimic,2,True,44982,2014,4.4773,40.6251,54.8975,0.3035,659,0.6873,582,0.8106,4071,0.6383,10966,30.3409,5926,0.3923,18864,0.7441,3494,1.5957,376,2.2727,44
Transformer,o1,44,ttl_mimic_L3,ttl_mimic,3,True,44982,24739,54.9976,12.565,32.4374,46.1305,659,39.5189,582,26.0133,4071,21.0833,10966,66.9254,5926,86.4557,18864,12.3068,3494,32.1809,376,18.1818,44
Transformer,o1,44,padding_L1,padding,1,True,44982,119,0.2646,69.0387,30.6967,0.0,659,0.0,582,0.0,4071,0.1915,10966,1.6537,5926,0.0,18864,0.0,3494,0.0,376,0.0,44
Transformer,o1,44,padding_L2,padding,2,True,44982,11,0.0245,68.4229,31.5526,0.0,659,0.0,582,0.0,4071,0.0365,10966,0.1181,5926,0.0,18864,0.0,3494,0.0,376,0.0,44
Transformer,o1,44,padding_L3,padding,3,True,44982,12,0.0267,54.6085,45.3648,0.0,659,0.1718,582,0.0246,4071,0.0912,10966,0.0,5926,0.0,18864,0.0,3494,0.0,376,0.0,44
Transformer,o1,44,padding_L4,padding,4,True,44982,27,0.06,53.2413,46.6987,0.0,659,0.0,582,0.0737,4071,0.1824,10966,0.0675,5926,0.0,18864,0.0,3494,0.0,376,0.0,44
Transformer,o1,44,timing_L1,timing,1,True,44982,10,0.0222,75.448,24.5298,0.0,659,0.0,582,0.0246,4071,0.0,10966,0.1519,5926,0.0,18864,0.0,3494,0.0,376,0.0,44
Transformer,o1,44,timing_L2,timing,2,True,44982,23,0.0511,75.4279,24.5209,0.1517,659,0.0,582,0.0246,4071,0.0274,10966,0.3037,5926,0.0,18864,0.0,3494,0.0,376,0.0,44
Transformer,o1,44,timing_L3,timing,3,True,44982,11,0.0245,75.2501,24.7254,0.1517,659,0.0,582,0.0,4071,0.0091,10966,0.1519,5926,0.0,18864,0.0,3494,0.0,376,0.0,44
Transformer,o1,44,timing_L4,timing,4,True,44982,4,0.0089,75.0189,24.9722,0.0,659,0.0,582,0.0,4071,0.0091,10966,0.0506,5926,0.0,18864,0.0,3494,0.0,376,0.0,44
Transformer,o1,44,connection_rate_L1,connection_rate,1,True,44982,19,0.0422,74.7477,25.2101,0.0,659,0.0,582,0.0,4071,0.0,10966,0.3206,5926,0.0,18864,0.0,3494,0.0,376,0.0,44
Transformer,o1,44,connection_rate_L2,connection_rate,2,True,44982,15,0.0333,73.9985,25.9682,0.0,659,0.0,582,0.0,4071,0.0,10966,0.2531,5926,0.0,18864,0.0,3494,0.0,376,0.0,44
Transformer,o1,44,connection_rate_L3,connection_rate,3,True,44982,0,0.0,65.7908,34.2092,0.0,659,0.0,582,0.0,4071,0.0,10966,0.0,5926,0.0,18864,0.0,3494,0.0,376,0.0,44
Transformer,o1,44,connection_rate_L4,connection_rate,4,True,44982,0,0.0,33.1577,66.8423,0.0,659,0.0,582,0.0,4071,0.0,10966,0.0,5926,0.0,18864,0.0,3494,0.0,376,0.0,44
Transformer,o1,44,combined_hold_L1,combined_hold,1,True,44982,2187,4.8619,39.2046,55.9335,0.3035,659,0.5155,582,1.4738,4071,0.7022,10966,32.0452,5926,0.4665,18864,1.4024,3494,2.1277,376,2.2727,44
Transformer,o1,44,combined_hold_L2,combined_hold,2,True,44982,2230,4.9575,35.7321,59.3104,0.4552,659,0.6873,582,1.5721,4071,0.8663,10966,31.4715,5926,0.7528,18864,1.3165,3494,2.1277,376,6.8182,44
Transformer,o1,44,combined_hold_L3,combined_hold,3,True,44982,3375,7.503,18.9098,73.5872,2.1244,659,2.4055,582,2.2108,4071,1.7965,10966,34.6102,5926,4.9618,18864,1.4024,3494,5.0532,376,11.3636,44
Transformer,o1,44,combined_hold_L4,combined_hold,4,True,44982,7158,15.913,39.7537,44.3333,5.1593,659,5.3265,582,3.1196,4071,3.292,10966,35.6396,5926,23.0386,18864,3.1769,3494,7.9787,376,13.6364,44
Transformer,o1,44,combined_mimic_L1,combined_mimic,1,True,44982,23513,52.272,12.6851,35.0429,49.1654,659,42.268,582,26.1115,4071,19.5422,10966,66.571,5926,81.2606,18864,9.7882,3494,29.5213,376,22.7273,44
Transformer,o1,44,combined_mimic_L2,combined_mimic,2,True,44982,2197,4.8842,35.7899,59.326,0.4552,659,0.8591,582,0.8843,4071,0.8481,10966,31.404,5926,0.7422,18864,1.3738,3494,2.1277,376,6.8182,44
Transformer,o1,44,combined_mimic_L3,combined_mimic,3,True,44982,33199,73.8051,10.6042,15.5907,91.5023,659,84.8797,582,62.7364,4071,39.8413,10966,83.1927,5926,98.1128,18864,43.4745,3494,52.9255,376,52.2727,44
Transformer,o1,44,combined_mimic_L4,combined_mimic,4,True,44982,35728,79.4273,10.1863,10.3864,96.0546,659,89.3471,582,73.9622,4071,48.0668,10966,90.3645,5926,98.2824,18864,60.2175,3494,69.9468,376,70.4545,44
Transformer,o1,44,ttl_both_L1,ttl_both,1,False,44982,34913,77.6155,1.9741,20.4104,46.7375,659,47.7663,582,46.2294,4071,75.8253,10966,86.9727,5926,88.4383,18864,55.7813,3494,80.8511,376,90.9091,44
RandomForest,c1,42,identity_L0,identity,0,True,45001,0,0.0,75.6317,24.3683,0.0,674,0.0,581,0.0,4084,0.0,11085,0.0,5791,0.0,18871,0.0,3493,0.0,378,0.0,44
RandomForest,c1,42,ttl_hold_L1,ttl_hold,1,True,45001,103,0.2289,74.4495,25.3217,2.0772,674,2.4096,581,0.3428,4084,0.2526,11085,0.5698,5791,0.0,18871,0.0,3493,0.0,378,0.0,44
RandomForest,c1,42,ttl_hold_L2,ttl_hold,2,True,45001,102,0.2267,74.3361,25.4372,2.0772,674,2.4096,581,0.3428,4084,0.2526,11085,0.5526,5791,0.0,18871,0.0,3493,0.0,378,0.0,44
RandomForest,c1,42,ttl_hold_L3,ttl_hold,3,True,45001,1381,3.0688,73.2739,23.6573,12.908,674,16.179,581,5.3869,4084,3.1033,11085,9.6702,5791,0.1007,18871,1.3455,3493,2.6455,378,0.0,44
RandomForest,c1,42,ttl_mimic_L1,ttl_mimic,1,True,45001,997,2.2155,74.1317,23.6528,16.3205,674,19.4492,581,3.9667,4084,2.4267,11085,5.4395,5791,0.1007,18871,0.2577,3493,0.0,378,0.0,44
RandomForest,c1,42,ttl_mimic_L2,ttl_mimic,2,True,45001,102,0.2267,74.3206,25.4528,2.0772,674,2.4096,581,0.3428,4084,0.2526,11085,0.5526,5791,0.0,18871,0.0,3493,0.0,378,0.0,44
RandomForest,c1,42,ttl_mimic_L3,ttl_mimic,3,True,45001,5356,11.902,69.5162,18.5818,43.9169,674,51.2909,581,17.1401,4084,10.0767,11085,44.8454,5791,0.7896,18871,3.6358,3493,17.4603,378,13.6364,44
RandomForest,c1,42,padding_L1,padding,1,True,45001,18,0.04,65.1363,34.8237,0.0,674,0.0,581,0.0979,4084,0.0902,11085,0.0518,5791,0.0,18871,0.0286,3493,0.0,378,0.0,44
RandomForest,c1,42,padding_L2,padding,2,True,45001,7,0.0156,65.0119,34.9726,0.0,674,0.0,581,0.0245,4084,0.0,11085,0.1036,5791,0.0,18871,0.0,3493,0.0,378,0.0,44
RandomForest,c1,42,padding_L3,padding,3,True,45001,6,0.0133,64.5608,35.4259,0.0,674,0.0,581,0.0,4084,0.0,11085,0.1036,5791,0.0,18871,0.0,3493,0.0,378,0.0,44
RandomForest,c1,42,padding_L4,padding,4,True,45001,10,0.0222,61.9897,37.988,0.0,674,0.0,581,0.0,4084,0.0,11085,0.1727,5791,0.0,18871,0.0,3493,0.0,378,0.0,44
RandomForest,c1,42,timing_L1,timing,1,True,45001,35,0.0778,75.745,24.1772,0.0,674,0.0,581,0.1469,4084,0.0361,11085,0.3799,5791,0.0,18871,0.0573,3493,0.2646,378,0.0,44
RandomForest,c1,42,timing_L2,timing,2,True,45001,91,0.2022,75.6828,24.115,1.4837,674,1.7212,581,0.2449,4084,0.1894,11085,0.6735,5791,0.0053,18871,0.0,3493,0.0,378,0.0,44
RandomForest,c1,42,timing_L3,timing,3,True,45001,136,0.3022,75.0272,24.6706,2.0772,674,2.4096,581,0.6856,4084,0.3067,11085,0.708,5791,0.0106,18871,0.0573,3493,0.2646,378,0.0,44
RandomForest,c1,42,timing_L4,timing,4,True,45001,136,0.3022,74.5583,25.1394,2.0772,674,2.4096,581,0.7101,4084,0.3067,11085,0.6907,5791,0.0106,18871,0.0573,3493,0.2646,378,0.0,44
RandomForest,c1,42,connection_rate_L1,connection_rate,1,True,45001,13,0.0289,74.8206,25.1506,0.0,674,0.0,581,0.0,4084,0.009,11085,0.2072,5791,0.0,18871,0.0,3493,0.0,378,0.0,44
RandomForest,c1,42,connection_rate_L2,connection_rate,2,True,45001,33,0.0733,75.1094,24.8172,0.0,674,0.0,581,0.4652,4084,0.0451,11085,0.1381,5791,0.0053,18871,0.0,3493,0.0,378,0.0,44
RandomForest,c1,42,connection_rate_L3,connection_rate,3,True,45001,39,0.0867,74.2539,25.6594,0.0,674,0.0,581,0.4652,4084,0.018,11085,0.2936,5791,0.0053,18871,0.0,3493,0.0,378,0.0,44
RandomForest,c1,42,connection_rate_L4,connection_rate,4,True,45001,76,0.1689,73.9495,25.8816,0.0,674,1.0327,581,0.906,4084,0.1263,11085,0.2072,5791,0.0371,18871,0.0,3493,0.0,378,0.0,44
RandomForest,c1,42,combined_hold_L1,combined_hold,1,True,45001,155,0.3444,51.7766,47.8789,2.0772,674,2.4096,581,0.4897,4084,0.3338,11085,1.1915,5791,0.0,18871,0.0,3493,0.2646,378,0.0,44
RandomForest,c1,42,combined_hold_L2,combined_hold,2,True,45001,129,0.2867,50.7989,48.9145,2.0772,674,2.4096,581,0.3918,4084,0.2526,11085,0.9497,5791,0.0053,18871,0.0,3493,0.2646,378,0.0,44
RandomForest,c1,42,combined_hold_L3,combined_hold,3,True,45001,4587,10.1931,48.0323,41.7746,49.1098,674,55.2496,581,18.2909,4084,9.6346,11085,25.3842,5791,0.1643,18871,16.7192,3493,9.2593,378,0.0,44
RandomForest,c1,42,combined_hold_L4,combined_hold,4,True,45001,7584,16.853,44.3523,38.7947,59.4955,674,65.0602,581,29.4564,4084,14.2715,11085,37.2475,5791,4.9812,18871,25.0501,3493,12.6984,378,0.0,44
RandomForest,c1,42,combined_mimic_L1,combined_mimic,1,True,45001,1829,4.0644,50.8389,45.0968,25.6677,674,29.6041,581,7.7375,4084,4.276,11085,9.532,5791,0.5829,18871,0.8302,3493,0.5291,378,2.2727,44
RandomForest,c1,42,combined_mimic_L2,combined_mimic,2,True,45001,127,0.2822,50.8278,48.89,2.0772,674,2.4096,581,0.3918,4084,0.2526,11085,0.9152,5791,0.0053,18871,0.0,3493,0.2646,378,0.0,44
RandomForest,c1,42,combined_mimic_L3,combined_mimic,3,True,45001,27091,60.2009,26.4683,13.3308,97.181,674,91.7384,581,74.5348,4084,35.0564,11085,82.7836,5791,62.6464,18871,61.5803,3493,52.6455,378,15.9091,44
RandomForest,c1,42,combined_mimic_L4,combined_mimic,4,True,45001,33784,75.0739,16.9796,7.9465,95.8457,674,91.5663,581,75.7346,4084,36.2111,11085,86.2891,5791,93.6251,18871,73.9479,3493,64.0212,378,20.4545,44
RandomForest,c1,42,ttl_both_L1,ttl_both,1,False,45001,15222,33.8259,52.5011,13.673,48.5163,674,57.8313,581,37.4388,4084,65.1331,11085,73.6315,5791,3.2113,18871,19.6679,3493,56.8783,378,86.3636,44
RandomForest,c1,43,identity_L0,identity,0,True,45001,0,0.0,75.5339,24.4661,0.0,674,0.0,581,0.0,4084,0.0,11085,0.0,5791,0.0,18871,0.0,3493,0.0,378,0.0,44
RandomForest,c1,43,ttl_hold_L1,ttl_hold,1,True,45001,30,0.0667,74.4672,25.4661,0.2967,674,0.3442,581,0.0735,4084,0.0722,11085,0.259,5791,0.0,18871,0.0,3493,0.0,378,0.0,44
RandomForest,c1,43,ttl_hold_L2,ttl_hold,2,True,45001,30,0.0667,74.4961,25.4372,0.2967,674,0.3442,581,0.0735,4084,0.0722,11085,0.259,5791,0.0,18871,0.0,3493,0.0,378,0.0,44
RandomForest,c1,43,ttl_hold_L3,ttl_hold,3,True,45001,1591,3.5355,73.5139,22.9506,16.4688,674,20.3098,581,6.6846,4084,3.4461,11085,10.4991,5791,0.2014,18871,1.4601,3493,2.6455,378,0.0,44
RandomForest,c1,43,ttl_mimic_L1,ttl_mimic,1,True,45001,1238,2.751,73.5739,23.675,17.6558,674,20.9983,581,4.6768,4084,2.6973,11085,7.9952,5791,0.1219,18871,0.6012,3493,0.0,378,0.0,44
RandomForest,c1,43,ttl_mimic_L2,ttl_mimic,2,True,45001,30,0.0667,74.4806,25.4528,0.2967,674,0.3442,581,0.0735,4084,0.0722,11085,0.259,5791,0.0,18871,0.0,3493,0.0,378,0.0,44
RandomForest,c1,43,ttl_mimic_L3,ttl_mimic,3,True,45001,6735,14.9663,67.9696,17.0641,58.7537,674,65.0602,581,21.4006,4084,13.198,11085,56.4669,5791,0.7525,18871,4.0366,3493,17.7249,378,9.0909,44
RandomForest,c1,43,padding_L1,padding,1,True,45001,19,0.0422,65.7163,34.2415,0.0,674,0.0,581,0.0979,4084,0.0902,11085,0.0691,5791,0.0,18871,0.0286,3493,0.0,378,0.0,44
RandomForest,c1,43,padding_L2,padding,2,True,45001,10,0.0222,65.6341,34.3437,0.0,674,0.0,581,0.0245,4084,0.0361,11085,0.0863,5791,0.0,18871,0.0,3493,0.0,378,0.0,44
RandomForest,c1,43,padding_L3,padding,3,True,45001,5,0.0111,66.1185,33.8704,0.0,674,0.0,581,0.0,4084,0.0,11085,0.0863,5791,0.0,18871,0.0,3493,0.0,378,0.0,44
RandomForest,c1,43,padding_L4,padding,4,True,45001,9,0.02,66.343,33.637,0.0,674,0.0,581,0.0,4084,0.0,11085,0.1554,5791,0.0,18871,0.0,3493,0.0,378,0.0,44
RandomForest,c1,43,timing_L1,timing,1,True,45001,24,0.0533,75.7472,24.1995,0.0,674,0.0,581,0.0,4084,0.0361,11085,0.3454,5791,0.0,18871,0.0,3493,0.0,378,0.0,44
RandomForest,c1,43,timing_L2,timing,2,True,45001,29,0.0644,75.6983,24.2372,0.0,674,0.0,581,0.0,4084,0.0631,11085,0.3626,5791,0.0053,18871,0.0,3493,0.0,378,0.0,44
RandomForest,c1,43,timing_L3,timing,3,True,45001,114,0.2533,74.8317,24.915,2.0772,674,2.4096,581,0.3428,4084,0.3248,11085,0.6044,5791,0.0,18871,0.0,3493,0.2646,378,0.0,44
RandomForest,c1,43,timing_L4,timing,4,True,45001,129,0.2867,74.6517,25.0617,2.0772,674,2.4096,581,0.6856,4084,0.2977,11085,0.5871,5791,0.0106,18871,0.0573,3493,0.5291,378,0.0,44
RandomForest,c1,43,connection_rate_L1,connection_rate,1,True,45001,25,0.0556,74.8717,25.0728,0.0,674,0.0,581,0.0,4084,0.009,11085,0.4144,5791,0.0,18871,0.0,3493,0.0,378,0.0,44
RandomForest,c1,43,connection_rate_L2,connection_rate,2,True,45001,42,0.0933,75.2917,24.615,0.0,674,0.0,581,0.5142,4084,0.0722,11085,0.1899,5791,0.0053,18871,0.0286,3493,0.0,378,0.0,44
RandomForest,c1,43,connection_rate_L3,connection_rate,3,True,45001,42,0.0933,74.4672,25.4394,0.0,674,0.0,581,0.4652,4084,0.018,11085,0.3454,5791,0.0053,18871,0.0,3493,0.0,378,0.0,44
RandomForest,c1,43,connection_rate_L4,connection_rate,4,True,45001,80,0.1778,74.4783,25.3439,0.0,674,1.0327,581,0.906,4084,0.1263,11085,0.2763,5791,0.0371,18871,0.0,3493,0.0,378,0.0,44
RandomForest,c1,43,combined_hold_L1,combined_hold,1,True,45001,129,0.2867,42.5813,57.1321,1.4837,674,1.7212,581,0.4163,4084,0.2797,11085,1.0361,5791,0.0,18871,0.0286,3493,0.0,378,0.0,44
RandomForest,c1,43,combined_hold_L2,combined_hold,2,True,45001,121,0.2689,43.8546,55.8765,1.7804,674,2.0654,581,0.3918,4084,0.2436,11085,0.8807,5791,0.0053,18871,0.0286,3493,0.2646,378,0.0,44
RandomForest,c1,43,combined_hold_L3,combined_hold,3,True,45001,3991,8.8687,50.37,40.7613,42.73,674,51.463,581,16.1117,4084,9.4813,11085,21.9824,5791,0.1961,18871,10.1632,3493,7.672,378,2.2727,44
RandomForest,c1,43,combined_hold_L4,combined_hold,4,True,45001,10729,23.8417,43.5168,32.6415,68.546,674,73.3219,581,46.1312,4084,20.7758,11085,38.4562,5791,10.7837,18871,37.0455,3493,25.6614,378,2.2727,44
RandomForest,c1,43,combined_mimic_L1,combined_mimic,1,True,45001,1695,3.7666,40.3502,55.8832,20.9199,674,23.4079,581,6.1949,4084,3.5273,11085,10.4472,5791,0.7366,18871,0.773,3493,0.5291,378,2.2727,44
RandomForest,c1,43,combined_mimic_L2,combined_mimic,2,True,45001,129,0.2867,43.8546,55.8588,1.7804,674,2.0654,581,0.4897,4084,0.2616,11085,0.9152,5791,0.0053,18871,0.0286,3493,0.2646,378,0.0,44
RandomForest,c1,43,combined_mimic_L3,combined_mimic,3,True,45001,29994,66.6519,22.9662,10.382,96.1424,674,91.7384,581,74.1185,4084,36.8426,11085,81.0568,5791,79.7255,18871,51.0163,3493,46.0317,378,15.9091,44
RandomForest,c1,43,combined_mimic_L4,combined_mimic,4,True,45001,34151,75.8894,16.9507,7.1598,94.8071,674,92.2547,581,76.4936,4084,39.3595,11085,87.7051,5791,93.1747,18871,73.0604,3493,70.6349,378,18.1818,44
RandomForest,c1,43,ttl_both_L1,ttl_both,1,False,45001,14386,31.9682,54.7699,13.2619,60.3858,674,70.2238,581,38.7365,4084,57.88,11085,74.2704,5791,2.9251,18871,14.4289,3493,52.1164,378,43.1818,44
RandomForest,c1,44,identity_L0,identity,0,True,45001,0,0.0,75.5139,24.4861,0.0,674,0.0,581,0.0,4084,0.0,11085,0.0,5791,0.0,18871,0.0,3493,0.0,378,0.0,44
RandomForest,c1,44,ttl_hold_L1,ttl_hold,1,True,45001,116,0.2578,74.1139,25.6283,2.0772,674,2.4096,581,0.3918,4084,0.3248,11085,0.5871,5791,0.0106,18871,0.0,3493,0.0,378,0.0,44
RandomForest,c1,44,ttl_hold_L2,ttl_hold,2,True,45001,115,0.2555,73.885,25.8594,2.0772,674,2.4096,581,0.3918,4084,0.3157,11085,0.5871,5791,0.0106,18871,0.0,3493,0.0,378,0.0,44
RandomForest,c1,44,ttl_hold_L3,ttl_hold,3,True,45001,1161,2.5799,73.2673,24.1528,11.5727,674,14.1136,581,5.191,4084,2.7064,11085,7.1836,5791,0.1484,18871,1.1451,3493,1.3228,378,0.0,44
RandomForest,c1,44,ttl_mimic_L1,ttl_mimic,1,True,45001,1810,4.0221,72.7962,23.1817,23.1454,674,28.0551,581,8.1048,4084,4.249,11085,10.6545,5791,0.159,18871,1.1165,3493,0.7937,378,0.0,44
RandomForest,c1,44,ttl_mimic_L2,ttl_mimic,2,True,45001,114,0.2533,73.8895,25.8572,2.0772,674,2.4096,581,0.3918,4084,0.3157,11085,0.5698,5791,0.0106,18871,0.0,3493,0.0,378,0.0,44
RandomForest,c1,44,ttl_mimic_L3,ttl_mimic,3,True,45001,8323,18.4951,66.1052,15.3997,74.9258,674,84.8537,581,28.6974,4084,16.6351,11085,65.291,5791,1.2135,18871,5.4395,3493,26.9841,378,15.9091,44
RandomForest,c1,44,padding_L1,padding,1,True,45001,12,0.0267,66.3807,33.5926,0.0,674,0.0,581,0.0979,4084,0.0631,11085,0.0173,5791,0.0,18871,0.0,3493,0.0,378,0.0,44
RandomForest,c1,44,padding_L2,padding,2,True,45001,1,0.0022,66.5741,33.4237,0.0,674,0.0,581,0.0,4084,0.0,11085,0.0173,5791,0.0,18871,0.0,3493,0.0,378,0.0,44
RandomForest,c1,44,padding_L3,padding,3,True,45001,4,0.0089,67.5963,32.3948,0.0,674,0.0,581,0.0,4084,0.0,11085,0.0691,5791,0.0,18871,0.0,3493,0.0,378,0.0,44
RandomForest,c1,44,padding_L4,padding,4,True,45001,12,0.0267,66.9363,33.037,0.0,674,0.0,581,0.0,4084,0.0,11085,0.1899,5791,0.0,18871,0.0,3493,0.2646,378,0.0,44
RandomForest,c1,44,timing_L1,timing,1,True,45001,38,0.0844,75.6161,24.2995,0.0,674,0.0,581,0.0,4084,0.0361,11085,0.5871,5791,0.0,18871,0.0,3493,0.0,378,0.0,44
RandomForest,c1,44,timing_L2,timing,2,True,45001,39,0.0867,75.5428,24.3706,0.0,674,0.0,581,0.0,4084,0.0631,11085,0.518,5791,0.0053,18871,0.0,3493,0.2646,378,0.0,44
RandomForest,c1,44,timing_L3,timing,3,True,45001,111,0.2467,74.7783,24.975,1.7804,674,2.0654,581,0.2938,4084,0.2706,11085,0.7598,5791,0.0,18871,0.0,3493,0.2646,378,0.0,44
RandomForest,c1,44,timing_L4,timing,4,True,45001,118,0.2622,74.5295,25.2083,2.0772,674,2.4096,581,0.3428,4084,0.2977,11085,0.7253,5791,0.0,18871,0.0,3493,0.2646,378,0.0,44
RandomForest,c1,44,connection_rate_L1,connection_rate,1,True,45001,18,0.04,74.8406,25.1194,0.0,674,0.0,581,0.0735,4084,0.009,11085,0.2418,5791,0.0,18871,0.0,3493,0.0,378,0.0,44
RandomForest,c1,44,connection_rate_L2,connection_rate,2,True,45001,34,0.0756,75.1272,24.7972,0.0,674,0.0,581,0.5632,4084,0.0361,11085,0.0863,5791,0.0053,18871,0.0286,3493,0.0,378,0.0,44
RandomForest,c1,44,connection_rate_L3,connection_rate,3,True,45001,68,0.1511,74.325,25.5239,0.0,674,0.6885,581,0.808,4084,0.0992,11085,0.259,5791,0.0265,18871,0.0,3493,0.0,378,0.0,44
RandomForest,c1,44,connection_rate_L4,connection_rate,4,True,45001,81,0.18,73.7228,26.0972,0.0,674,1.0327,581,0.9549,4084,0.1443,11085,0.2245,5791,0.0371,18871,0.0,3493,0.0,378,0.0,44
RandomForest,c1,44,combined_hold_L1,combined_hold,1,True,45001,180,0.4,52.2655,47.3345,2.0772,674,2.4096,581,0.5877,4084,0.406,11085,1.3642,5791,0.0159,18871,0.0,3493,0.2646,378,0.0,44
RandomForest,c1,44,combined_hold_L2,combined_hold,2,True,45001,157,0.3489,50.8789,48.7722,2.3739,674,2.7539,581,0.4897,4084,0.3067,11085,1.1742,5791,0.0053,18871,0.0,3493,0.5291,378,0.0,44
RandomForest,c1,44,combined_hold_L3,combined_hold,3,True,45001,5107,11.3486,48.4567,40.1947,59.3472,674,69.0189,581,23.2125,4084,11.7005,11085,26.9038,5791,0.2385,18871,12.5394,3493,5.291,378,0.0,44
RandomForest,c1,44,combined_hold_L4,combined_hold,4,True,45001,8580,19.0662,44.6368,36.297,74.9258,674,83.4768,581,43.5113,4084,19.3595,11085,35.7106,5791,5.3203,18871,15.6599,3493,12.6984,378,0.0,44
RandomForest,c1,44,combined_mimic_L1,combined_mimic,1,True,45001,4332,9.6265,50.15,40.2236,55.3412,674,60.9294,581,22.7718,4084,11.1502,11085,20.9463,5791,0.6147,18871,3.1205,3493,0.2646,378,0.0,44
RandomForest,c1,44,combined_mimic_L2,combined_mimic,2,True,45001,156,0.3467,50.8611,48.7922,2.3739,674,2.7539,581,0.4897,4084,0.3067,11085,1.157,5791,0.0053,18871,0.0,3493,0.5291,378,0.0,44
RandomForest,c1,44,combined_mimic_L3,combined_mimic,3,True,45001,28049,62.3297,23.5839,14.0864,96.4392,674,90.8778,581,74.951,4084,36.2833,11085,82.3001,5791,66.1915,18871,66.3899,3493,54.4974,378,13.6364,44
RandomForest,c1,44,combined_mimic_L4,combined_mimic,4,True,45001,34010,75.5761,17.2796,7.1443,95.4006,674,91.222,581,76.7385,4084,37.3568,11085,85.4084,5791,93.5351,18871,77.6696,3493,64.5503,378,18.1818,44
RandomForest,c1,44,ttl_both_L1,ttl_both,1,False,45001,15991,35.5348,53.5655,10.8998,76.7062,674,89.1566,581,47.5759,4084,61.8133,11085,80.1761,5791,3.4656,18871,17.6639,3493,57.672,378,65.9091,44
XGBoost,c1,42,identity_L0,identity,0,True,43637,0,0.0,79.0041,20.9959,0.0,628,0.0,573,0.0,4031,0.0,10982,0.0,4677,0.0,18853,0.0,3482,0.0,367,0.0,44
XGBoost,c1,42,ttl_hold_L1,ttl_hold,1,True,43637,2483,5.6901,69.9131,24.3967,0.0,628,0.349,573,0.3225,4031,0.3278,10982,50.9728,4677,0.0583,18853,0.2298,3482,7.9019,367,0.0,44
XGBoost,c1,42,ttl_hold_L2,ttl_hold,2,True,43637,2017,4.6222,70.9421,24.4357,0.0,628,0.1745,573,0.0992,4031,0.1093,10982,42.399,4677,0.0265,18853,0.1436,3482,1.9074,367,0.0,44
XGBoost,c1,42,ttl_hold_L3,ttl_hold,3,True,43637,21001,48.1266,42.386,9.4874,56.051,628,62.6527,573,61.7713,4031,85.6675,10982,87.3851,4677,3.7235,18853,91.6715,3482,100.0,367,100.0,44
XGBoost,c1,42,ttl_mimic_L1,ttl_mimic,1,True,43637,2940,6.7374,69.5419,23.7207,0.4777,628,0.6981,573,0.8931,4031,1.5298,10982,52.2557,4677,0.1008,18853,4.2791,3482,31.8801,367,0.0,44
XGBoost,c1,42,ttl_mimic_L2,ttl_mimic,2,True,43637,2013,4.6131,70.9879,24.399,0.0,628,0.1745,573,0.0992,4031,0.1093,10982,42.3134,4677,0.0265,18853,0.1436,3482,1.9074,367,0.0,44
XGBoost,c1,42,ttl_mimic_L3,ttl_mimic,3,True,43637,21296,48.8026,42.0675,9.1299,57.6433,628,63.3508,573,63.2101,4031,86.232,10982,87.6844,4677,3.8137,18853,95.4049,3482,100.0,367,100.0,44
XGBoost,c1,42,padding_L1,padding,1,True,43637,447,1.0244,67.9171,31.0585,0.0,628,0.0,573,0.3473,4031,0.0546,10982,1.1118,4677,1.8193,18853,0.919,3482,0.0,367,0.0,44
XGBoost,c1,42,padding_L2,padding,2,True,43637,532,1.2191,65.8478,32.9331,0.0,628,0.0,573,0.1488,4031,0.0273,10982,1.2187,4677,2.3975,18853,0.3446,3482,0.545,367,0.0,44
XGBoost,c1,42,padding_L3,padding,3,True,43637,205,0.4698,68.5932,30.937,0.0,628,0.0,573,0.124,4031,0.1002,10982,1.1546,4677,0.5569,18853,0.8329,3482,0.2725,367,0.0,44
XGBoost,c1,42,padding_L4,padding,4,True,43637,395,0.9052,69.26,29.8348,0.0,628,0.0,573,0.2233,4031,0.173,10982,1.2401,4677,1.6284,18853,0.0287,3482,0.2725,367,0.0,44
XGBoost,c1,42,timing_L1,timing,1,True,43637,25,0.0573,79.3799,20.5628,0.0,628,0.0,573,0.1737,4031,0.0364,10982,0.2993,4677,0.0,18853,0.0,3482,0.0,367,0.0,44
XGBoost,c1,42,timing_L2,timing,2,True,43637,51,0.1169,79.3249,20.5582,0.3185,628,0.0,573,0.2233,4031,0.1366,10982,0.5345,4677,0.0,18853,0.0,3482,0.0,367,0.0,44
XGBoost,c1,42,timing_L3,timing,3,True,43637,128,0.2933,78.9284,20.7782,0.6369,628,0.0,573,0.8187,4031,0.3005,10982,1.0477,4677,0.0212,18853,0.0287,3482,1.0899,367,0.0,44
XGBoost,c1,42,timing_L4,timing,4,True,43637,200,0.4583,78.768,20.7737,0.7962,628,0.1745,573,1.1908,4031,0.4917,10982,1.6036,4677,0.0424,18853,0.0287,3482,2.1798,367,0.0,44
XGBoost,c1,42,connection_rate_L1,connection_rate,1,True,43637,69,0.1581,79.8611,19.9808,0.0,628,0.0,573,0.0,4031,0.0,10982,1.4325,4677,0.0106,18853,0.0,3482,0.0,367,0.0,44
XGBoost,c1,42,connection_rate_L2,connection_rate,2,True,43637,71,0.1627,80.1659,19.6714,0.0,628,0.0,573,0.0,4031,0.0091,10982,1.4539,4677,0.0106,18853,0.0,3482,0.0,367,0.0,44
XGBoost,c1,42,connection_rate_L3,connection_rate,3,True,43637,51,0.1169,80.072,19.8112,0.0,628,0.0,573,0.0,4031,0.0091,10982,1.0263,4677,0.0106,18853,0.0,3482,0.0,367,0.0,44
XGBoost,c1,42,connection_rate_L4,connection_rate,4,True,43637,31,0.071,79.7603,20.1687,0.0,628,0.0,573,0.0,4031,0.0091,10982,0.5987,4677,0.0106,18853,0.0,3482,0.0,367,0.0,44
XGBoost,c1,42,combined_hold_L1,combined_hold,1,True,43637,3134,7.182,59.1883,33.6297,0.1592,628,0.349,573,1.0171,4031,0.7194,10982,43.2115,4677,3.3682,18853,9.0752,3482,10.3542,367,2.2727,44
XGBoost,c1,42,combined_hold_L2,combined_hold,2,True,43637,1590,3.6437,22.7422,73.6141,0.0,628,0.1745,573,0.4217,4031,0.2368,10982,31.6228,4677,0.0212,18853,1.637,3482,1.6349,367,0.0,44
XGBoost,c1,42,combined_hold_L3,combined_hold,3,True,43637,40095,91.883,0.4721,7.6449,64.3312,628,67.1902,573,69.8338,4031,88.3628,10982,89.2452,4677,99.9788,18853,96.2952,3482,100.0,367,100.0,44
XGBoost,c1,42,combined_hold_L4,combined_hold,4,True,43637,41311,94.6697,0.2635,5.0668,79.6178,628,80.1047,573,79.5088,4031,92.251,10982,93.2222,4677,99.9947,18853,97.444,3482,100.0,367,100.0,44
XGBoost,c1,42,combined_mimic_L1,combined_mimic,1,True,43637,17314,39.6773,35.5478,24.7748,22.9299,628,24.6073,573,6.1523,4031,4.5438,10982,53.2393,4677,64.5574,18853,43.1074,3482,32.4251,367,2.2727,44
XGBoost,c1,42,combined_mimic_L2,combined_mimic,2,True,43637,1581,3.6231,22.7238,73.6531,0.0,628,0.1745,573,0.3225,4031,0.2368,10982,31.5159,4677,0.0212,18853,1.637,3482,1.6349,367,0.0,44
XGBoost,c1,42,combined_mimic_L3,combined_mimic,3,True,43637,41581,95.2884,0.2246,4.487,83.5987,628,83.9442,573,81.295,4031,93.0978,10982,94.3126,4677,99.9947,18853,97.645,3482,100.0,367,100.0,44
XGBoost,c1,42,combined_mimic_L4,combined_mimic,4,True,43637,41969,96.1776,0.165,3.6574,87.2611,628,87.4346,573,84.7184,4031,94.3544,10982,95.4672,4677,100.0,18853,98.0471,3482,100.0,367,100.0,44
XGBoost,c1,42,ttl_both_L1,ttl_both,1,False,43637,21296,48.8026,42.0675,9.1299,57.6433,628,63.3508,573,63.2101,4031,86.232,10982,87.6844,4677,3.8137,18853,95.4049,3482,100.0,367,100.0,44
XGBoost,c1,43,identity_L0,identity,0,True,43637,0,0.0,79.0499,20.9501,0.0,628,0.0,573,0.0,4031,0.0,10982,0.0,4677,0.0,18853,0.0,3482,0.0,367,0.0,44
XGBoost,c1,43,ttl_hold_L1,ttl_hold,1,True,43637,2542,5.8253,70.2065,23.9682,0.0,628,0.349,573,0.4217,4031,0.4007,10982,51.9778,4677,0.053,18853,0.2585,3482,7.9019,367,0.0,44
XGBoost,c1,43,ttl_hold_L2,ttl_hold,2,True,43637,2045,4.6864,71.1529,24.1607,0.0,628,0.349,573,0.0992,4031,0.1548,10982,42.848,4677,0.0265,18853,0.1436,3482,2.1798,367,0.0,44
XGBoost,c1,43,ttl_hold_L3,ttl_hold,3,True,43637,21143,48.452,42.1088,9.4392,56.5287,628,63.0017,573,62.0194,4031,85.7676,10982,87.492,4677,3.7182,18853,94.888,3482,100.0,367,100.0,44
XGBoost,c1,43,ttl_mimic_L1,ttl_mimic,1,True,43637,3051,6.9918,69.7459,23.2624,0.4777,628,0.6981,573,1.0419,4031,1.6755,10982,53.6883,4677,0.1167,18853,4.9397,3482,30.7902,367,0.0,44
XGBoost,c1,43,ttl_mimic_L2,ttl_mimic,2,True,43637,2040,4.6749,71.169,24.1561,0.0,628,0.349,573,0.0992,4031,0.1548,10982,42.7411,4677,0.0265,18853,0.1436,3482,2.1798,367,0.0,44
XGBoost,c1,43,ttl_mimic_L3,ttl_mimic,3,True,43637,21622,49.5497,42.0331,8.4172,60.6688,628,65.445,573,66.2863,4031,87.3429,10982,88.4969,4677,3.7766,18853,95.9219,3482,100.0,367,100.0,44
XGBoost,c1,43,padding_L1,padding,1,True,43637,409,0.9373,68.8063,30.2564,0.0,628,0.0,573,0.3225,4031,0.0728,10982,1.0904,4677,1.5807,18853,1.0913,3482,0.2725,367,0.0,44
XGBoost,c1,43,padding_L2,padding,2,True,43637,567,1.2994,66.274,32.4266,0.0,628,0.0,573,0.124,4031,0.082,10982,1.1973,4677,2.5725,18853,0.3159,3482,0.2725,367,0.0,44
XGBoost,c1,43,padding_L3,padding,3,True,43637,209,0.479,68.5244,30.9966,0.0,628,0.0,573,0.124,4031,0.1912,10982,1.3898,4677,0.541,18853,0.4308,3482,0.2725,367,0.0,44
XGBoost,c1,43,padding_L4,padding,4,True,43637,442,1.0129,69.0607,29.9264,0.0,628,0.0,573,0.1985,4031,0.2003,10982,1.3043,4677,1.8565,18853,0.0,3482,0.2725,367,0.0,44
XGBoost,c1,43,timing_L1,timing,1,True,43637,33,0.0756,79.3226,20.6018,0.0,628,0.1745,573,0.1985,4031,0.0728,10982,0.2993,4677,0.0053,18853,0.0,3482,0.2725,367,0.0,44
XGBoost,c1,43,timing_L2,timing,2,True,43637,50,0.1146,79.2516,20.6339,0.0,628,0.0,573,0.2729,4031,0.1457,10982,0.4704,4677,0.0,18853,0.0,3482,0.2725,367,0.0,44
XGBoost,c1,43,timing_L3,timing,3,True,43637,105,0.2406,78.8963,20.863,0.3185,628,0.0,573,0.7194,4031,0.3278,10982,0.6201,4677,0.0106,18853,0.1149,3482,0.8174,367,0.0,44
XGBoost,c1,43,timing_L4,timing,4,True,43637,162,0.3712,78.7199,20.9089,0.9554,628,0.0,573,1.2404,4031,0.4098,10982,0.9622,4677,0.0212,18853,0.1149,3482,2.1798,367,0.0,44
XGBoost,c1,43,connection_rate_L1,connection_rate,1,True,43637,60,0.1375,79.8061,20.0564,0.0,628,0.0,573,0.0,4031,0.0,10982,1.2829,4677,0.0,18853,0.0,3482,0.0,367,0.0,44
XGBoost,c1,43,connection_rate_L2,connection_rate,2,True,43637,78,0.1787,80.0857,19.7355,0.0,628,0.0,573,0.0,4031,0.0182,10982,1.625,4677,0.0,18853,0.0,3482,0.0,367,0.0,44
XGBoost,c1,43,connection_rate_L3,connection_rate,3,True,43637,33,0.0756,80.0788,19.8455,0.0,628,0.0,573,0.0,4031,0.0091,10982,0.6842,4677,0.0,18853,0.0,3482,0.0,367,0.0,44
XGBoost,c1,43,connection_rate_L4,connection_rate,4,True,43637,26,0.0596,79.774,20.1664,0.0,628,0.0,573,0.0,4031,0.0091,10982,0.5345,4677,0.0,18853,0.0,3482,0.0,367,0.0,44
XGBoost,c1,43,combined_hold_L1,combined_hold,1,True,43637,3068,7.0307,59.8048,33.1645,1.7516,628,2.0942,573,1.5133,4031,0.9379,10982,44.5585,4677,2.0209,18853,10.9133,3482,9.5368,367,2.2727,44
XGBoost,c1,43,combined_hold_L2,combined_hold,2,True,43637,1615,3.701,22.8728,73.4262,0.0,628,0.1745,573,0.5458,4031,0.2185,10982,32.0505,4677,0.0371,18853,1.6083,3482,1.6349,367,0.0,44
XGBoost,c1,43,combined_hold_L3,combined_hold,3,True,43637,40686,93.2374,0.4148,6.3478,68.7898,628,68.5864,573,75.9365,4031,90.4571,10982,90.2074,4677,99.9947,18853,97.1855,3482,100.0,367,100.0,44
XGBoost,c1,43,combined_hold_L4,combined_hold,4,True,43637,41361,94.7842,0.3025,4.9133,77.707,628,76.9634,573,81.0469,4031,92.5514,10982,92.6662,4677,100.0,18853,97.7312,3482,100.0,367,100.0,44
XGBoost,c1,43,combined_mimic_L1,combined_mimic,1,True,43637,16328,37.4178,39.1984,23.3838,32.9618,628,32.1117,573,11.8085,4031,6.7656,10982,55.356,4677,55.2697,18853,45.8357,3482,30.5177,367,2.2727,44
XGBoost,c1,43,combined_mimic_L2,combined_mimic,2,True,43637,1608,3.6849,22.8705,73.4446,0.0,628,0.1745,573,0.4465,4031,0.2185,10982,31.9863,4677,0.0371,18853,1.6083,3482,1.6349,367,0.0,44
XGBoost,c1,43,combined_mimic_L3,combined_mimic,3,True,43637,41752,95.6803,0.1833,4.1364,86.1465,628,86.0384,573,82.585,4031,93.6168,10982,94.9326,4677,99.9947,18853,97.7886,3482,100.0,367,100.0,44
XGBoost,c1,43,combined_mimic_L4,combined_mimic,4,True,43637,42094,96.464,0.1467,3.3893,88.8535,628,88.8307,573,85.7107,4031,94.7459,10982,95.8948,4677,100.0,18853,98.162,3482,100.0,367,100.0,44
XGBoost,c1,43,ttl_both_L1,ttl_both,1,False,43637,21622,49.5497,42.0331,8.4172,60.6688,628,65.445,573,66.2863,4031,87.3429,10982,88.4969,4677,3.7766,18853,95.9219,3482,100.0,367,100.0,44
XGBoost,c1,44,identity_L0,identity,0,True,43637,0,0.0,79.0407,20.9593,0.0,628,0.0,573,0.0,4031,0.0,10982,0.0,4677,0.0,18853,0.0,3482,0.0,367,0.0,44
XGBoost,c1,44,ttl_hold_L1,ttl_hold,1,True,43637,2482,5.6878,70.1079,24.2042,0.0,628,0.349,573,0.2977,4031,0.3642,10982,50.9301,4677,0.0583,18853,0.2872,3482,6.812,367,0.0,44
XGBoost,c1,44,ttl_hold_L2,ttl_hold,2,True,43637,1993,4.5672,70.9146,24.5182,0.0,628,0.349,573,0.124,4031,0.1366,10982,41.8003,4677,0.0212,18853,0.1436,3482,1.9074,367,0.0,44
XGBoost,c1,44,ttl_hold_L3,ttl_hold,3,True,43637,21096,48.3443,42.1454,9.5103,54.2994,628,60.2094,573,62.1682,4031,85.713,10982,86.8505,4677,3.7182,18853,95.2613,3482,100.0,367,100.0,44
XGBoost,c1,44,ttl_mimic_L1,ttl_mimic,1,True,43637,2948,6.7557,69.6588,23.5855,0.4777,628,0.6981,573,0.8931,4031,1.6482,10982,52.1061,4677,0.1114,18853,4.7387,3482,27.5204,367,0.0,44
XGBoost,c1,44,ttl_mimic_L2,ttl_mimic,2,True,43637,1991,4.5626,70.9673,24.4701,0.0,628,0.349,573,0.124,4031,0.1366,10982,41.7575,4677,0.0212,18853,0.1436,3482,1.9074,367,0.0,44
XGBoost,c1,44,ttl_mimic_L3,ttl_mimic,3,True,43637,21337,48.8966,42.0904,9.013,58.121,628,63.3508,573,63.8055,4031,86.4232,10982,87.7486,4677,3.7235,18853,95.606,3482,100.0,367,100.0,44
XGBoost,c1,44,padding_L1,padding,1,True,43637,293,0.6714,67.539,31.7895,0.0,628,0.0,573,0.3473,4031,0.1093,10982,0.9622,4677,0.9601,18853,1.1775,3482,0.0,367,0.0,44
XGBoost,c1,44,padding_L2,padding,2,True,43637,213,0.4881,65.472,34.0399,0.0,628,0.0,573,0.2233,4031,0.0728,10982,1.0691,4677,0.7055,18853,0.3159,3482,0.545,367,0.0,44
XGBoost,c1,44,padding_L3,padding,3,True,43637,224,0.5133,68.5038,30.9829,0.0,628,0.0,573,0.1737,4031,0.2094,10982,1.1546,4677,0.6312,18853,0.5744,3482,0.2725,367,0.0,44
XGBoost,c1,44,padding_L4,padding,4,True,43637,316,0.7242,69.5007,29.7752,0.0,628,0.0,573,0.1985,4031,0.1184,10982,0.9622,4677,1.3154,18853,0.0287,3482,0.2725,367,0.0,44
XGBoost,c1,44,timing_L1,timing,1,True,43637,30,0.0687,79.3409,20.5903,0.0,628,0.0,573,0.2977,4031,0.0546,10982,0.2352,4677,0.0,18853,0.0,3482,0.2725,367,0.0,44
XGBoost,c1,44,timing_L2,timing,2,True,43637,60,0.1375,79.3088,20.5537,0.9554,628,0.1745,573,0.3225,4031,0.1275,10982,0.5559,4677,0.0,18853,0.0,3482,0.0,367,0.0,44
XGBoost,c1,44,timing_L3,timing,3,True,43637,138,0.3162,78.9032,20.7805,1.2739,628,0.0,573,0.8187,4031,0.3642,10982,0.9835,4677,0.0159,18853,0.1149,3482,1.0899,367,0.0,44
XGBoost,c1,44,timing_L4,timing,4,True,43637,215,0.4927,78.5686,20.9387,1.2739,628,0.0,573,1.414,4031,0.4553,10982,1.6464,4677,0.0477,18853,0.201,3482,1.9074,367,0.0,44
XGBoost,c1,44,connection_rate_L1,connection_rate,1,True,43637,67,0.1535,79.8703,19.9762,0.0,628,0.0,573,0.0744,4031,0.0364,10982,1.2615,4677,0.0,18853,0.0287,3482,0.0,367,0.0,44
XGBoost,c1,44,connection_rate_L2,connection_rate,2,True,43637,72,0.165,80.0284,19.8066,0.0,628,0.0,573,0.0248,4031,0.0,10982,1.5181,4677,0.0,18853,0.0,3482,0.0,367,0.0,44
XGBoost,c1,44,connection_rate_L3,connection_rate,3,True,43637,64,0.1467,80.0628,19.7905,0.0,628,0.0,573,0.0248,4031,0.0,10982,1.347,4677,0.0,18853,0.0,3482,0.0,367,0.0,44
XGBoost,c1,44,connection_rate_L4,connection_rate,4,True,43637,38,0.0871,79.7511,20.1618,0.0,628,0.0,573,0.0248,4031,0.0,10982,0.7911,4677,0.0,18853,0.0,3482,0.0,367,0.0,44
XGBoost,c1,44,combined_hold_L1,combined_hold,1,True,43637,3151,7.2209,59.6833,33.0958,0.1592,628,0.349,573,1.2156,4031,0.692,10982,43.9598,4677,2.6945,18853,12.0908,3482,10.0817,367,2.2727,44
XGBoost,c1,44,combined_hold_L2,combined_hold,2,True,43637,1613,3.6964,22.6528,73.6508,0.0,628,0.1745,573,0.3969,4031,0.2823,10982,31.8153,4677,0.0477,18853,1.6944,3482,2.4523,367,0.0,44
XGBoost,c1,44,combined_hold_L3,combined_hold,3,True,43637,40688,93.242,0.4148,6.3432,68.7898,628,68.5864,573,75.9365,4031,90.4753,10982,90.2074,4677,99.9947,18853,97.1855,3482,100.0,367,100.0,44
XGBoost,c1,44,combined_hold_L4,combined_hold,4,True,43637,41345,94.7476,0.2933,4.9591,78.3439,628,77.836,573,80.5755,4031,92.4604,10982,92.8159,4677,100.0,18853,97.645,3482,100.0,367,100.0,44
XGBoost,c1,44,combined_mimic_L1,combined_mimic,1,True,43637,18141,41.5725,35.0482,23.3792,35.5096,628,34.904,573,11.8581,4031,7.0297,10982,55.3132,4677,64.3346,18853,47.0132,3482,31.0627,367,2.2727,44
XGBoost,c1,44,combined_mimic_L2,combined_mimic,2,True,43637,1611,3.6918,22.6436,73.6646,0.0,628,0.1745,573,0.3969,4031,0.2823,10982,31.7725,4677,0.0477,18853,1.6944,3482,2.4523,367,0.0,44
XGBoost,c1,44,combined_mimic_L3,combined_mimic,3,True,43637,41589,95.3067,0.2108,4.4824,83.9172,628,84.1187,573,81.3198,4031,93.116,10982,94.3554,4677,99.9947,18853,97.645,3482,100.0,367,100.0,44
XGBoost,c1,44,combined_mimic_L4,combined_mimic,4,True,43637,41929,96.0859,0.1696,3.7445,87.2611,628,87.26,573,84.2967,4031,94.2087,10982,95.3817,4677,100.0,18853,97.9897,3482,100.0,367,100.0,44
XGBoost,c1,44,ttl_both_L1,ttl_both,1,False,43637,21337,48.8966,42.0904,9.013,58.121,628,63.3508,573,63.8055,4031,86.4232,10982,87.7486,4677,3.7235,18853,95.606,3482,100.0,367,100.0,44
Transformer,c1,42,identity_L0,identity,0,True,44982,0,0.0,73.6161,26.3839,0.0,659,0.0,582,0.0,4071,0.0,10966,0.0,5926,0.0,18864,0.0,3494,0.0,376,0.0,44
Transformer,c1,42,ttl_hold_L1,ttl_hold,1,True,44982,1481,3.2924,15.8085,80.899,6.525,659,8.0756,582,3.3161,4071,1.7509,10966,16.2167,5926,0.4294,18864,0.5438,3494,0.7979,376,0.0,44
Transformer,c1,42,ttl_hold_L2,ttl_hold,2,True,44982,1538,3.4191,15.7885,80.7923,6.8285,659,8.4192,582,3.4635,4071,1.8968,10966,16.4867,5926,0.4983,18864,0.601,3494,0.7979,376,0.0,44
Transformer,c1,42,ttl_hold_L3,ttl_hold,3,True,44982,1968,4.3751,15.6351,79.9898,8.4977,659,10.3093,582,5.0602,4071,2.7996,10966,17.9379,5926,1.2617,18864,1.0017,3494,0.7979,376,0.0,44
Transformer,c1,42,ttl_mimic_L1,ttl_mimic,1,True,44982,25452,56.5826,12.6117,30.8057,61.1533,659,62.8866,582,32.0806,4071,17.0436,10966,45.3763,5926,96.8723,18864,14.8827,3494,6.117,376,4.5455,44
Transformer,c1,42,ttl_mimic_L2,ttl_mimic,2,True,44982,1606,3.5703,15.8219,80.6078,6.8285,659,8.9347,582,4.0776,4071,2.1247,10966,16.4192,5926,0.5831,18864,0.6869,3494,0.7979,376,0.0,44
Transformer,c1,42,ttl_mimic_L3,ttl_mimic,3,True,44982,26362,58.6057,12.1982,29.1961,66.1608,659,67.8694,582,35.1756,4071,19.524,10966,49.3756,5926,97.0844,18864,19.6909,3494,7.1809,376,6.8182,44
Transformer,c1,42,padding_L1,padding,1,True,44982,34,0.0756,68.3162,31.6082,0.0,659,0.0,582,0.0,4071,0.0,10966,0.5737,5926,0.0,18864,0.0,3494,0.0,376,0.0,44
Transformer,c1,42,padding_L2,padding,2,True,44982,19,0.0422,67.6337,32.324,0.0,659,0.0,582,0.0246,4071,0.0547,10966,0.2025,5926,0.0,18864,0.0,3494,0.0,376,0.0,44
Transformer,c1,42,padding_L3,padding,3,True,44982,10,0.0222,66.7645,33.2133,0.0,659,0.0,582,0.0246,4071,0.0638,10966,0.0337,5926,0.0,18864,0.0,3494,0.0,376,0.0,44
Transformer,c1,42,padding_L4,padding,4,True,44982,23,0.0511,65.6463,34.3026,0.0,659,0.0,582,0.0246,4071,0.1641,10966,0.0337,5926,0.0106,18864,0.0,3494,0.0,376,0.0,44
Transformer,c1,42,timing_L1,timing,1,True,44982,2,0.0044,73.256,26.7396,0.0,659,0.0,582,0.0246,4071,0.0,10966,0.0169,5926,0.0,18864,0.0,3494,0.0,376,0.0,44
Transformer,c1,42,timing_L2,timing,2,True,44982,6,0.0133,73.0359,26.9508,0.0,659,0.0,582,0.0246,4071,0.0182,10966,0.0506,5926,0.0,18864,0.0,3494,0.0,376,0.0,44
Transformer,c1,42,timing_L3,timing,3,True,44982,5,0.0111,72.6624,27.3265,0.0,659,0.0,582,0.0,4071,0.0365,10966,0.0169,5926,0.0,18864,0.0,3494,0.0,376,0.0,44
Transformer,c1,42,timing_L4,timing,4,True,44982,6,0.0133,71.8576,28.129,0.0,659,0.0,582,0.0,4071,0.0365,10966,0.0169,5926,0.0053,18864,0.0,3494,0.0,376,0.0,44
Transformer,c1,42,connection_rate_L1,connection_rate,1,True,44982,1,0.0022,72.5779,27.4199,0.0,659,0.0,582,0.0,4071,0.0,10966,0.0169,5926,0.0,18864,0.0,3494,0.0,376,0.0,44
Transformer,c1,42,connection_rate_L2,connection_rate,2,True,44982,1,0.0022,72.0355,27.9623,0.0,659,0.0,582,0.0,4071,0.0,10966,0.0169,5926,0.0,18864,0.0,3494,0.0,376,0.0,44
Transformer,c1,42,connection_rate_L3,connection_rate,3,True,44982,0,0.0,64.0212,35.9788,0.0,659,0.0,582,0.0,4071,0.0,10966,0.0,5926,0.0,18864,0.0,3494,0.0,376,0.0,44
Transformer,c1,42,connection_rate_L4,connection_rate,4,True,44982,0,0.0,31.3459,68.6541,0.0,659,0.0,582,0.0,4071,0.0,10966,0.0,5926,0.0,18864,0.0,3494,0.0,376,0.0,44
Transformer,c1,42,combined_hold_L1,combined_hold,1,True,44982,1895,4.2128,15.4062,80.381,10.7739,659,12.1993,582,4.8882,4071,2.6993,10966,19.0179,5926,0.5301,18864,0.7728,3494,1.0638,376,0.0,44
Transformer,c1,42,combined_hold_L2,combined_hold,2,True,44982,2653,5.8979,14.9326,79.1694,15.0228,659,16.4948,582,6.5586,4071,3.7115,10966,22.4435,5926,2.2159,18864,0.8586,3494,1.3298,376,2.2727,44
Transformer,c1,42,combined_hold_L3,combined_hold,3,True,44982,10889,24.2075,14.0923,61.7002,32.17,659,32.9897,582,14.198,4071,7.961,10966,29.3284,5926,38.2316,18864,2.0607,3494,2.1277,376,9.0909,44
Transformer,c1,42,combined_hold_L4,combined_hold,4,True,44982,20474,45.516,14.3724,40.1116,47.1927,659,48.9691,582,19.2827,4071,10.9885,10966,34.6608,5926,83.1372,18864,3.5203,3494,5.8511,376,13.6364,44
Transformer,c1,42,combined_mimic_L1,combined_mimic,1,True,44982,26536,58.9925,12.4116,28.5959,71.1684,659,71.9931,582,39.5726,4071,20.7733,10966,51.215,5926,97.0261,18864,11.0189,3494,8.7766,376,6.8182,44
Transformer,c1,42,combined_mimic_L2,combined_mimic,2,True,44982,2688,5.9757,14.9815,79.0427,15.0228,659,17.0103,582,6.8779,4071,3.8209,10966,22.3085,5926,2.2901,18864,0.8872,3494,1.3298,376,2.2727,44
Transformer,c1,42,combined_mimic_L3,combined_mimic,3,True,44982,30633,68.1006,10.5131,21.3863,90.4401,659,86.0825,582,66.3473,4071,35.373,10966,64.5967,5926,97.6198,18864,17.1723,3494,26.5957,376,29.5455,44
Transformer,c1,42,combined_mimic_L4,combined_mimic,4,True,44982,31581,70.2081,11.2712,18.5207,93.3232,659,88.3162,582,70.1302,4071,36.4855,10966,69.8279,5926,97.7046,18864,25.3005,3494,34.5745,376,29.5455,44
Transformer,c1,42,ttl_both_L1,ttl_both,1,False,44982,37959,84.3871,1.1649,14.448,71.7754,659,73.3677,582,56.3252,4071,80.3301,10966,87.1752,5926,99.2472,18864,53.6348,3494,42.0213,376,84.0909,44
Transformer,c1,43,identity_L0,identity,0,True,44982,0,0.0,74.4765,25.5235,0.0,659,0.0,582,0.0,4071,0.0,10966,0.0,5926,0.0,18864,0.0,3494,0.0,376,0.0,44
Transformer,c1,43,ttl_hold_L1,ttl_hold,1,True,44982,1756,3.9038,18.832,77.2642,0.3035,659,0.3436,582,1.2036,4071,0.2918,10966,11.998,5926,5.0679,18864,0.1145,3494,0.0,376,0.0,44
Transformer,c1,43,ttl_hold_L2,ttl_hold,2,True,44982,1867,4.1505,18.8009,77.0486,0.607,659,0.6873,582,1.2528,4071,0.3283,10966,12.3186,5926,5.4972,18864,0.1431,3494,0.0,376,0.0,44
Transformer,c1,43,ttl_hold_L3,ttl_hold,3,True,44982,4544,10.1018,18.6497,71.2485,1.214,659,1.2027,582,1.5475,4071,0.4924,10966,15.1704,5926,18.5751,18864,0.229,3494,0.266,376,0.0,44
Transformer,c1,43,ttl_mimic_L1,ttl_mimic,1,True,44982,23389,51.9964,16.3577,31.646,38.3915,659,37.6289,582,20.3635,4071,10.3958,10966,40.4657,5926,96.5914,18864,8.6148,3494,7.1809,376,2.2727,44
Transformer,c1,43,ttl_mimic_L2,ttl_mimic,2,True,44982,1834,4.0772,18.8698,77.053,0.607,659,0.8591,582,0.4913,4071,0.3009,10966,12.3186,5926,5.4972,18864,0.1431,3494,0.0,376,0.0,44
Transformer,c1,43,ttl_mimic_L3,ttl_mimic,3,True,44982,24601,54.6908,15.6685,29.6407,47.648,659,46.2199,582,25.5711,4071,13.0221,10966,46.2538,5926,96.7027,18864,14.9399,3494,11.4362,376,2.2727,44
Transformer,c1,43,padding_L1,padding,1,True,44982,5,0.0111,68.0828,31.9061,0.0,659,0.0,582,0.0,4071,0.0,10966,0.0844,5926,0.0,18864,0.0,3494,0.0,376,0.0,44
Transformer,c1,43,padding_L2,padding,2,True,44982,2,0.0044,67.3203,32.6753,0.0,659,0.0,582,0.0,4071,0.0091,10966,0.0169,5926,0.0,18864,0.0,3494,0.0,376,0.0,44
Transformer,c1,43,padding_L3,padding,3,True,44982,10,0.0222,63.3942,36.5835,0.0,659,0.0,582,0.0,4071,0.0091,10966,0.135,5926,0.0053,18864,0.0,3494,0.0,376,0.0,44
Transformer,c1,43,padding_L4,padding,4,True,44982,6,0.0133,50.7536,49.233,0.0,659,0.0,582,0.0,4071,0.0365,10966,0.0,5926,0.0053,18864,0.0286,3494,0.0,376,0.0,44
Transformer,c1,43,timing_L1,timing,1,True,44982,4,0.0089,74.432,25.5591,0.0,659,0.0,582,0.0,4071,0.0182,10966,0.0169,5926,0.0053,18864,0.0,3494,0.0,376,0.0,44
Transformer,c1,43,timing_L2,timing,2,True,44982,4,0.0089,74.3653,25.6258,0.0,659,0.0,582,0.0,4071,0.0182,10966,0.0169,5926,0.0053,18864,0.0,3494,0.0,376,0.0,44
Transformer,c1,43,timing_L3,timing,3,True,44982,14,0.0311,73.5383,26.4306,0.0,659,0.0,582,0.0246,4071,0.1094,10966,0.0,5926,0.0053,18864,0.0,3494,0.0,376,0.0,44
Transformer,c1,43,timing_L4,timing,4,True,44982,19,0.0422,73.0203,26.9374,0.0,659,0.0,582,0.0246,4071,0.155,10966,0.0,5926,0.0053,18864,0.0,3494,0.0,376,0.0,44
Transformer,c1,43,connection_rate_L1,connection_rate,1,True,44982,0,0.0,73.5138,26.4862,0.0,659,0.0,582,0.0,4071,0.0,10966,0.0,5926,0.0,18864,0.0,3494,0.0,376,0.0,44
Transformer,c1,43,connection_rate_L2,connection_rate,2,True,44982,0,0.0,70.2792,29.7208,0.0,659,0.0,582,0.0,4071,0.0,10966,0.0,5926,0.0,18864,0.0,3494,0.0,376,0.0,44
Transformer,c1,43,connection_rate_L3,connection_rate,3,True,44982,0,0.0,58.3856,41.6144,0.0,659,0.0,582,0.0,4071,0.0,10966,0.0,5926,0.0,18864,0.0,3494,0.0,376,0.0,44
Transformer,c1,43,connection_rate_L4,connection_rate,4,True,44982,0,0.0,32.6997,67.3003,0.0,659,0.0,582,0.0,4071,0.0,10966,0.0,5926,0.0,18864,0.0,3494,0.0,376,0.0,44
Transformer,c1,43,combined_hold_L1,combined_hold,1,True,44982,3953,8.788,18.8298,72.3823,0.7587,659,0.6873,582,1.4493,4071,0.4377,10966,12.268,5926,16.4599,18864,0.1431,3494,0.0,376,0.0,44
Transformer,c1,43,combined_hold_L2,combined_hold,2,True,44982,7675,17.0624,18.9053,64.0323,1.6692,659,1.89,582,1.5967,4071,0.6019,10966,12.5717,5926,35.8885,18864,0.2003,3494,0.0,376,0.0,44
Transformer,c1,43,combined_hold_L3,combined_hold,3,True,44982,15038,33.4312,18.7119,47.8569,5.0076,659,5.3265,582,2.5547,4071,1.5685,10966,18.0223,5926,72.1268,18864,0.5438,3494,0.7979,376,4.5455,44
Transformer,c1,43,combined_hold_L4,combined_hold,4,True,44982,16754,37.246,18.6097,44.1443,5.7663,659,6.3574,582,3.1196,4071,2.5807,10966,20.5872,5926,79.4529,18864,1.5455,3494,1.5957,376,2.2727,44
Transformer,c1,43,combined_mimic_L1,combined_mimic,1,True,44982,23985,53.3213,16.0197,30.6589,44.1578,659,42.4399,582,24.6131,4071,12.4202,10966,42.2207,5926,96.6656,18864,8.7293,3494,9.8404,376,9.0909,44
Transformer,c1,43,combined_mimic_L2,combined_mimic,2,True,44982,7637,16.9779,18.9965,64.0256,1.6692,659,1.89,582,0.8352,4071,0.5563,10966,12.5717,5926,35.8779,18864,0.2003,3494,0.0,376,0.0,44
Transformer,c1,43,combined_mimic_L3,combined_mimic,3,True,44982,28332,62.9852,13.5343,23.4805,67.3748,659,65.2921,582,40.5797,4071,25.3967,10966,59.5511,5926,97.3972,18864,29.4791,3494,34.5745,376,20.4545,44
Transformer,c1,43,combined_mimic_L4,combined_mimic,4,True,44982,30684,68.214,11.9092,19.8768,69.9545,659,67.8694,582,44.903,4071,34.0781,10966,66.5035,5926,97.8159,18864,47.7676,3494,50.266,376,27.2727,44
Transformer,c1,43,ttl_both_L1,ttl_both,1,False,44982,36078,80.2054,4.8953,14.8993,53.4143,659,53.6082,582,44.903,4071,69.068,10966,84.3402,5926,99.0988,18864,58.8724,3494,61.1702,376,75.0,44
Transformer,c1,44,identity_L0,identity,0,True,44982,0,0.0,74.1252,25.8748,0.0,659,0.0,582,0.0,4071,0.0,10966,0.0,5926,0.0,18864,0.0,3494,0.0,376,0.0,44
Transformer,c1,44,ttl_hold_L1,ttl_hold,1,True,44982,5469,12.1582,43.3084,44.5334,10.3187,659,12.7148,582,4.5443,4071,3.4379,10966,35.9939,5926,13.4701,18864,2.3469,3494,2.1277,376,2.2727,44
Transformer,c1,44,ttl_hold_L2,ttl_hold,2,True,44982,5622,12.4983,43.1639,44.3377,10.6222,659,13.0584,582,4.7163,4071,3.5564,10966,36.5002,5926,13.9896,18864,2.3755,3494,2.1277,376,2.2727,44
Transformer,c1,44,ttl_hold_L3,ttl_hold,3,True,44982,7356,16.3532,42.059,41.5877,16.692,659,20.1031,582,7.3446,4071,5.973,10966,42.0688,5926,18.9196,18864,2.9193,3494,2.6596,376,2.2727,44
Transformer,c1,44,ttl_mimic_L1,ttl_mimic,1,True,44982,32219,71.6264,12.1604,16.2132,86.6464,659,82.8179,582,63.6699,4071,35.3365,10966,79.9865,5926,97.2487,18864,40.8987,3494,46.0106,376,27.2727,44
Transformer,c1,44,ttl_mimic_L2,ttl_mimic,2,True,44982,5689,12.6473,43.1951,44.1577,10.6222,659,13.7457,582,4.6917,4071,3.8665,10966,36.6014,5926,14.0797,18864,2.5758,3494,2.1277,376,2.2727,44
Transformer,c1,44,ttl_mimic_L3,ttl_mimic,3,True,44982,34285,76.2194,11.0555,12.7251,94.8407,659,89.3471,582,73.2253,4071,41.2913,10966,87.192,5926,98.0651,18864,49.7997,3494,56.383,376,29.5455,44
Transformer,c1,44,padding_L1,padding,1,True,44982,8,0.0178,69.0209,30.9613,0.0,659,0.0,582,0.0,4071,0.0638,10966,0.0,5926,0.0053,18864,0.0,3494,0.0,376,0.0,44
Transformer,c1,44,padding_L2,padding,2,True,44982,16,0.0356,67.2469,32.7175,0.0,659,0.0,582,0.0246,4071,0.1277,10966,0.0,5926,0.0053,18864,0.0,3494,0.0,376,0.0,44
Transformer,c1,44,padding_L3,padding,3,True,44982,21,0.0467,62.4428,37.5106,0.0,659,0.0,582,0.0737,4071,0.155,10966,0.0,5926,0.0053,18864,0.0,3494,0.0,376,0.0,44
Transformer,c1,44,padding_L4,padding,4,True,44982,48,0.1067,27.5733,72.32,0.0,659,0.0,582,0.2211,4071,0.3283,10966,0.0,5926,0.0106,18864,0.0286,3494,0.0,376,0.0,44
Transformer,c1,44,timing_L1,timing,1,True,44982,3,0.0067,74.0163,25.9771,0.0,659,0.0,582,0.0,4071,0.0274,10966,0.0,5926,0.0,18864,0.0,3494,0.0,376,0.0,44
Transformer,c1,44,timing_L2,timing,2,True,44982,3,0.0067,73.8362,26.1571,0.0,659,0.0,582,0.0,4071,0.0274,10966,0.0,5926,0.0,18864,0.0,3494,0.0,376,0.0,44
Transformer,c1,44,timing_L3,timing,3,True,44982,2,0.0044,73.0203,26.9752,0.0,659,0.0,582,0.0246,4071,0.0091,10966,0.0,5926,0.0,18864,0.0,3494,0.0,376,0.0,44
Transformer,c1,44,timing_L4,timing,4,True,44982,2,0.0044,72.5824,27.4132,0.0,659,0.0,582,0.0246,4071,0.0091,10966,0.0,5926,0.0,18864,0.0,3494,0.0,376,0.0,44
Transformer,c1,44,connection_rate_L1,connection_rate,1,True,44982,0,0.0,73.0715,26.9285,0.0,659,0.0,582,0.0,4071,0.0,10966,0.0,5926,0.0,18864,0.0,3494,0.0,376,0.0,44
Transformer,c1,44,connection_rate_L2,connection_rate,2,True,44982,1,0.0022,69.6679,30.3299,0.0,659,0.0,582,0.0,4071,0.0,10966,0.0,5926,0.0053,18864,0.0,3494,0.0,376,0.0,44
Transformer,c1,44,connection_rate_L3,connection_rate,3,True,44982,0,0.0,57.0717,42.9283,0.0,659,0.0,582,0.0,4071,0.0,10966,0.0,5926,0.0,18864,0.0,3494,0.0,376,0.0,44
Transformer,c1,44,connection_rate_L4,connection_rate,4,True,44982,0,0.0,30.9724,69.0276,0.0,659,0.0,582,0.0,4071,0.0,10966,0.0,5926,0.0,18864,0.0,3494,0.0,376,0.0,44
Transformer,c1,44,combined_hold_L1,combined_hold,1,True,44982,6131,13.6299,46.0362,40.3339,16.9954,659,19.5876,582,6.7551,4071,4.3589,10966,35.7914,5926,15.8132,18864,1.1448,3494,1.8617,376,2.2727,44
Transformer,c1,44,combined_hold_L2,combined_hold,2,True,44982,7080,15.7396,43.2751,40.9853,22.003,659,24.5704,582,8.3763,4071,5.3347,10966,34.2727,5926,20.0382,18864,1.3452,3494,1.8617,376,2.2727,44
Transformer,c1,44,combined_hold_L3,combined_hold,3,True,44982,11161,24.8121,40.9519,34.2359,42.4886,659,42.4399,582,19.1108,4071,9.9945,10966,36.6183,5926,34.0967,18864,3.8924,3494,5.3191,376,4.5455,44
Transformer,c1,44,combined_hold_L4,combined_hold,4,True,44982,22790,50.6647,21.0795,28.2557,46.5857,659,44.5017,582,23.7042,4071,11.5083,10966,36.5677,5926,93.4372,18864,5.0658,3494,6.6489,376,4.5455,44
Transformer,c1,44,combined_mimic_L1,combined_mimic,1,True,44982,33092,73.5672,12.9563,13.4765,92.4127,659,87.2852,582,70.8671,4071,38.3002,10966,80.9821,5926,97.3547,18864,43.5604,3494,51.0638,376,27.2727,44
Transformer,c1,44,combined_mimic_L2,combined_mimic,2,True,44982,7122,15.833,43.3084,40.8586,22.003,659,25.2577,582,8.3272,4071,5.5079,10966,34.2896,5926,20.1124,18864,1.5169,3494,1.8617,376,2.2727,44
Transformer,c1,44,combined_mimic_L3,combined_mimic,3,True,44982,34843,77.4599,10.851,11.6891,96.8134,659,93.8144,582,81.3559,4071,45.632,10966,81.0159,5926,98.0757,18864,51.1448,3494,61.7021,376,50.0,44
Transformer,c1,44,combined_mimic_L4,combined_mimic,4,True,44982,35594,79.1294,11.1289,9.7417,95.7511,659,93.4708,582,82.2402,4071,47.7111,10966,85.7746,5926,97.8902,18864,57.3841,3494,69.1489,376,56.8182,44
Transformer,c1,44,ttl_both_L1,ttl_both,1,False,44982,43823,97.4234,0.6625,1.9141,95.9029,659,96.9072,582,91.6974,4071,96.6715,10966,97.8569,5926,99.7561,18864,93.7035,3494,95.7447,376,95.4545,44
RandomForest,o6,42,identity_L0,identity,0,True,45001,0,0.0,75.1072,24.8928,0.0,674,0.0,581,0.0,4084,0.0,11085,0.0,5791,0.0,18871,0.0,3493,0.0,378,0.0,44
RandomForest,o6,42,ttl_hold_L1,ttl_hold,1,True,45001,0,0.0,75.3605,24.6395,0.0,674,0.0,581,0.0,4084,0.0,11085,0.0,5791,0.0,18871,0.0,3493,0.0,378,0.0,44
RandomForest,o6,42,ttl_hold_L2,ttl_hold,2,True,45001,0,0.0,75.2139,24.7861,0.0,674,0.0,581,0.0,4084,0.0,11085,0.0,5791,0.0,18871,0.0,3493,0.0,378,0.0,44
RandomForest,o6,42,ttl_hold_L3,ttl_hold,3,True,45001,0,0.0,75.5894,24.4106,0.0,674,0.0,581,0.0,4084,0.0,11085,0.0,5791,0.0,18871,0.0,3493,0.0,378,0.0,44
RandomForest,o6,42,ttl_mimic_L1,ttl_mimic,1,True,45001,0,0.0,76.0916,23.9084,0.0,674,0.0,581,0.0,4084,0.0,11085,0.0,5791,0.0,18871,0.0,3493,0.0,378,0.0,44
RandomForest,o6,42,ttl_mimic_L2,ttl_mimic,2,True,45001,0,0.0,75.2139,24.7861,0.0,674,0.0,581,0.0,4084,0.0,11085,0.0,5791,0.0,18871,0.0,3493,0.0,378,0.0,44
RandomForest,o6,42,ttl_mimic_L3,ttl_mimic,3,True,45001,2,0.0044,76.4894,23.5061,0.0,674,0.0,581,0.0,4084,0.009,11085,0.0173,5791,0.0,18871,0.0,3493,0.0,378,0.0,44
RandomForest,o6,42,padding_L1,padding,1,True,45001,5,0.0111,75.165,24.8239,0.0,674,0.0,581,0.049,4084,0.0271,11085,0.0,5791,0.0,18871,0.0,3493,0.0,378,0.0,44
RandomForest,o6,42,padding_L2,padding,2,True,45001,7,0.0156,74.8561,25.1283,0.0,674,0.0,581,0.0,4084,0.0,11085,0.1209,5791,0.0,18871,0.0,3493,0.0,378,0.0,44
RandomForest,o6,42,padding_L3,padding,3,True,45001,4,0.0089,75.1517,24.8394,0.0,674,0.0,581,0.0,4084,0.0,11085,0.0691,5791,0.0,18871,0.0,3493,0.0,378,0.0,44
RandomForest,o6,42,padding_L4,padding,4,True,45001,7,0.0156,74.2339,25.7505,0.0,674,0.0,581,0.0,4084,0.0,11085,0.1209,5791,0.0,18871,0.0,3493,0.0,378,0.0,44
RandomForest,o6,42,timing_L1,timing,1,True,45001,8,0.0178,75.8605,24.1217,0.0,674,0.0,581,0.0,4084,0.0,11085,0.1381,5791,0.0,18871,0.0,3493,0.0,378,0.0,44
RandomForest,o6,42,timing_L2,timing,2,True,45001,5,0.0111,76.3094,23.6795,0.0,674,0.0,581,0.0,4084,0.0,11085,0.0691,5791,0.0053,18871,0.0,3493,0.0,378,0.0,44
RandomForest,o6,42,timing_L3,timing,3,True,45001,0,0.0,76.5916,23.4084,0.0,674,0.0,581,0.0,4084,0.0,11085,0.0,5791,0.0,18871,0.0,3493,0.0,378,0.0,44
RandomForest,o6,42,timing_L4,timing,4,True,45001,49,0.1089,76.5272,23.3639,1.0386,674,1.2048,581,0.1714,4084,0.1263,11085,0.2418,5791,0.0,18871,0.0,3493,0.0,378,0.0,44
RandomForest,o6,42,connection_rate_L1,connection_rate,1,True,45001,6,0.0133,75.9939,23.9928,0.0,674,0.0,581,0.0245,4084,0.0,11085,0.0863,5791,0.0,18871,0.0,3493,0.0,378,0.0,44
RandomForest,o6,42,connection_rate_L2,connection_rate,2,True,45001,5,0.0111,76.3205,23.6684,0.0,674,0.0,581,0.0245,4084,0.0,11085,0.0691,5791,0.0,18871,0.0,3493,0.0,378,0.0,44
RandomForest,o6,42,connection_rate_L3,connection_rate,3,True,45001,1,0.0022,75.9361,24.0617,0.0,674,0.0,581,0.0245,4084,0.0,11085,0.0,5791,0.0,18871,0.0,3493,0.0,378,0.0,44
RandomForest,o6,42,connection_rate_L4,connection_rate,4,True,45001,1,0.0022,75.8472,24.1506,0.0,674,0.0,581,0.0245,4084,0.0,11085,0.0,5791,0.0,18871,0.0,3493,0.0,378,0.0,44
RandomForest,o6,42,combined_hold_L1,combined_hold,1,True,45001,1,0.0022,75.7361,24.2617,0.0,674,0.0,581,0.0,4084,0.009,11085,0.0,5791,0.0,18871,0.0,3493,0.0,378,0.0,44
RandomForest,o6,42,combined_hold_L2,combined_hold,2,True,45001,0,0.0,75.5405,24.4595,0.0,674,0.0,581,0.0,4084,0.0,11085,0.0,5791,0.0,18871,0.0,3493,0.0,378,0.0,44
RandomForest,o6,42,combined_hold_L3,combined_hold,3,True,45001,0,0.0,76.1161,23.8839,0.0,674,0.0,581,0.0,4084,0.0,11085,0.0,5791,0.0,18871,0.0,3493,0.0,378,0.0,44
RandomForest,o6,42,combined_hold_L4,combined_hold,4,True,45001,50,0.1111,76.1805,23.7084,1.0386,674,1.2048,581,0.1714,4084,0.1263,11085,0.2418,5791,0.0,18871,0.0,3493,0.2646,378,0.0,44
RandomForest,o6,42,combined_mimic_L1,combined_mimic,1,True,45001,0,0.0,76.3561,23.6439,0.0,674,0.0,581,0.0,4084,0.0,11085,0.0,5791,0.0,18871,0.0,3493,0.0,378,0.0,44
RandomForest,o6,42,combined_mimic_L2,combined_mimic,2,True,45001,0,0.0,75.5428,24.4572,0.0,674,0.0,581,0.0,4084,0.0,11085,0.0,5791,0.0,18871,0.0,3493,0.0,378,0.0,44
RandomForest,o6,42,combined_mimic_L3,combined_mimic,3,True,45001,14,0.0311,76.2183,23.7506,0.2967,674,0.3442,581,0.049,4084,0.0361,11085,0.0691,5791,0.0,18871,0.0,3493,0.0,378,0.0,44
RandomForest,o6,42,combined_mimic_L4,combined_mimic,4,True,45001,71,0.1578,76.0028,23.8395,1.4837,674,1.7212,581,0.2449,4084,0.1804,11085,0.3454,5791,0.0,18871,0.0,3493,0.2646,378,0.0,44
RandomForest,o6,42,ttl_both_L1,ttl_both,1,False,45001,395,0.8778,75.965,23.1573,3.1157,674,0.5164,581,1.1263,4084,1.5968,11085,1.6059,5791,0.1749,18871,0.5439,3493,0.7937,378,0.0,44
RandomForest,o6,43,identity_L0,identity,0,True,45001,0,0.0,75.1494,24.8506,0.0,674,0.0,581,0.0,4084,0.0,11085,0.0,5791,0.0,18871,0.0,3493,0.0,378,0.0,44
RandomForest,o6,43,ttl_hold_L1,ttl_hold,1,True,45001,0,0.0,75.3672,24.6328,0.0,674,0.0,581,0.0,4084,0.0,11085,0.0,5791,0.0,18871,0.0,3493,0.0,378,0.0,44
RandomForest,o6,43,ttl_hold_L2,ttl_hold,2,True,45001,0,0.0,75.1961,24.8039,0.0,674,0.0,581,0.0,4084,0.0,11085,0.0,5791,0.0,18871,0.0,3493,0.0,378,0.0,44
RandomForest,o6,43,ttl_hold_L3,ttl_hold,3,True,45001,0,0.0,75.6517,24.3483,0.0,674,0.0,581,0.0,4084,0.0,11085,0.0,5791,0.0,18871,0.0,3493,0.0,378,0.0,44
RandomForest,o6,43,ttl_mimic_L1,ttl_mimic,1,True,45001,1,0.0022,75.9761,24.0217,0.0,674,0.0,581,0.0,4084,0.0,11085,0.0173,5791,0.0,18871,0.0,3493,0.0,378,0.0,44
RandomForest,o6,43,ttl_mimic_L2,ttl_mimic,2,True,45001,0,0.0,75.1894,24.8106,0.0,674,0.0,581,0.0,4084,0.0,11085,0.0,5791,0.0,18871,0.0,3493,0.0,378,0.0,44
RandomForest,o6,43,ttl_mimic_L3,ttl_mimic,3,True,45001,3,0.0067,76.5494,23.4439,0.0,674,0.0,581,0.0,4084,0.018,11085,0.0173,5791,0.0,18871,0.0,3493,0.0,378,0.0,44
RandomForest,o6,43,padding_L1,padding,1,True,45001,6,0.0133,75.2294,24.7572,0.0,674,0.0,581,0.049,4084,0.0271,11085,0.0173,5791,0.0,18871,0.0,3493,0.0,378,0.0,44
RandomForest,o6,43,padding_L2,padding,2,True,45001,2,0.0044,74.9806,25.015,0.0,674,0.0,581,0.0,4084,0.0,11085,0.0345,5791,0.0,18871,0.0,3493,0.0,378,0.0,44
RandomForest,o6,43,padding_L3,padding,3,True,45001,1,0.0022,75.0517,24.9461,0.0,674,0.0,581,0.0,4084,0.0,11085,0.0173,5791,0.0,18871,0.0,3493,0.0,378,0.0,44
RandomForest,o6,43,padding_L4,padding,4,True,45001,7,0.0156,74.2317,25.7528,0.0,674,0.0,581,0.0,4084,0.0,11085,0.1209,5791,0.0,18871,0.0,3493,0.0,378,0.0,44
RandomForest,o6,43,timing_L1,timing,1,True,45001,16,0.0356,75.8228,24.1417,0.0,674,0.0,581,0.0,4084,0.0,11085,0.2763,5791,0.0,18871,0.0,3493,0.0,378,0.0,44
RandomForest,o6,43,timing_L2,timing,2,True,45001,8,0.0178,76.1539,23.8284,0.0,674,0.0,581,0.0,4084,0.009,11085,0.1209,5791,0.0,18871,0.0,3493,0.0,378,0.0,44
RandomForest,o6,43,timing_L3,timing,3,True,45001,0,0.0,76.6161,23.3839,0.0,674,0.0,581,0.0,4084,0.0,11085,0.0,5791,0.0,18871,0.0,3493,0.0,378,0.0,44
RandomForest,o6,43,timing_L4,timing,4,True,45001,14,0.0311,76.5139,23.455,0.2967,674,0.3442,581,0.049,4084,0.0361,11085,0.0691,5791,0.0,18871,0.0,3493,0.0,378,0.0,44
RandomForest,o6,43,connection_rate_L1,connection_rate,1,True,45001,8,0.0178,76.0916,23.8906,0.0,674,0.0,581,0.0,4084,0.0,11085,0.1381,5791,0.0,18871,0.0,3493,0.0,378,0.0,44
RandomForest,o6,43,connection_rate_L2,connection_rate,2,True,45001,5,0.0111,76.2805,23.7084,0.0,674,0.0,581,0.0245,4084,0.0,11085,0.0691,5791,0.0,18871,0.0,3493,0.0,378,0.0,44
RandomForest,o6,43,connection_rate_L3,connection_rate,3,True,45001,1,0.0022,76.1516,23.8461,0.0,674,0.0,581,0.0245,4084,0.0,11085,0.0,5791,0.0,18871,0.0,3493,0.0,378,0.0,44
RandomForest,o6,43,connection_rate_L4,connection_rate,4,True,45001,1,0.0022,75.8339,24.1639,0.0,674,0.0,581,0.0245,4084,0.0,11085,0.0,5791,0.0,18871,0.0,3493,0.0,378,0.0,44
RandomForest,o6,43,combined_hold_L1,combined_hold,1,True,45001,5,0.0111,75.7472,24.2417,0.0,674,0.0,581,0.0735,4084,0.018,11085,0.0,5791,0.0,18871,0.0,3493,0.0,378,0.0,44
RandomForest,o6,43,combined_hold_L2,combined_hold,2,True,45001,0,0.0,75.6628,24.3372,0.0,674,0.0,581,0.0,4084,0.0,11085,0.0,5791,0.0,18871,0.0,3493,0.0,378,0.0,44
RandomForest,o6,43,combined_hold_L3,combined_hold,3,True,45001,1,0.0022,75.7739,24.2239,0.0,674,0.0,581,0.0,4084,0.0,11085,0.0,5791,0.0,18871,0.0,3493,0.2646,378,0.0,44
RandomForest,o6,43,combined_hold_L4,combined_hold,4,True,45001,50,0.1111,76.0361,23.8528,1.0386,674,1.2048,581,0.1714,4084,0.1263,11085,0.2418,5791,0.0,18871,0.0,3493,0.2646,378,0.0,44
RandomForest,o6,43,combined_mimic_L1,combined_mimic,1,True,45001,0,0.0,76.2472,23.7528,0.0,674,0.0,581,0.0,4084,0.0,11085,0.0,5791,0.0,18871,0.0,3493,0.0,378,0.0,44
RandomForest,o6,43,combined_mimic_L2,combined_mimic,2,True,45001,0,0.0,75.6539,24.3461,0.0,674,0.0,581,0.0,4084,0.0,11085,0.0,5791,0.0,18871,0.0,3493,0.0,378,0.0,44
RandomForest,o6,43,combined_mimic_L3,combined_mimic,3,True,45001,0,0.0,75.8739,24.1261,0.0,674,0.0,581,0.0,4084,0.0,11085,0.0,5791,0.0,18871,0.0,3493,0.0,378,0.0,44
RandomForest,o6,43,combined_mimic_L4,combined_mimic,4,True,45001,70,0.1556,75.665,24.1795,1.4837,674,1.7212,581,0.2449,4084,0.1804,11085,0.3454,5791,0.0,18871,0.0,3493,0.0,378,0.0,44
RandomForest,o6,43,ttl_both_L1,ttl_both,1,False,45001,284,0.6311,76.085,23.2839,2.819,674,0.1721,581,0.8815,4084,1.2179,11085,0.9325,5791,0.1272,18871,0.4294,3493,0.0,378,0.0,44
RandomForest,o6,44,identity_L0,identity,0,True,45001,0,0.0,75.2028,24.7972,0.0,674,0.0,581,0.0,4084,0.0,11085,0.0,5791,0.0,18871,0.0,3493,0.0,378,0.0,44
RandomForest,o6,44,ttl_hold_L1,ttl_hold,1,True,45001,0,0.0,75.3139,24.6861,0.0,674,0.0,581,0.0,4084,0.0,11085,0.0,5791,0.0,18871,0.0,3493,0.0,378,0.0,44
RandomForest,o6,44,ttl_hold_L2,ttl_hold,2,True,45001,0,0.0,75.2206,24.7794,0.0,674,0.0,581,0.0,4084,0.0,11085,0.0,5791,0.0,18871,0.0,3493,0.0,378,0.0,44
RandomForest,o6,44,ttl_hold_L3,ttl_hold,3,True,45001,0,0.0,75.5872,24.4128,0.0,674,0.0,581,0.0,4084,0.0,11085,0.0,5791,0.0,18871,0.0,3493,0.0,378,0.0,44
RandomForest,o6,44,ttl_mimic_L1,ttl_mimic,1,True,45001,0,0.0,76.0139,23.9861,0.0,674,0.0,581,0.0,4084,0.0,11085,0.0,5791,0.0,18871,0.0,3493,0.0,378,0.0,44
RandomForest,o6,44,ttl_mimic_L2,ttl_mimic,2,True,45001,0,0.0,75.2161,24.7839,0.0,674,0.0,581,0.0,4084,0.0,11085,0.0,5791,0.0,18871,0.0,3493,0.0,378,0.0,44
RandomForest,o6,44,ttl_mimic_L3,ttl_mimic,3,True,45001,5,0.0111,76.405,23.5839,0.0,674,0.0,581,0.0,4084,0.0361,11085,0.0173,5791,0.0,18871,0.0,3493,0.0,378,0.0,44
RandomForest,o6,44,padding_L1,padding,1,True,45001,7,0.0156,75.2739,24.7106,0.0,674,0.0,581,0.0735,4084,0.0361,11085,0.0,5791,0.0,18871,0.0,3493,0.0,378,0.0,44
RandomForest,o6,44,padding_L2,padding,2,True,45001,2,0.0044,74.7828,25.2128,0.0,674,0.0,581,0.0,4084,0.0,11085,0.0345,5791,0.0,18871,0.0,3493,0.0,378,0.0,44
RandomForest,o6,44,padding_L3,padding,3,True,45001,5,0.0111,75.0339,24.955,0.0,674,0.0,581,0.0,4084,0.0,11085,0.0863,5791,0.0,18871,0.0,3493,0.0,378,0.0,44
RandomForest,o6,44,padding_L4,padding,4,True,45001,9,0.02,74.2072,25.7728,0.0,674,0.0,581,0.0,4084,0.0,11085,0.1381,5791,0.0,18871,0.0,3493,0.2646,378,0.0,44
RandomForest,o6,44,timing_L1,timing,1,True,45001,15,0.0333,75.8472,24.1195,0.0,674,0.0,581,0.0,4084,0.0,11085,0.2245,5791,0.0053,18871,0.0,3493,0.2646,378,0.0,44
RandomForest,o6,44,timing_L2,timing,2,True,45001,9,0.02,76.1672,23.8128,0.0,674,0.0,581,0.0,4084,0.0,11085,0.1381,5791,0.0053,18871,0.0,3493,0.0,378,0.0,44
RandomForest,o6,44,timing_L3,timing,3,True,45001,1,0.0022,76.5716,23.4261,0.0,674,0.0,581,0.0,4084,0.0,11085,0.0,5791,0.0,18871,0.0,3493,0.2646,378,0.0,44
RandomForest,o6,44,timing_L4,timing,4,True,45001,71,0.1578,76.2361,23.6061,1.4837,674,1.7212,581,0.2449,4084,0.1804,11085,0.3454,5791,0.0,18871,0.0,3493,0.2646,378,0.0,44
RandomForest,o6,44,connection_rate_L1,connection_rate,1,True,45001,6,0.0133,75.8672,24.1195,0.0,674,0.0,581,0.0735,4084,0.0,11085,0.0518,5791,0.0,18871,0.0,3493,0.0,378,0.0,44
RandomForest,o6,44,connection_rate_L2,connection_rate,2,True,45001,6,0.0133,76.2561,23.7306,0.0,674,0.0,581,0.0735,4084,0.0,11085,0.0518,5791,0.0,18871,0.0,3493,0.0,378,0.0,44
RandomForest,o6,44,connection_rate_L3,connection_rate,3,True,45001,3,0.0067,75.9272,24.0661,0.0,674,0.0,581,0.0735,4084,0.0,11085,0.0,5791,0.0,18871,0.0,3493,0.0,378,0.0,44
RandomForest,o6,44,connection_rate_L4,connection_rate,4,True,45001,3,0.0067,75.8205,24.1728,0.0,674,0.0,581,0.0735,4084,0.0,11085,0.0,5791,0.0,18871,0.0,3493,0.0,378,0.0,44
RandomForest,o6,44,combined_hold_L1,combined_hold,1,True,45001,5,0.0111,75.8005,24.1884,0.0,674,0.0,581,0.049,4084,0.0271,11085,0.0,5791,0.0,18871,0.0,3493,0.0,378,0.0,44
RandomForest,o6,44,combined_hold_L2,combined_hold,2,True,45001,1,0.0022,75.6583,24.3395,0.0,674,0.0,581,0.0,4084,0.0,11085,0.0,5791,0.0,18871,0.0,3493,0.2646,378,0.0,44
RandomForest,o6,44,combined_hold_L3,combined_hold,3,True,45001,1,0.0022,75.9605,24.0372,0.0,674,0.0,581,0.0,4084,0.0,11085,0.0,5791,0.0,18871,0.0,3493,0.2646,378,0.0,44
RandomForest,o6,44,combined_hold_L4,combined_hold,4,True,45001,85,0.1889,76.1561,23.655,1.7804,674,2.0654,581,0.2938,4084,0.2165,11085,0.4144,5791,0.0,18871,0.0,3493,0.2646,378,0.0,44
RandomForest,o6,44,combined_mimic_L1,combined_mimic,1,True,45001,0,0.0,76.2339,23.7661,0.0,674,0.0,581,0.0,4084,0.0,11085,0.0,5791,0.0,18871,0.0,3493,0.0,378,0.0,44
RandomForest,o6,44,combined_mimic_L2,combined_mimic,2,True,45001,1,0.0022,75.6894,24.3083,0.0,674,0.0,581,0.0,4084,0.0,11085,0.0,5791,0.0,18871,0.0,3493,0.2646,378,0.0,44
RandomForest,o6,44,combined_mimic_L3,combined_mimic,3,True,45001,1,0.0022,76.0739,23.9239,0.0,674,0.0,581,0.0,4084,0.0,11085,0.0,5791,0.0,18871,0.0,3493,0.2646,378,0.0,44
RandomForest,o6,44,combined_mimic_L4,combined_mimic,4,True,45001,99,0.22,75.8005,23.9795,2.0772,674,2.4096,581,0.3428,4084,0.2526,11085,0.4835,5791,0.0,18871,0.0,3493,0.2646,378,0.0,44
RandomForest,o6,44,ttl_both_L1,ttl_both,1,False,45001,250,0.5555,76.145,23.2995,2.5223,674,0.0,581,0.7101,4084,1.1006,11085,0.708,5791,0.1378,18871,0.4294,3493,0.0,378,0.0,44
XGBoost,o6,42,identity_L0,identity,0,True,43637,0,0.0,79.0224,20.9776,0.0,628,0.0,573,0.0,4031,0.0,10982,0.0,4677,0.0,18853,0.0,3482,0.0,367,0.0,44
XGBoost,o6,42,ttl_hold_L1,ttl_hold,1,True,43637,0,0.0,78.5893,21.4107,0.0,628,0.0,573,0.0,4031,0.0,10982,0.0,4677,0.0,18853,0.0,3482,0.0,367,0.0,44
XGBoost,o6,42,ttl_hold_L2,ttl_hold,2,True,43637,0,0.0,78.3784,21.6216,0.0,628,0.0,573,0.0,4031,0.0,10982,0.0,4677,0.0,18853,0.0,3482,0.0,367,0.0,44
XGBoost,o6,42,ttl_hold_L3,ttl_hold,3,True,43637,0,0.0,78.4082,21.5918,0.0,628,0.0,573,0.0,4031,0.0,10982,0.0,4677,0.0,18853,0.0,3482,0.0,367,0.0,44
XGBoost,o6,42,ttl_mimic_L1,ttl_mimic,1,True,43637,0,0.0,78.7611,21.2389,0.0,628,0.0,573,0.0,4031,0.0,10982,0.0,4677,0.0,18853,0.0,3482,0.0,367,0.0,44
XGBoost,o6,42,ttl_mimic_L2,ttl_mimic,2,True,43637,0,0.0,78.3784,21.6216,0.0,628,0.0,573,0.0,4031,0.0,10982,0.0,4677,0.0,18853,0.0,3482,0.0,367,0.0,44
XGBoost,o6,42,ttl_mimic_L3,ttl_mimic,3,True,43637,0,0.0,78.6053,21.3947,0.0,628,0.0,573,0.0,4031,0.0,10982,0.0,4677,0.0,18853,0.0,3482,0.0,367,0.0,44
XGBoost,o6,42,padding_L1,padding,1,True,43637,229,0.5248,77.6841,21.7911,0.0,628,0.1745,573,0.3225,4031,0.1002,10982,1.6464,4677,0.5357,18853,0.6031,3482,1.0899,367,2.2727,44
XGBoost,o6,42,padding_L2,padding,2,True,43637,67,0.1535,77.6749,22.1716,0.0,628,0.349,573,0.0,4031,0.0364,10982,1.2615,4677,0.0,18853,0.0,3482,0.545,367,0.0,44
XGBoost,o6,42,padding_L3,padding,3,True,43637,54,0.1237,77.4045,22.4718,0.0,628,0.0,573,0.0496,4031,0.0364,10982,0.9835,4677,0.0,18853,0.0,3482,0.545,367,0.0,44
XGBoost,o6,42,padding_L4,padding,4,True,43637,46,0.1054,77.0012,22.8934,0.0,628,0.0,573,0.0744,4031,0.0637,10982,0.727,4677,0.0,18853,0.0,3482,0.545,367,0.0,44
XGBoost,o6,42,timing_L1,timing,1,True,43637,60,0.1375,78.9834,20.8791,0.6369,628,0.1745,573,0.0744,4031,0.0728,10982,0.8552,4677,0.0053,18853,0.0,3482,0.8174,367,0.0,44
XGBoost,o6,42,timing_L2,timing,2,True,43637,61,0.1398,78.988,20.8722,0.6369,628,0.0,573,0.124,4031,0.1093,10982,0.7697,4677,0.0159,18853,0.0,3482,0.2725,367,0.0,44
XGBoost,o6,42,timing_L3,timing,3,True,43637,9,0.0206,78.933,21.0464,0.0,628,0.0,573,0.0496,4031,0.0455,10982,0.0214,4677,0.0,18853,0.0,3482,0.2725,367,0.0,44
XGBoost,o6,42,timing_L4,timing,4,True,43637,2,0.0046,78.8459,21.1495,0.0,628,0.0,573,0.0496,4031,0.0,10982,0.0,4677,0.0,18853,0.0,3482,0.0,367,0.0,44
XGBoost,o6,42,connection_rate_L1,connection_rate,1,True,43637,84,0.1925,79.7465,20.061,0.3185,628,0.0,573,0.0744,4031,0.0637,10982,1.4967,4677,0.0053,18853,0.0287,3482,0.0,367,0.0,44
XGBoost,o6,42,connection_rate_L2,connection_rate,2,True,43637,66,0.1512,80.2072,19.6416,0.0,628,0.0,573,0.0744,4031,0.0637,10982,1.176,4677,0.0,18853,0.0287,3482,0.0,367,0.0,44
XGBoost,o6,42,connection_rate_L3,connection_rate,3,True,43637,38,0.0871,80.3515,19.5614,0.0,628,0.0,573,0.0744,4031,0.0637,10982,0.5773,4677,0.0,18853,0.0287,3482,0.0,367,0.0,44
XGBoost,o6,42,connection_rate_L4,connection_rate,4,True,43637,13,0.0298,80.2049,19.7653,0.0,628,0.0,573,0.0744,4031,0.0637,10982,0.0428,4677,0.0,18853,0.0287,3482,0.0,367,0.0,44
XGBoost,o6,42,combined_hold_L1,combined_hold,1,True,43637,12,0.0275,77.6153,22.3572,0.0,628,0.0,573,0.1488,4031,0.0546,10982,0.0,4677,0.0,18853,0.0,3482,0.0,367,0.0,44
XGBoost,o6,42,combined_hold_L2,combined_hold,2,True,43637,0,0.0,77.4985,22.5015,0.0,628,0.0,573,0.0,4031,0.0,10982,0.0,4677,0.0,18853,0.0,3482,0.0,367,0.0,44
XGBoost,o6,42,combined_hold_L3,combined_hold,3,True,43637,0,0.0,77.5649,22.4351,0.0,628,0.0,573,0.0,4031,0.0,10982,0.0,4677,0.0,18853,0.0,3482,0.0,367,0.0,44
XGBoost,o6,42,combined_hold_L4,combined_hold,4,True,43637,0,0.0,76.9966,23.0034,0.0,628,0.0,573,0.0,4031,0.0,10982,0.0,4677,0.0,18853,0.0,3482,0.0,367,0.0,44
XGBoost,o6,42,combined_mimic_L1,combined_mimic,1,True,43637,1,0.0023,77.833,22.1647,0.0,628,0.0,573,0.0,4031,0.0091,10982,0.0,4677,0.0,18853,0.0,3482,0.0,367,0.0,44
XGBoost,o6,42,combined_mimic_L2,combined_mimic,2,True,43637,0,0.0,77.5557,22.4443,0.0,628,0.0,573,0.0,4031,0.0,10982,0.0,4677,0.0,18853,0.0,3482,0.0,367,0.0,44
XGBoost,o6,42,combined_mimic_L3,combined_mimic,3,True,43637,0,0.0,77.7001,22.2999,0.0,628,0.0,573,0.0,4031,0.0,10982,0.0,4677,0.0,18853,0.0,3482,0.0,367,0.0,44
XGBoost,o6,42,combined_mimic_L4,combined_mimic,4,True,43637,0,0.0,77.118,22.882,0.0,628,0.0,573,0.0,4031,0.0,10982,0.0,4677,0.0,18853,0.0,3482,0.0,367,0.0,44
XGBoost,o6,42,ttl_both_L1,ttl_both,1,False,43637,13946,31.9591,52.7259,15.315,1.4331,628,9.2496,573,27.5862,4031,70.7977,10982,54.2014,4677,2.8324,18853,49.0523,3482,49.5913,367,86.3636,44
XGBoost,o6,43,identity_L0,identity,0,True,43637,0,0.0,78.9422,21.0578,0.0,628,0.0,573,0.0,4031,0.0,10982,0.0,4677,0.0,18853,0.0,3482,0.0,367,0.0,44
XGBoost,o6,43,ttl_hold_L1,ttl_hold,1,True,43637,0,0.0,78.6007,21.3993,0.0,628,0.0,573,0.0,4031,0.0,10982,0.0,4677,0.0,18853,0.0,3482,0.0,367,0.0,44
XGBoost,o6,43,ttl_hold_L2,ttl_hold,2,True,43637,0,0.0,78.4059,21.5941,0.0,628,0.0,573,0.0,4031,0.0,10982,0.0,4677,0.0,18853,0.0,3482,0.0,367,0.0,44
XGBoost,o6,43,ttl_hold_L3,ttl_hold,3,True,43637,0,0.0,78.3624,21.6376,0.0,628,0.0,573,0.0,4031,0.0,10982,0.0,4677,0.0,18853,0.0,3482,0.0,367,0.0,44
XGBoost,o6,43,ttl_mimic_L1,ttl_mimic,1,True,43637,0,0.0,78.8139,21.1861,0.0,628,0.0,573,0.0,4031,0.0,10982,0.0,4677,0.0,18853,0.0,3482,0.0,367,0.0,44
XGBoost,o6,43,ttl_mimic_L2,ttl_mimic,2,True,43637,0,0.0,78.3784,21.6216,0.0,628,0.0,573,0.0,4031,0.0,10982,0.0,4677,0.0,18853,0.0,3482,0.0,367,0.0,44
XGBoost,o6,43,ttl_mimic_L3,ttl_mimic,3,True,43637,0,0.0,78.6489,21.3511,0.0,628,0.0,573,0.0,4031,0.0,10982,0.0,4677,0.0,18853,0.0,3482,0.0,367,0.0,44
XGBoost,o6,43,padding_L1,padding,1,True,43637,211,0.4835,77.6818,21.8347,0.0,628,0.1745,573,0.4962,4031,0.1366,10982,1.2829,4677,0.5092,18853,0.4595,3482,0.545,367,2.2727,44
XGBoost,o6,43,padding_L2,padding,2,True,43637,61,0.1398,77.6657,22.1945,0.0,628,0.0,573,0.0496,4031,0.0637,10982,1.1118,4677,0.0,18853,0.0,3482,0.0,367,0.0,44
XGBoost,o6,43,padding_L3,padding,3,True,43637,62,0.1421,77.3403,22.5176,0.0,628,0.0,573,0.2233,4031,0.0637,10982,0.898,4677,0.0,18853,0.0574,3482,0.545,367,0.0,44
XGBoost,o6,43,padding_L4,padding,4,True,43637,52,0.1192,76.9508,22.9301,0.0,628,0.0,573,0.1488,4031,0.0637,10982,0.7697,4677,0.0,18853,0.0,3482,0.8174,367,0.0,44
XGBoost,o6,43,timing_L1,timing,1,True,43637,47,0.1077,78.9559,20.9364,0.0,628,0.0,573,0.0744,4031,0.0728,10982,0.7056,4677,0.0053,18853,0.0,3482,0.545,367,0.0,44
XGBoost,o6,43,timing_L2,timing,2,True,43637,42,0.0962,78.9949,20.9089,0.1592,628,0.0,573,0.0496,4031,0.1184,10982,0.4704,4677,0.0053,18853,0.0,3482,0.8174,367,0.0,44
XGBoost,o6,43,timing_L3,timing,3,True,43637,11,0.0252,78.8184,21.1564,0.0,628,0.0,573,0.0,4031,0.0637,10982,0.0641,4677,0.0,18853,0.0,3482,0.2725,367,0.0,44
XGBoost,o6,43,timing_L4,timing,4,True,43637,2,0.0046,78.7084,21.287,0.0,628,0.0,573,0.0248,4031,0.0,10982,0.0,4677,0.0,18853,0.0287,3482,0.0,367,0.0,44
XGBoost,o6,43,connection_rate_L1,connection_rate,1,True,43637,84,0.1925,79.6503,20.1572,0.0,628,0.0,573,0.0744,4031,0.0546,10982,1.5822,4677,0.0,18853,0.0287,3482,0.0,367,0.0,44
XGBoost,o6,43,connection_rate_L2,connection_rate,2,True,43637,72,0.165,80.1842,19.6508,0.0,628,0.0,573,0.0744,4031,0.0546,10982,1.3256,4677,0.0,18853,0.0287,3482,0.0,367,0.0,44
XGBoost,o6,43,connection_rate_L3,connection_rate,3,True,43637,16,0.0367,80.4203,19.543,0.0,628,0.0,573,0.0744,4031,0.0546,10982,0.1283,4677,0.0,18853,0.0287,3482,0.0,367,0.0,44
XGBoost,o6,43,connection_rate_L4,connection_rate,4,True,43637,13,0.0298,80.2003,19.7699,0.0,628,0.0,573,0.0744,4031,0.0546,10982,0.0641,4677,0.0,18853,0.0287,3482,0.0,367,0.0,44
XGBoost,o6,43,combined_hold_L1,combined_hold,1,True,43637,19,0.0435,77.5855,22.3709,0.0,628,0.0,573,0.2481,4031,0.082,10982,0.0,4677,0.0,18853,0.0,3482,0.0,367,0.0,44
XGBoost,o6,43,combined_hold_L2,combined_hold,2,True,43637,0,0.0,77.4503,22.5497,0.0,628,0.0,573,0.0,4031,0.0,10982,0.0,4677,0.0,18853,0.0,3482,0.0,367,0.0,44
XGBoost,o6,43,combined_hold_L3,combined_hold,3,True,43637,0,0.0,77.6222,22.3778,0.0,628,0.0,573,0.0,4031,0.0,10982,0.0,4677,0.0,18853,0.0,3482,0.0,367,0.0,44
XGBoost,o6,43,combined_hold_L4,combined_hold,4,True,43637,0,0.0,77.1432,22.8568,0.0,628,0.0,573,0.0,4031,0.0,10982,0.0,4677,0.0,18853,0.0,3482,0.0,367,0.0,44
XGBoost,o6,43,combined_mimic_L1,combined_mimic,1,True,43637,17,0.039,77.7299,22.2311,0.0,628,0.0,573,0.0,4031,0.0,10982,0.0,4677,0.0902,18853,0.0,3482,0.0,367,0.0,44
XGBoost,o6,43,combined_mimic_L2,combined_mimic,2,True,43637,0,0.0,77.4916,22.5084,0.0,628,0.0,573,0.0,4031,0.0,10982,0.0,4677,0.0,18853,0.0,3482,0.0,367,0.0,44
XGBoost,o6,43,combined_mimic_L3,combined_mimic,3,True,43637,0,0.0,77.7849,22.2151,0.0,628,0.0,573,0.0,4031,0.0,10982,0.0,4677,0.0,18853,0.0,3482,0.0,367,0.0,44
XGBoost,o6,43,combined_mimic_L4,combined_mimic,4,True,43637,0,0.0,77.1799,22.8201,0.0,628,0.0,573,0.0,4031,0.0,10982,0.0,4677,0.0,18853,0.0,3482,0.0,367,0.0,44
XGBoost,o6,43,ttl_both_L1,ttl_both,1,False,43637,14076,32.257,52.4394,15.3035,1.4331,628,9.2496,573,27.5862,4031,70.7977,10982,54.2014,4677,2.8377,18853,52.757,3482,49.5913,367,86.3636,44
XGBoost,o6,44,identity_L0,identity,0,True,43637,0,0.0,78.9422,21.0578,0.0,628,0.0,573,0.0,4031,0.0,10982,0.0,4677,0.0,18853,0.0,3482,0.0,367,0.0,44
XGBoost,o6,44,ttl_hold_L1,ttl_hold,1,True,43637,0,0.0,78.5572,21.4428,0.0,628,0.0,573,0.0,4031,0.0,10982,0.0,4677,0.0,18853,0.0,3482,0.0,367,0.0,44
XGBoost,o6,44,ttl_hold_L2,ttl_hold,2,True,43637,0,0.0,78.4357,21.5643,0.0,628,0.0,573,0.0,4031,0.0,10982,0.0,4677,0.0,18853,0.0,3482,0.0,367,0.0,44
XGBoost,o6,44,ttl_hold_L3,ttl_hold,3,True,43637,0,0.0,78.4518,21.5482,0.0,628,0.0,573,0.0,4031,0.0,10982,0.0,4677,0.0,18853,0.0,3482,0.0,367,0.0,44
XGBoost,o6,44,ttl_mimic_L1,ttl_mimic,1,True,43637,0,0.0,78.713,21.287,0.0,628,0.0,573,0.0,4031,0.0,10982,0.0,4677,0.0,18853,0.0,3482,0.0,367,0.0,44
XGBoost,o6,44,ttl_mimic_L2,ttl_mimic,2,True,43637,0,0.0,78.4357,21.5643,0.0,628,0.0,573,0.0,4031,0.0,10982,0.0,4677,0.0,18853,0.0,3482,0.0,367,0.0,44
XGBoost,o6,44,ttl_mimic_L3,ttl_mimic,3,True,43637,0,0.0,78.6076,21.3924,0.0,628,0.0,573,0.0,4031,0.0,10982,0.0,4677,0.0,18853,0.0,3482,0.0,367,0.0,44
XGBoost,o6,44,padding_L1,padding,1,True,43637,168,0.385,77.9109,21.7041,0.0,628,0.0,573,0.3969,4031,0.0911,10982,1.2615,4677,0.3183,18853,0.6031,3482,0.2725,367,2.2727,44
XGBoost,o6,44,padding_L2,padding,2,True,43637,58,0.1329,77.6199,22.2472,0.0,628,0.1745,573,0.0496,4031,0.0364,10982,1.0049,4677,0.0053,18853,0.0574,3482,0.2725,367,0.0,44
XGBoost,o6,44,padding_L3,padding,3,True,43637,58,0.1329,77.4091,22.458,0.0,628,0.0,573,0.1488,4031,0.0546,10982,0.7911,4677,0.0106,18853,0.1436,3482,0.545,367,0.0,44
XGBoost,o6,44,padding_L4,padding,4,True,43637,53,0.1215,77.0447,22.8338,0.0,628,0.0,573,0.124,4031,0.0637,10982,0.8125,4677,0.0053,18853,0.0,3482,0.545,367,0.0,44
XGBoost,o6,44,timing_L1,timing,1,True,43637,46,0.1054,78.9949,20.8997,0.0,628,0.0,573,0.0744,4031,0.0728,10982,0.7056,4677,0.0053,18853,0.0,3482,0.2725,367,0.0,44
XGBoost,o6,44,timing_L2,timing,2,True,43637,44,0.1008,79.0109,20.8882,0.4777,628,0.0,573,0.0744,4031,0.1093,10982,0.4704,4677,0.0159,18853,0.0,3482,0.2725,367,0.0,44
XGBoost,o6,44,timing_L3,timing,3,True,43637,10,0.0229,78.9055,21.0716,0.0,628,0.0,573,0.0744,4031,0.0364,10982,0.0428,4677,0.0,18853,0.0287,3482,0.0,367,0.0,44
XGBoost,o6,44,timing_L4,timing,4,True,43637,3,0.0069,78.823,21.1701,0.0,628,0.0,573,0.0744,4031,0.0,10982,0.0,4677,0.0,18853,0.0,3482,0.0,367,0.0,44
XGBoost,o6,44,connection_rate_L1,connection_rate,1,True,43637,70,0.1604,79.6847,20.1549,0.1592,628,0.0,573,0.0496,4031,0.0273,10982,1.347,4677,0.0,18853,0.0287,3482,0.0,367,0.0,44
XGBoost,o6,44,connection_rate_L2,connection_rate,2,True,43637,71,0.1627,80.1567,19.6805,0.0,628,0.0,573,0.0496,4031,0.0273,10982,1.3898,4677,0.0,18853,0.0287,3482,0.0,367,0.0,44
XGBoost,o6,44,connection_rate_L3,connection_rate,3,True,43637,11,0.0252,80.3492,19.6255,0.0,628,0.0,573,0.0,4031,0.0,10982,0.2352,4677,0.0,18853,0.0,3482,0.0,367,0.0,44
XGBoost,o6,44,connection_rate_L4,connection_rate,4,True,43637,4,0.0092,80.1774,19.8135,0.0,628,0.0,573,0.0,4031,0.0,10982,0.0855,4677,0.0,18853,0.0,3482,0.0,367,0.0,44
XGBoost,o6,44,combined_hold_L1,combined_hold,1,True,43637,15,0.0344,77.8147,22.1509,0.0,628,0.0,573,0.1985,4031,0.0637,10982,0.0,4677,0.0,18853,0.0,3482,0.0,367,0.0,44
XGBoost,o6,44,combined_hold_L2,combined_hold,2,True,43637,0,0.0,77.6932,22.3068,0.0,628,0.0,573,0.0,4031,0.0,10982,0.0,4677,0.0,18853,0.0,3482,0.0,367,0.0,44
XGBoost,o6,44,combined_hold_L3,combined_hold,3,True,43637,0,0.0,77.8147,22.1853,0.0,628,0.0,573,0.0,4031,0.0,10982,0.0,4677,0.0,18853,0.0,3482,0.0,367,0.0,44
XGBoost,o6,44,combined_hold_L4,combined_hold,4,True,43637,0,0.0,77.1685,22.8315,0.0,628,0.0,573,0.0,4031,0.0,10982,0.0,4677,0.0,18853,0.0,3482,0.0,367,0.0,44
XGBoost,o6,44,combined_mimic_L1,combined_mimic,1,True,43637,3,0.0069,77.9843,22.0088,0.0,628,0.0,573,0.0,4031,0.0273,10982,0.0,4677,0.0,18853,0.0,3482,0.0,367,0.0,44
XGBoost,o6,44,combined_mimic_L2,combined_mimic,2,True,43637,0,0.0,77.7047,22.2953,0.0,628,0.0,573,0.0,4031,0.0,10982,0.0,4677,0.0,18853,0.0,3482,0.0,367,0.0,44
XGBoost,o6,44,combined_mimic_L3,combined_mimic,3,True,43637,0,0.0,77.9499,22.0501,0.0,628,0.0,573,0.0,4031,0.0,10982,0.0,4677,0.0,18853,0.0,3482,0.0,367,0.0,44
XGBoost,o6,44,combined_mimic_L4,combined_mimic,4,True,43637,0,0.0,77.1387,22.8613,0.0,628,0.0,573,0.0,4031,0.0,10982,0.0,4677,0.0,18853,0.0,3482,0.0,367,0.0,44
XGBoost,o6,44,ttl_both_L1,ttl_both,1,False,43637,14004,32.092,52.6228,15.2852,1.4331,628,9.075,573,27.5862,4031,70.7977,10982,54.2014,4677,2.8377,18853,50.718,3482,49.5913,367,86.3636,44
Transformer,o6,42,identity_L0,identity,0,True,44982,0,0.0,71.642,28.358,0.0,659,0.0,582,0.0,4071,0.0,10966,0.0,5926,0.0,18864,0.0,3494,0.0,376,0.0,44
Transformer,o6,42,ttl_hold_L1,ttl_hold,1,True,44982,7,0.0156,71.5286,28.4558,0.0,659,0.0,582,0.0246,4071,0.0274,10966,0.0169,5926,0.0106,18864,0.0,3494,0.0,376,0.0,44
Transformer,o6,42,ttl_hold_L2,ttl_hold,2,True,44982,7,0.0156,71.5175,28.4669,0.0,659,0.0,582,0.0246,4071,0.0274,10966,0.0169,5926,0.0106,18864,0.0,3494,0.0,376,0.0,44
Transformer,o6,42,ttl_hold_L3,ttl_hold,3,True,44982,7,0.0156,71.5353,28.4492,0.0,659,0.0,582,0.0246,4071,0.0274,10966,0.0169,5926,0.0106,18864,0.0,3494,0.0,376,0.0,44
Transformer,o6,42,ttl_mimic_L1,ttl_mimic,1,True,44982,10,0.0222,70.9951,28.9827,0.0,659,0.0,582,0.0246,4071,0.0456,10966,0.0169,5926,0.0159,18864,0.0,3494,0.0,376,0.0,44
Transformer,o6,42,ttl_mimic_L2,ttl_mimic,2,True,44982,6,0.0133,71.5175,28.4692,0.0,659,0.0,582,0.0246,4071,0.0182,10966,0.0169,5926,0.0106,18864,0.0,3494,0.0,376,0.0,44
Transformer,o6,42,ttl_mimic_L3,ttl_mimic,3,True,44982,10,0.0222,70.9528,29.0249,0.0,659,0.0,582,0.0246,4071,0.0456,10966,0.0169,5926,0.0159,18864,0.0,3494,0.0,376,0.0,44
Transformer,o6,42,padding_L1,padding,1,True,44982,3,0.0067,67.0646,32.9287,0.0,659,0.0,582,0.0246,4071,0.0,10966,0.0337,5926,0.0,18864,0.0,3494,0.0,376,0.0,44
Transformer,o6,42,padding_L2,padding,2,True,44982,3,0.0067,65.355,34.6383,0.0,659,0.1718,582,0.0,4071,0.0,10966,0.0337,5926,0.0,18864,0.0,3494,0.0,376,0.0,44
Transformer,o6,42,padding_L3,padding,3,True,44982,2,0.0044,63.0163,36.9792,0.0,659,0.0,582,0.0,4071,0.0,10966,0.0337,5926,0.0,18864,0.0,3494,0.0,376,0.0,44
Transformer,o6,42,padding_L4,padding,4,True,44982,3,0.0067,64.4035,35.5898,0.0,659,0.0,582,0.0,4071,0.0,10966,0.0506,5926,0.0,18864,0.0,3494,0.0,376,0.0,44
Transformer,o6,42,timing_L1,timing,1,True,44982,8,0.0178,71.473,28.5092,0.0,659,0.0,582,0.0246,4071,0.0638,10966,0.0,5926,0.0,18864,0.0,3494,0.0,376,0.0,44
Transformer,o6,42,timing_L2,timing,2,True,44982,9,0.02,71.4308,28.5492,0.0,659,0.0,582,0.0,4071,0.073,10966,0.0169,5926,0.0,18864,0.0,3494,0.0,376,0.0,44
Transformer,o6,42,timing_L3,timing,3,True,44982,12,0.0267,70.855,29.1183,0.0,659,0.0,582,0.0491,4071,0.0912,10966,0.0,5926,0.0,18864,0.0,3494,0.0,376,0.0,44
Transformer,o6,42,timing_L4,timing,4,True,44982,6,0.0133,70.7394,29.2473,0.0,659,0.0,582,0.0,4071,0.0547,10966,0.0,5926,0.0,18864,0.0,3494,0.0,376,0.0,44
Transformer,o6,42,connection_rate_L1,connection_rate,1,True,44982,1,0.0022,70.2859,29.7119,0.0,659,0.0,582,0.0,4071,0.0,10966,0.0169,5926,0.0,18864,0.0,3494,0.0,376,0.0,44
Transformer,o6,42,connection_rate_L2,connection_rate,2,True,44982,1,0.0022,70.2548,29.743,0.0,659,0.0,582,0.0,4071,0.0,10966,0.0169,5926,0.0,18864,0.0,3494,0.0,376,0.0,44
Transformer,o6,42,connection_rate_L3,connection_rate,3,True,44982,0,0.0,69.6323,30.3677,0.0,659,0.0,582,0.0,4071,0.0,10966,0.0,5926,0.0,18864,0.0,3494,0.0,376,0.0,44
Transformer,o6,42,connection_rate_L4,connection_rate,4,True,44982,0,0.0,69.2366,30.7634,0.0,659,0.0,582,0.0,4071,0.0,10966,0.0,5926,0.0,18864,0.0,3494,0.0,376,0.0,44
Transformer,o6,42,combined_hold_L1,combined_hold,1,True,44982,16,0.0356,69.6012,30.3633,0.0,659,0.0,582,0.0983,4071,0.0456,10966,0.0169,5926,0.0318,18864,0.0,3494,0.0,376,0.0,44
Transformer,o6,42,combined_hold_L2,combined_hold,2,True,44982,71,0.1578,66.6556,33.1866,0.0,659,0.0,582,0.0246,4071,0.0091,10966,0.0169,5926,0.3552,18864,0.0286,3494,0.0,376,0.0,44
Transformer,o6,42,combined_hold_L3,combined_hold,3,True,44982,62,0.1378,65.8152,34.047,0.0,659,0.0,582,0.0,4071,0.0091,10966,0.0169,5926,0.3128,18864,0.0286,3494,0.0,376,0.0,44
Transformer,o6,42,combined_hold_L4,combined_hold,4,True,44982,3,0.0067,69.6679,30.3255,0.0,659,0.0,582,0.0,4071,0.0182,10966,0.0169,5926,0.0,18864,0.0,3494,0.0,376,0.0,44
Transformer,o6,42,combined_mimic_L1,combined_mimic,1,True,44982,87,0.1934,68.2429,31.5637,0.0,659,0.0,582,0.1474,4071,0.0456,10966,0.0,5926,0.3976,18864,0.0286,3494,0.0,376,0.0,44
Transformer,o6,42,combined_mimic_L2,combined_mimic,2,True,44982,71,0.1578,66.6556,33.1866,0.0,659,0.0,582,0.0246,4071,0.0091,10966,0.0169,5926,0.3552,18864,0.0286,3494,0.0,376,0.0,44
Transformer,o6,42,combined_mimic_L3,combined_mimic,3,True,44982,115,0.2557,64.3635,35.3808,0.0,659,0.0,582,0.0491,4071,0.0365,10966,0.0,5926,0.5725,18864,0.0286,3494,0.0,376,0.0,44
Transformer,o6,42,combined_mimic_L4,combined_mimic,4,True,44982,5,0.0111,69.1877,30.8012,0.0,659,0.0,582,0.0,4071,0.0365,10966,0.0169,5926,0.0,18864,0.0,3494,0.0,376,0.0,44
Transformer,o6,42,ttl_both_L1,ttl_both,1,False,44982,7063,15.7018,59.0814,25.2168,5.1593,659,2.5773,582,13.2891,4071,38.8838,10966,26.1053,5926,1.8024,18864,8.5003,3494,4.7872,376,15.9091,44
Transformer,o6,43,identity_L0,identity,0,True,44982,0,0.0,71.9154,28.0846,0.0,659,0.0,582,0.0,4071,0.0,10966,0.0,5926,0.0,18864,0.0,3494,0.0,376,0.0,44
Transformer,o6,43,ttl_hold_L1,ttl_hold,1,True,44982,9,0.02,70.9973,28.9827,0.0,659,0.0,582,0.0737,4071,0.0365,10966,0.0169,5926,0.0,18864,0.0286,3494,0.0,376,0.0,44
Transformer,o6,43,ttl_hold_L2,ttl_hold,2,True,44982,9,0.02,70.9928,28.9872,0.0,659,0.0,582,0.0737,4071,0.0365,10966,0.0169,5926,0.0,18864,0.0286,3494,0.0,376,0.0,44
Transformer,o6,43,ttl_hold_L3,ttl_hold,3,True,44982,14,0.0311,70.9084,29.0605,0.0,659,0.0,582,0.0983,4071,0.073,10966,0.0169,5926,0.0,18864,0.0286,3494,0.0,376,0.0,44
Transformer,o6,43,ttl_mimic_L1,ttl_mimic,1,True,44982,22,0.0489,71.0707,28.8804,0.0,659,0.3436,582,0.1719,4071,0.0912,10966,0.0,5926,0.0106,18864,0.0286,3494,0.0,376,0.0,44
Transformer,o6,43,ttl_mimic_L2,ttl_mimic,2,True,44982,10,0.0222,70.9862,28.9916,0.0,659,0.0,582,0.0737,4071,0.0456,10966,0.0169,5926,0.0,18864,0.0286,3494,0.0,376,0.0,44
Transformer,o6,43,ttl_mimic_L3,ttl_mimic,3,True,44982,26,0.0578,70.9462,28.996,0.0,659,0.3436,582,0.1965,4071,0.1094,10966,0.0169,5926,0.0106,18864,0.0286,3494,0.0,376,0.0,44
Transformer,o6,43,padding_L1,padding,1,True,44982,3,0.0067,67.0112,32.9821,0.0,659,0.0,582,0.0246,4071,0.0091,10966,0.0169,5926,0.0,18864,0.0,3494,0.0,376,0.0,44
Transformer,o6,43,padding_L2,padding,2,True,44982,1,0.0022,65.8508,34.147,0.0,659,0.0,582,0.0,4071,0.0,10966,0.0169,5926,0.0,18864,0.0,3494,0.0,376,0.0,44
Transformer,o6,43,padding_L3,padding,3,True,44982,1,0.0022,65.1038,34.894,0.0,659,0.0,582,0.0,4071,0.0,10966,0.0169,5926,0.0,18864,0.0,3494,0.0,376,0.0,44
Transformer,o6,43,padding_L4,padding,4,True,44982,4,0.0089,65.4262,34.5649,0.0,659,0.0,582,0.0,4071,0.0182,10966,0.0337,5926,0.0,18864,0.0,3494,0.0,376,0.0,44
Transformer,o6,43,timing_L1,timing,1,True,44982,2,0.0044,71.7998,28.1957,0.0,659,0.0,582,0.0246,4071,0.0091,10966,0.0,5926,0.0,18864,0.0,3494,0.0,376,0.0,44
Transformer,o6,43,timing_L2,timing,2,True,44982,4,0.0089,71.6931,28.298,0.0,659,0.0,582,0.0246,4071,0.0274,10966,0.0,5926,0.0,18864,0.0,3494,0.0,376,0.0,44
Transformer,o6,43,timing_L3,timing,3,True,44982,5,0.0111,71.1485,28.8404,0.0,659,0.0,582,0.0246,4071,0.0365,10966,0.0,5926,0.0,18864,0.0,3494,0.0,376,0.0,44
Transformer,o6,43,timing_L4,timing,4,True,44982,3,0.0067,71.313,28.6804,0.0,659,0.0,582,0.0,4071,0.0274,10966,0.0,5926,0.0,18864,0.0,3494,0.0,376,0.0,44
Transformer,o6,43,connection_rate_L1,connection_rate,1,True,44982,0,0.0,71.493,28.507,0.0,659,0.0,582,0.0,4071,0.0,10966,0.0,5926,0.0,18864,0.0,3494,0.0,376,0.0,44
Transformer,o6,43,connection_rate_L2,connection_rate,2,True,44982,0,0.0,72.2422,27.7578,0.0,659,0.0,582,0.0,4071,0.0,10966,0.0,5926,0.0,18864,0.0,3494,0.0,376,0.0,44
Transformer,o6,43,connection_rate_L3,connection_rate,3,True,44982,0,0.0,72.5201,27.4799,0.0,659,0.0,582,0.0,4071,0.0,10966,0.0,5926,0.0,18864,0.0,3494,0.0,376,0.0,44
Transformer,o6,43,connection_rate_L4,connection_rate,4,True,44982,0,0.0,72.0555,27.9445,0.0,659,0.0,582,0.0,4071,0.0,10966,0.0,5926,0.0,18864,0.0,3494,0.0,376,0.0,44
Transformer,o6,43,combined_hold_L1,combined_hold,1,True,44982,9,0.02,68.8475,31.1325,0.0,659,0.0,582,0.0491,4071,0.0547,10966,0.0169,5926,0.0,18864,0.0,3494,0.0,376,0.0,44
Transformer,o6,43,combined_hold_L2,combined_hold,2,True,44982,6,0.0133,64.6414,35.3452,0.0,659,0.0,582,0.0246,4071,0.0365,10966,0.0169,5926,0.0,18864,0.0,3494,0.0,376,0.0,44
Transformer,o6,43,combined_hold_L3,combined_hold,3,True,44982,19,0.0422,68.4696,31.4882,0.0,659,0.0,582,0.0246,4071,0.155,10966,0.0169,5926,0.0,18864,0.0,3494,0.0,376,0.0,44
Transformer,o6,43,combined_hold_L4,combined_hold,4,True,44982,21,0.0467,69.1988,30.7545,0.0,659,0.1718,582,0.0491,4071,0.1459,10966,0.0169,5926,0.0,18864,0.0286,3494,0.0,376,0.0,44
Transformer,o6,43,combined_mimic_L1,combined_mimic,1,True,44982,6,0.0133,69.1988,30.7879,0.0,659,0.0,582,0.0246,4071,0.0456,10966,0.0,5926,0.0,18864,0.0,3494,0.0,376,0.0,44
Transformer,o6,43,combined_mimic_L2,combined_mimic,2,True,44982,7,0.0156,64.637,35.3475,0.0,659,0.0,582,0.0246,4071,0.0456,10966,0.0169,5926,0.0,18864,0.0,3494,0.0,376,0.0,44
Transformer,o6,43,combined_mimic_L3,combined_mimic,3,True,44982,46,0.1023,70.0036,29.8942,0.0,659,0.0,582,0.0491,4071,0.1277,10966,0.0,5926,0.159,18864,0.0,3494,0.0,376,0.0,44
Transformer,o6,43,combined_mimic_L4,combined_mimic,4,True,44982,85,0.189,70.397,29.414,0.0,659,0.0,582,0.0491,4071,0.155,10966,0.0337,5926,0.3287,18864,0.0572,3494,0.0,376,0.0,44
Transformer,o6,43,ttl_both_L1,ttl_both,1,False,44982,12170,27.0553,51.0671,21.8776,6.0698,659,6.1856,582,22.4024,4071,62.5205,10966,45.3426,5926,2.5233,18864,28.9926,3494,33.7766,376,52.2727,44
Transformer,o6,44,identity_L0,identity,0,True,44982,0,0.0,74.4987,25.5013,0.0,659,0.0,582,0.0,4071,0.0,10966,0.0,5926,0.0,18864,0.0,3494,0.0,376,0.0,44
Transformer,o6,44,ttl_hold_L1,ttl_hold,1,True,44982,13,0.0289,73.9918,25.9793,0.0,659,0.0,582,0.0491,4071,0.0912,10966,0.0169,5926,0.0,18864,0.0,3494,0.0,376,0.0,44
Transformer,o6,44,ttl_hold_L2,ttl_hold,2,True,44982,13,0.0289,73.9896,25.9815,0.0,659,0.0,582,0.0491,4071,0.0912,10966,0.0169,5926,0.0,18864,0.0,3494,0.0,376,0.0,44
Transformer,o6,44,ttl_hold_L3,ttl_hold,3,True,44982,14,0.0311,73.994,25.9748,0.0,659,0.0,582,0.0491,4071,0.0912,10966,0.0337,5926,0.0,18864,0.0,3494,0.0,376,0.0,44
Transformer,o6,44,ttl_mimic_L1,ttl_mimic,1,True,44982,35,0.0778,73.8273,26.0949,0.0,659,0.0,582,0.4422,4071,0.1003,10966,0.0337,5926,0.0106,18864,0.0572,3494,0.0,376,0.0,44
Transformer,o6,44,ttl_mimic_L2,ttl_mimic,2,True,44982,9,0.02,73.9851,25.9948,0.0,659,0.0,582,0.0246,4071,0.0638,10966,0.0169,5926,0.0,18864,0.0,3494,0.0,376,0.0,44
Transformer,o6,44,ttl_mimic_L3,ttl_mimic,3,True,44982,49,0.1089,73.8429,26.0482,0.0,659,0.3436,582,0.5895,4071,0.1368,10966,0.0337,5926,0.0212,18864,0.0572,3494,0.0,376,0.0,44
Transformer,o6,44,padding_L1,padding,1,True,44982,1,0.0022,70.1903,29.8075,0.0,659,0.0,582,0.0,4071,0.0,10966,0.0169,5926,0.0,18864,0.0,3494,0.0,376,0.0,44
Transformer,o6,44,padding_L2,padding,2,True,44982,3,0.0067,68.3985,31.5949,0.0,659,0.0,582,0.0,4071,0.0091,10966,0.0337,5926,0.0,18864,0.0,3494,0.0,376,0.0,44
Transformer,o6,44,padding_L3,padding,3,True,44982,5,0.0111,67.4536,32.5352,0.0,659,0.0,582,0.0,4071,0.0182,10966,0.0506,5926,0.0,18864,0.0,3494,0.0,376,0.0,44
Transformer,o6,44,padding_L4,padding,4,True,44982,5,0.0111,59.4882,40.5006,0.0,659,0.0,582,0.0,4071,0.0274,10966,0.0337,5926,0.0,18864,0.0,3494,0.0,376,0.0,44
Transformer,o6,44,timing_L1,timing,1,True,44982,0,0.0,74.6676,25.3324,0.0,659,0.0,582,0.0,4071,0.0,10966,0.0,5926,0.0,18864,0.0,3494,0.0,376,0.0,44
Transformer,o6,44,timing_L2,timing,2,True,44982,0,0.0,74.5654,25.4346,0.0,659,0.0,582,0.0,4071,0.0,10966,0.0,5926,0.0,18864,0.0,3494,0.0,376,0.0,44
Transformer,o6,44,timing_L3,timing,3,True,44982,0,0.0,74.2986,25.7014,0.0,659,0.0,582,0.0,4071,0.0,10966,0.0,5926,0.0,18864,0.0,3494,0.0,376,0.0,44
Transformer,o6,44,timing_L4,timing,4,True,44982,0,0.0,74.1074,25.8926,0.0,659,0.0,582,0.0,4071,0.0,10966,0.0,5926,0.0,18864,0.0,3494,0.0,376,0.0,44
Transformer,o6,44,connection_rate_L1,connection_rate,1,True,44982,0,0.0,73.396,26.604,0.0,659,0.0,582,0.0,4071,0.0,10966,0.0,5926,0.0,18864,0.0,3494,0.0,376,0.0,44
Transformer,o6,44,connection_rate_L2,connection_rate,2,True,44982,0,0.0,72.5134,27.4866,0.0,659,0.0,582,0.0,4071,0.0,10966,0.0,5926,0.0,18864,0.0,3494,0.0,376,0.0,44
Transformer,o6,44,connection_rate_L3,connection_rate,3,True,44982,0,0.0,71.4641,28.5359,0.0,659,0.0,582,0.0,4071,0.0,10966,0.0,5926,0.0,18864,0.0,3494,0.0,376,0.0,44
Transformer,o6,44,connection_rate_L4,connection_rate,4,True,44982,0,0.0,71.0506,28.9494,0.0,659,0.0,582,0.0,4071,0.0,10966,0.0,5926,0.0,18864,0.0,3494,0.0,376,0.0,44
Transformer,o6,44,combined_hold_L1,combined_hold,1,True,44982,15,0.0333,70.9773,28.9894,0.0,659,0.0,582,0.0491,4071,0.1094,10966,0.0169,5926,0.0,18864,0.0,3494,0.0,376,0.0,44
Transformer,o6,44,combined_hold_L2,combined_hold,2,True,44982,28,0.0622,69.1032,30.8346,0.0,659,0.0,582,0.0737,4071,0.2097,10966,0.0337,5926,0.0,18864,0.0,3494,0.0,376,0.0,44
Transformer,o6,44,combined_hold_L3,combined_hold,3,True,44982,28,0.0622,67.3892,32.5486,0.0,659,0.0,582,0.0983,4071,0.2189,10966,0.0,5926,0.0,18864,0.0,3494,0.0,376,0.0,44
Transformer,o6,44,combined_hold_L4,combined_hold,4,True,44982,29,0.0645,61.9759,37.9596,0.0,659,0.0,582,0.0737,4071,0.2097,10966,0.0337,5926,0.0,18864,0.0286,3494,0.0,376,0.0,44
Transformer,o6,44,combined_mimic_L1,combined_mimic,1,True,44982,34,0.0756,70.8861,29.0383,0.0,659,0.0,582,0.4176,4071,0.1003,10966,0.0337,5926,0.0106,18864,0.0572,3494,0.0,376,0.0,44
Transformer,o6,44,combined_mimic_L2,combined_mimic,2,True,44982,22,0.0489,69.1054,30.8457,0.0,659,0.0,582,0.0491,4071,0.1641,10966,0.0337,5926,0.0,18864,0.0,3494,0.0,376,0.0,44
Transformer,o6,44,combined_mimic_L3,combined_mimic,3,True,44982,50,0.1112,68.334,31.5548,0.0,659,0.0,582,0.4667,4071,0.228,10966,0.0337,5926,0.0106,18864,0.0572,3494,0.0,376,0.0,44
Transformer,o6,44,combined_mimic_L4,combined_mimic,4,True,44982,29,0.0645,64.0345,35.901,0.0,659,0.1718,582,0.0737,4071,0.228,10966,0.0,5926,0.0,18864,0.0,3494,0.0,376,0.0,44
Transformer,o6,44,ttl_both_L1,ttl_both,1,False,44982,7386,16.4199,59.8951,23.685,5.9181,659,2.4055,582,18.1282,4071,49.1154,10966,12.7573,5926,2.1894,18864,0.9445,3494,0.0,376,15.9091,44
RandomForest,o6_loo,42,identity_L0,identity,0,True,45001,0,0.0,75.165,24.835,0.0,674,0.0,581,0.0,4084,0.0,11085,0.0,5791,0.0,18871,0.0,3493,0.0,378,0.0,44
RandomForest,o6_loo,42,ttl_hold_L1,ttl_hold,1,True,45001,12,0.0267,74.2161,25.7572,0.0,674,0.0,581,0.0,4084,0.0,11085,0.2072,5791,0.0,18871,0.0,3493,0.0,378,0.0,44
RandomForest,o6_loo,42,ttl_hold_L2,ttl_hold,2,True,45001,12,0.0267,74.1761,25.7972,0.0,674,0.0,581,0.0,4084,0.0,11085,0.2072,5791,0.0,18871,0.0,3493,0.0,378,0.0,44
RandomForest,o6_loo,42,ttl_hold_L3,ttl_hold,3,True,45001,742,1.6489,73.3428,25.0083,2.9674,674,2.7539,581,2.0813,4084,1.1367,11085,7.7189,5791,0.1272,18871,0.4867,3493,1.5873,378,2.2727,44
RandomForest,o6_loo,42,ttl_mimic_L1,ttl_mimic,1,True,45001,589,1.3089,73.6117,25.0794,7.27,674,7.2289,581,1.8119,4084,1.0825,11085,4.956,5791,0.0689,18871,0.1145,3493,0.0,378,0.0,44
RandomForest,o6_loo,42,ttl_mimic_L2,ttl_mimic,2,True,45001,12,0.0267,74.1606,25.8128,0.0,674,0.0,581,0.0,4084,0.0,11085,0.2072,5791,0.0,18871,0.0,3493,0.0,378,0.0,44
RandomForest,o6_loo,42,ttl_mimic_L3,ttl_mimic,3,True,45001,4898,10.8842,68.4518,20.664,26.5579,674,27.1945,581,12.2919,4084,9.0483,11085,46.6759,5791,0.7896,18871,3.4068,3493,21.164,378,11.3636,44
RandomForest,o6_loo,42,padding_L1,padding,1,True,45001,3,0.0067,75.2872,24.7061,0.0,674,0.0,581,0.0245,4084,0.018,11085,0.0,5791,0.0,18871,0.0,3493,0.0,378,0.0,44
RandomForest,o6_loo,42,padding_L2,padding,2,True,45001,2,0.0044,74.5183,25.4772,0.0,674,0.0,581,0.0,4084,0.0,11085,0.0345,5791,0.0,18871,0.0,3493,0.0,378,0.0,44
RandomForest,o6_loo,42,padding_L3,padding,3,True,45001,1,0.0022,75.0828,24.915,0.0,674,0.0,581,0.0,4084,0.0,11085,0.0173,5791,0.0,18871,0.0,3493,0.0,378,0.0,44
RandomForest,o6_loo,42,padding_L4,padding,4,True,45001,4,0.0089,74.6672,25.3239,0.0,674,0.0,581,0.0,4084,0.0,11085,0.0518,5791,0.0,18871,0.0,3493,0.2646,378,0.0,44
RandomForest,o6_loo,42,timing_L1,timing,1,True,45001,9,0.02,75.9761,24.0039,0.0,674,0.0,581,0.0,4084,0.0,11085,0.1554,5791,0.0,18871,0.0,3493,0.0,378,0.0,44
RandomForest,o6_loo,42,timing_L2,timing,2,True,45001,7,0.0156,76.2494,23.735,0.0,674,0.0,581,0.0,4084,0.009,11085,0.1036,5791,0.0,18871,0.0,3493,0.0,378,0.0,44
RandomForest,o6_loo,42,timing_L3,timing,3,True,45001,0,0.0,76.4361,23.5639,0.0,674,0.0,581,0.0,4084,0.0,11085,0.0,5791,0.0,18871,0.0,3493,0.0,378,0.0,44
RandomForest,o6_loo,42,timing_L4,timing,4,True,45001,0,0.0,76.7538,23.2462,0.0,674,0.0,581,0.0,4084,0.0,11085,0.0,5791,0.0,18871,0.0,3493,0.0,378,0.0,44
RandomForest,o6_loo,42,connection_rate_L1,connection_rate,1,True,45001,4,0.0089,76.085,23.9061,0.0,674,0.0,581,0.0,4084,0.0,11085,0.0691,5791,0.0,18871,0.0,3493,0.0,378,0.0,44
RandomForest,o6_loo,42,connection_rate_L2,connection_rate,2,True,45001,2,0.0044,76.1761,23.8195,0.0,674,0.0,581,0.0,4084,0.0,11085,0.0345,5791,0.0,18871,0.0,3493,0.0,378,0.0,44
RandomForest,o6_loo,42,connection_rate_L3,connection_rate,3,True,45001,0,0.0,75.805,24.195,0.0,674,0.0,581,0.0,4084,0.0,11085,0.0,5791,0.0,18871,0.0,3493,0.0,378,0.0,44
RandomForest,o6_loo,42,connection_rate_L4,connection_rate,4,True,45001,0,0.0,75.8828,24.1172,0.0,674,0.0,581,0.0,4084,0.0,11085,0.0,5791,0.0,18871,0.0,3493,0.0,378,0.0,44
RandomForest,o6_loo,42,combined_hold_L1,combined_hold,1,True,45001,45,0.1,72.4806,27.4194,0.5935,674,0.6885,581,0.1714,4084,0.1083,11085,0.3108,5791,0.0,18871,0.0,3493,0.0,378,0.0,44
RandomForest,o6_loo,42,combined_hold_L2,combined_hold,2,True,45001,73,0.1622,66.9696,32.8682,1.4837,674,1.7212,581,0.2449,4084,0.1804,11085,0.3799,5791,0.0053,18871,0.0,3493,0.0,378,0.0,44
RandomForest,o6_loo,42,combined_hold_L3,combined_hold,3,True,45001,326,0.7244,65.3008,33.9748,2.0772,674,3.0981,581,1.7875,4084,0.9202,11085,1.3815,5791,0.0583,18871,0.7157,3493,0.7937,378,0.0,44
RandomForest,o6_loo,42,combined_hold_L4,combined_hold,4,True,45001,373,0.8289,64.1652,35.0059,2.0772,674,3.4423,581,2.1548,4084,1.1006,11085,1.3296,5791,0.0318,18871,1.1738,3493,1.3228,378,0.0,44
RandomForest,o6_loo,42,combined_mimic_L1,combined_mimic,1,True,45001,525,1.1666,71.554,27.2794,8.3086,674,8.0895,581,1.6895,4084,1.1457,11085,3.6436,5791,0.0636,18871,0.0573,3493,0.2646,378,0.0,44
RandomForest,o6_loo,42,combined_mimic_L2,combined_mimic,2,True,45001,73,0.1622,66.9718,32.8659,1.4837,674,1.7212,581,0.2449,4084,0.1804,11085,0.3799,5791,0.0053,18871,0.0,3493,0.0,378,0.0,44
RandomForest,o6_loo,42,combined_mimic_L3,combined_mimic,3,True,45001,4822,10.7153,61.5786,27.7061,21.0682,674,23.0637,581,12.904,4084,9.2197,11085,31.1863,5791,1.8971,18871,21.9868,3493,16.9312,378,2.2727,44
RandomForest,o6_loo,42,combined_mimic_L4,combined_mimic,4,True,45001,5329,11.842,59.6987,28.4594,26.2611,674,28.9157,581,15.2547,4084,10.7713,11085,30.2538,5791,2.0508,18871,27.8557,3493,14.5503,378,0.0,44
RandomForest,o6_loo,42,ttl_both_L1,ttl_both,1,False,45001,14198,31.5504,52.1722,16.2774,27.7448,674,32.7022,581,33.1293,4084,65.3315,11085,66.4825,5791,2.9728,18871,16.8909,3493,52.1164,378,63.6364,44
XGBoost,o6_loo,42,identity_L0,identity,0,True,43637,0,0.0,79.0499,20.9501,0.0,628,0.0,573,0.0,4031,0.0,10982,0.0,4677,0.0,18853,0.0,3482,0.0,367,0.0,44
XGBoost,o6_loo,42,ttl_hold_L1,ttl_hold,1,True,43637,2598,5.9537,69.8902,24.1561,0.0,628,0.349,573,0.4217,4031,0.428,10982,53.0254,4677,0.0583,18853,0.2872,3482,8.4469,367,0.0,44
XGBoost,o6_loo,42,ttl_hold_L2,ttl_hold,2,True,43637,2209,5.0622,61.826,33.1118,0.0,628,0.1745,573,0.1985,4031,0.2185,10982,46.0765,4677,0.0265,18853,0.201,3482,2.4523,367,0.0,44
XGBoost,o6_loo,42,ttl_hold_L3,ttl_hold,3,True,43637,39586,90.7166,0.5225,8.7609,59.3949,628,63.8743,573,64.897,4031,86.7966,10982,87.9838,4677,99.9257,18853,95.7496,3482,100.0,367,100.0,44
XGBoost,o6_loo,42,ttl_mimic_L1,ttl_mimic,1,True,43637,3910,8.9603,68.7536,22.2861,1.1146,628,1.3962,573,2.0342,4031,3.0778,10982,59.1191,4677,0.1326,18853,14.3308,3482,50.1362,367,4.5455,44
XGBoost,o6_loo,42,ttl_mimic_L2,ttl_mimic,2,True,43637,2205,5.0531,61.8145,33.1324,0.0,628,0.1745,573,0.1985,4031,0.2185,10982,45.991,4677,0.0265,18853,0.201,3482,2.4523,367,0.0,44
XGBoost,o6_loo,42,ttl_mimic_L3,ttl_mimic,3,True,43637,40340,92.4445,0.385,7.1705,69.9045,628,73.6475,573,70.2555,4031,89.0912,10982,90.8061,4677,99.9894,18853,96.324,3482,100.0,367,100.0,44
XGBoost,o6_loo,42,padding_L1,padding,1,True,43637,62,0.1421,78.2593,21.5986,0.0,628,0.0,573,0.2977,4031,0.0911,10982,0.6842,4677,0.0,18853,0.201,3482,0.2725,367,0.0,44
XGBoost,o6_loo,42,padding_L2,padding,2,True,43637,44,0.1008,77.6657,22.2334,0.0,628,0.0,573,0.0744,4031,0.0911,10982,0.6201,4677,0.0,18853,0.0287,3482,0.2725,367,0.0,44
XGBoost,o6_loo,42,padding_L3,padding,3,True,43637,38,0.0871,77.6497,22.2632,0.0,628,0.0,573,0.0992,4031,0.1366,10982,0.3849,4677,0.0,18853,0.0,3482,0.2725,367,0.0,44
XGBoost,o6_loo,42,padding_L4,padding,4,True,43637,43,0.0985,77.4641,22.4374,0.0,628,0.0,573,0.124,4031,0.1912,10982,0.3421,4677,0.0053,18853,0.0,3482,0.0,367,0.0,44
XGBoost,o6_loo,42,timing_L1,timing,1,True,43637,24,0.055,79.3386,20.6064,0.0,628,0.0,573,0.0,4031,0.0546,10982,0.3635,4677,0.0053,18853,0.0,3482,0.0,367,0.0,44
XGBoost,o6_loo,42,timing_L2,timing,2,True,43637,21,0.0481,79.3593,20.5926,0.1592,628,0.0,573,0.0248,4031,0.0911,10982,0.1924,4677,0.0,18853,0.0,3482,0.0,367,0.0,44
XGBoost,o6_loo,42,timing_L3,timing,3,True,43637,4,0.0092,79.2882,20.7026,0.0,628,0.0,573,0.0,4031,0.0273,10982,0.0,4677,0.0,18853,0.0287,3482,0.0,367,0.0,44
XGBoost,o6_loo,42,timing_L4,timing,4,True,43637,1,0.0023,79.3066,20.6912,0.0,628,0.0,573,0.0,4031,0.0,10982,0.0214,4677,0.0,18853,0.0,3482,0.0,367,0.0,44
XGBoost,o6_loo,42,connection_rate_L1,connection_rate,1,True,43637,47,0.1077,79.774,20.1182,0.0,628,0.0,573,0.0,4031,0.0091,10982,0.9835,4677,0.0,18853,0.0,3482,0.0,367,0.0,44
XGBoost,o6_loo,42,connection_rate_L2,connection_rate,2,True,43637,47,0.1077,80.3286,19.5637,0.0,628,0.0,573,0.0,4031,0.0,10982,1.0049,4677,0.0,18853,0.0,3482,0.0,367,0.0,44
XGBoost,o6_loo,42,connection_rate_L3,connection_rate,3,True,43637,4,0.0092,80.5692,19.4216,0.0,628,0.0,573,0.0,4031,0.0,10982,0.0855,4677,0.0,18853,0.0,3482,0.0,367,0.0,44
XGBoost,o6_loo,42,connection_rate_L4,connection_rate,4,True,43637,1,0.0023,80.4707,19.527,0.0,628,0.0,573,0.0,4031,0.0,10982,0.0214,4677,0.0,18853,0.0,3482,0.0,367,0.0,44
XGBoost,o6_loo,42,combined_hold_L1,combined_hold,1,True,43637,2010,4.6062,70.3531,25.0407,0.0,628,0.349,573,0.7194,4031,0.519,10982,38.8283,4677,0.0477,18853,1.9529,3482,7.6294,367,2.2727,44
XGBoost,o6_loo,42,combined_hold_L2,combined_hold,2,True,43637,1207,2.766,25.2561,71.9779,0.0,628,0.0,573,0.1737,4031,0.2094,10982,24.3318,4677,0.0106,18853,0.8329,3482,2.1798,367,0.0,44
XGBoost,o6_loo,42,combined_hold_L3,combined_hold,3,True,43637,41026,94.0165,0.3025,5.681,76.5924,628,79.2321,573,76.4078,4031,91.3222,10982,92.7518,4677,99.9947,18853,97.0994,3482,100.0,367,100.0,44
XGBoost,o6_loo,42,combined_hold_L4,combined_hold,4,True,43637,41232,94.4886,0.2292,5.2822,80.414,628,83.2461,573,77.5242,4031,91.9049,10982,93.7781,4677,99.9947,18853,97.1568,3482,100.0,367,100.0,44
XGBoost,o6_loo,42,combined_mimic_L1,combined_mimic,1,True,43637,4059,9.3017,67.8919,22.8063,5.0955,628,6.8063,573,3.101,4031,3.2963,10982,52.5337,4677,0.8434,18853,20.6778,3482,44.6866,367,2.2727,44
XGBoost,o6_loo,42,combined_mimic_L2,combined_mimic,2,True,43637,1207,2.766,25.24,71.994,0.0,628,0.0,573,0.1737,4031,0.2094,10982,24.3318,4677,0.0106,18853,0.8329,3482,2.1798,367,0.0,44
XGBoost,o6_loo,42,combined_mimic_L3,combined_mimic,3,True,43637,41642,95.4282,0.1558,4.416,87.1019,628,89.1798,573,80.2034,4031,93.1615,10982,95.4458,4677,99.9947,18853,97.444,3482,100.0,367,100.0,44
XGBoost,o6_loo,42,combined_mimic_L4,combined_mimic,4,True,43637,41752,95.6803,0.1329,4.1868,88.3758,628,89.8778,573,81.2453,4031,93.5258,10982,95.7024,4677,99.9947,18853,97.5589,3482,100.0,367,100.0,44
XGBoost,o6_loo,42,ttl_both_L1,ttl_both,1,False,43637,40340,92.4445,0.385,7.1705,69.9045,628,73.6475,573,70.2555,4031,89.0912,10982,90.8061,4677,99.9894,18853,96.324,3482,100.0,367,100.0,44
Transformer,o6_loo,42,identity_L0,identity,0,True,44982,0,0.0,72.1177,27.8823,0.0,659,0.0,582,0.0,4071,0.0,10966,0.0,5926,0.0,18864,0.0,3494,0.0,376,0.0,44
Transformer,o6_loo,42,ttl_hold_L1,ttl_hold,1,True,44982,1685,3.7459,36.7347,59.5194,2.2762,659,3.2646,582,2.2108,4071,1.0031,10966,23.0678,5926,0.2863,18864,0.7155,3494,1.3298,376,0.0,44
Transformer,o6_loo,42,ttl_hold_L2,ttl_hold,2,True,44982,1698,3.7748,36.5346,59.6905,2.2762,659,3.2646,582,2.2353,4071,1.0031,10966,23.2366,5926,0.2916,18864,0.7441,3494,1.3298,376,0.0,44
Transformer,o6_loo,42,ttl_hold_L3,ttl_hold,3,True,44982,1967,4.3729,35.3008,60.3264,3.4901,659,4.6392,582,2.9968,4071,1.4499,10966,24.7722,5926,0.6997,18864,0.8872,3494,1.3298,376,0.0,44
Transformer,o6_loo,42,ttl_mimic_L1,ttl_mimic,1,True,44982,25881,57.5363,12.3516,30.112,49.9241,659,50.8591,582,30.2383,4071,21.7946,10966,53.3243,5926,95.1866,18864,11.5627,3494,27.9255,376,22.7273,44
Transformer,o6_loo,42,ttl_mimic_L2,ttl_mimic,2,True,44982,1787,3.9727,36.4857,59.5416,2.2762,659,3.9519,582,2.7757,4071,1.4499,10966,23.1522,5926,0.3658,18864,0.8872,3494,1.3298,376,0.0,44
Transformer,o6_loo,42,ttl_mimic_L3,ttl_mimic,3,True,44982,28007,62.2627,11.3179,26.4195,55.0835,659,54.9828,582,38.0987,4071,28.1598,10966,58.8086,5926,97.8584,18864,17.0578,3494,35.3723,376,25.0,44
Transformer,o6_loo,42,padding_L1,padding,1,True,44982,6,0.0133,70.9973,28.9894,0.0,659,0.0,582,0.0246,4071,0.0,10966,0.0844,5926,0.0,18864,0.0,3494,0.0,376,0.0,44
Transformer,o6_loo,42,padding_L2,padding,2,True,44982,5,0.0111,68.3696,31.6193,0.0,659,0.0,582,0.0,4071,0.0,10966,0.0844,5926,0.0,18864,0.0,3494,0.0,376,0.0,44
Transformer,o6_loo,42,padding_L3,padding,3,True,44982,21,0.0467,69.2588,30.6945,0.0,659,0.0,582,0.0,4071,0.0547,10966,0.2531,5926,0.0,18864,0.0,3494,0.0,376,0.0,44
Transformer,o6_loo,42,padding_L4,padding,4,True,44982,39,0.0867,67.6271,32.2862,0.0,659,0.0,582,0.0,4071,0.1915,10966,0.3037,5926,0.0,18864,0.0,3494,0.0,376,0.0,44
Transformer,o6_loo,42,timing_L1,timing,1,True,44982,2,0.0044,72.2356,27.76,0.0,659,0.0,582,0.0491,4071,0.0,10966,0.0,5926,0.0,18864,0.0,3494,0.0,376,0.0,44
Transformer,o6_loo,42,timing_L2,timing,2,True,44982,5,0.0111,72.3023,27.6866,0.0,659,0.0,582,0.0491,4071,0.0274,10966,0.0,5926,0.0,18864,0.0,3494,0.0,376,0.0,44
Transformer,o6_loo,42,timing_L3,timing,3,True,44982,2,0.0044,72.7291,27.2665,0.0,659,0.0,582,0.0246,4071,0.0091,10966,0.0,5926,0.0,18864,0.0,3494,0.0,376,0.0,44
Transformer,o6_loo,42,timing_L4,timing,4,True,44982,2,0.0044,73.0626,26.933,0.0,659,0.0,582,0.0246,4071,0.0091,10966,0.0,5926,0.0,18864,0.0,3494,0.0,376,0.0,44
Transformer,o6_loo,42,connection_rate_L1,connection_rate,1,True,44982,7,0.0156,71.373,28.6114,0.0,659,0.0,582,0.0,4071,0.0,10966,0.1181,5926,0.0,18864,0.0,3494,0.0,376,0.0,44
Transformer,o6_loo,42,connection_rate_L2,connection_rate,2,True,44982,1,0.0022,71.4375,28.5603,0.0,659,0.0,582,0.0,4071,0.0,10966,0.0169,5926,0.0,18864,0.0,3494,0.0,376,0.0,44
Transformer,o6_loo,42,connection_rate_L3,connection_rate,3,True,44982,0,0.0,70.9328,29.0672,0.0,659,0.0,582,0.0,4071,0.0,10966,0.0,5926,0.0,18864,0.0,3494,0.0,376,0.0,44
Transformer,o6_loo,42,connection_rate_L4,connection_rate,4,True,44982,0,0.0,70.9439,29.0561,0.0,659,0.0,582,0.0,4071,0.0,10966,0.0,5926,0.0,18864,0.0,3494,0.0,376,0.0,44
Transformer,o6_loo,42,combined_hold_L1,combined_hold,1,True,44982,1847,4.1061,25.757,70.1369,6.0698,659,7.2165,582,2.9968,4071,1.532,10966,23.1691,5926,0.4029,18864,0.601,3494,1.3298,376,0.0,44
Transformer,o6_loo,42,combined_hold_L2,combined_hold,2,True,44982,2753,6.1202,18.7519,75.1278,11.3809,659,12.543,582,4.7654,4071,2.3801,10966,23.5741,5926,3.8433,18864,0.6583,3494,1.3298,376,0.0,44
Transformer,o6_loo,42,combined_hold_L3,combined_hold,3,True,44982,5126,11.3957,15.7263,72.878,24.431,659,25.4296,582,9.6536,4071,4.9061,10966,22.511,5926,13.1944,18864,1.6314,3494,1.5957,376,0.0,44
Transformer,o6_loo,42,combined_hold_L4,combined_hold,4,True,44982,8084,17.9716,16.5355,65.4929,37.9363,659,38.488,582,16.2859,4071,8.0066,10966,22.4435,5926,24.5971,18864,2.5186,3494,2.9255,376,0.0,44
Transformer,o6_loo,42,combined_mimic_L1,combined_mimic,1,True,44982,27399,60.911,12.6228,26.4661,62.8225,659,62.3711,582,41.9799,4071,25.4605,10966,55.7206,5926,96.1885,18864,15.1116,3494,35.9043,376,25.0,44
Transformer,o6_loo,42,combined_mimic_L2,combined_mimic,2,True,44982,2844,6.3225,18.6986,74.9789,11.3809,659,13.4021,582,5.576,4071,2.7904,10966,23.4222,5926,3.9122,18864,0.7728,3494,1.3298,376,0.0,44
Transformer,o6_loo,42,combined_mimic_L3,combined_mimic,3,True,44982,31296,69.5745,11.6869,18.7386,87.4052,659,83.3333,582,65.9297,4071,36.0569,10966,56.4293,5926,97.7046,18864,46.4797,3494,48.9362,376,31.8182,44
Transformer,o6_loo,42,combined_mimic_L4,combined_mimic,4,True,44982,31332,69.6545,12.0937,18.2517,90.1366,659,85.2234,582,68.2388,4071,35.1906,10966,56.1762,5926,97.5244,18864,48.0252,3494,50.5319,376,25.0,44
Transformer,o6_loo,42,ttl_both_L1,ttl_both,1,False,44982,39288,87.3416,1.7652,10.8932,61.0015,659,63.4021,582,58.3149,4071,83.7133,10966,90.6682,5926,99.788,18864,68.6606,3494,85.9043,376,100.0,44
