model,arm,seed,variant,type,level,realizable,n_cohort,n_evaded,evasion_rate,pct_correct,pct_misclassified_attack,evasion_Analysis,n_Analysis,evasion_Backdoor,n_Backdoor,evasion_DoS,n_DoS,evasion_Exploits,n_Exploits,evasion_Fuzzers,n_Fuzzers,evasion_Generic,n_Generic,evasion_Reconnaissance,n_Reconnaissance,evasion_Shellcode,n_Shellcode,evasion_Worms,n_Worms
RandomForest,o1,42,identity_L0,identity,0,True,45116,0,0.0,74.9446,25.0554,0.0,676,0.0,583,0.0,4087,0.0,11107,0.0,5876,0.0,18871,0.0,3494,0.0,378,0.0,44
RandomForest,o1,42,ttl_hold_L1,ttl_hold,1,True,45116,222,0.4921,73.8142,25.6938,2.9586,676,3.4305,583,0.5383,4087,0.4142,11107,1.9061,5876,0.0,18871,0.0286,3494,0.2646,378,0.0,44
RandomForest,o1,42,ttl_hold_L2,ttl_hold,2,True,45116,220,0.4876,73.7964,25.7159,2.9586,676,3.4305,583,0.5383,4087,0.4142,11107,1.872,5876,0.0,18871,0.0286,3494,0.2646,378,0.0,44
RandomForest,o1,42,ttl_hold_L3,ttl_hold,3,True,45116,2001,4.4352,72.0277,23.5371,14.2012,676,15.7804,583,5.9946,4087,3.4933,11107,18.1756,5876,0.212,18871,1.5741,3494,4.2328,378,2.2727,44
RandomForest,o1,42,ttl_mimic_L1,ttl_mimic,1,True,45116,2011,4.4574,72.2781,23.2645,23.9645,676,26.4151,583,5.701,4087,3.8174,11107,16.4568,5876,0.1537,18871,1.0017,3494,1.5873,378,2.2727,44
RandomForest,o1,42,ttl_mimic_L2,ttl_mimic,2,True,45116,224,0.4965,73.7876,25.7159,2.9586,676,3.4305,583,0.6362,4087,0.4322,11107,1.855,5876,0.0,18871,0.0,3494,0.2646,378,0.0,44
RandomForest,o1,42,ttl_mimic_L3,ttl_mimic,3,True,45116,8311,18.4214,65.5555,16.0231,66.1243,676,72.3842,583,24.5168,4087,17.1333,11107,67.7332,5876,1.5367,18871,4.7796,3494,24.8677,378,13.6364,44
RandomForest,o1,42,padding_L1,padding,1,True,45116,67,0.1485,66.8765,32.975,0.0,676,0.0,583,0.1713,4087,0.135,11107,0.7318,5876,0.0,18871,0.0572,3494,0.0,378,0.0,44
RandomForest,o1,42,padding_L2,padding,2,True,45116,49,0.1086,66.6615,33.2299,0.0,676,0.0,583,0.0979,4087,0.081,11107,0.5956,5876,0.0,18871,0.0,3494,0.2646,378,0.0,44
RandomForest,o1,42,padding_L3,padding,3,True,45116,56,0.1241,67.8983,31.9776,0.0,676,0.0,583,0.0,4087,0.081,11107,0.7488,5876,0.0,18871,0.0286,3494,0.5291,378,0.0,44
RandomForest,o1,42,padding_L4,padding,4,True,45116,61,0.1352,67.3619,32.5029,0.0,676,0.0,583,0.0,4087,0.072,11107,0.8339,5876,0.0,18871,0.0572,3494,0.5291,378,0.0,44
RandomForest,o1,42,timing_L1,timing,1,True,45116,103,0.2283,75.2416,24.5301,0.0,676,0.0,583,0.0734,4087,0.108,11107,1.4295,5876,0.0053,18871,0.0286,3494,0.5291,378,0.0,44
RandomForest,o1,42,timing_L2,timing,2,True,45116,109,0.2416,75.2682,24.4902,0.0,676,0.0,583,0.1468,4087,0.117,11107,1.4806,5876,0.0053,18871,0.0286,3494,0.2646,378,0.0,44
RandomForest,o1,42,timing_L3,timing,3,True,45116,188,0.4167,74.5412,25.0421,2.071,676,2.4014,583,0.3915,4087,0.3781,11107,1.6508,5876,0.0,18871,0.0572,3494,0.7937,378,0.0,44
RandomForest,o1,42,timing_L4,timing,4,True,45116,328,0.727,74.3306,24.9424,5.1775,676,6.0034,583,0.9053,4087,0.7293,11107,2.2464,5876,0.0,18871,0.1431,3494,0.7937,378,0.0,44
RandomForest,o1,42,connection_rate_L1,connection_rate,1,True,45116,97,0.215,74.1489,25.6361,0.0,676,0.0,583,0.4649,4087,0.09,11107,1.0722,5876,0.0106,18871,0.0859,3494,0.0,378,0.0,44
RandomForest,o1,42,connection_rate_L2,connection_rate,2,True,45116,90,0.1995,74.3661,25.4344,0.0,676,0.0,583,0.5628,4087,0.099,11107,0.919,5876,0.0053,18871,0.0286,3494,0.0,378,0.0,44
RandomForest,o1,42,connection_rate_L3,connection_rate,3,True,45116,95,0.2106,73.4241,26.3654,0.0,676,0.0,583,0.5383,4087,0.1531,11107,0.919,5876,0.0053,18871,0.0286,3494,0.0,378,0.0,44
RandomForest,o1,42,connection_rate_L4,connection_rate,4,True,45116,150,0.3325,72.881,26.7865,0.0,676,1.0292,583,0.9787,4087,0.2701,11107,1.1232,5876,0.0371,18871,0.0286,3494,0.0,378,0.0,44
RandomForest,o1,42,combined_hold_L1,combined_hold,1,True,45116,348,0.7713,52.5734,46.6553,3.8462,676,4.4597,583,0.9787,4087,0.6843,11107,2.9101,5876,0.0053,18871,0.1431,3494,0.7937,378,0.0,44
RandomForest,o1,42,combined_hold_L2,combined_hold,2,True,45116,361,0.8002,52.0237,47.1762,5.3254,676,6.175,583,1.15,4087,0.7383,11107,2.6208,5876,0.0053,18871,0.0859,3494,0.5291,378,0.0,44
RandomForest,o1,42,combined_hold_L3,combined_hold,3,True,45116,7427,16.462,51.6003,31.9377,76.4793,676,81.3036,583,37.3379,4087,18.1237,11107,37.7808,5876,0.3974,18871,15.7985,3494,12.6984,378,4.5455,44
RandomForest,o1,42,combined_hold_L4,combined_hold,4,True,45116,14124,31.306,47.4421,21.2519,87.8698,676,86.7925,583,61.8547,4087,26.7399,11107,49.0129,5876,17.2911,18871,36.9491,3494,23.545,378,6.8182,44
RandomForest,o1,42,combined_mimic_L1,combined_mimic,1,True,45116,4477,9.9233,49.785,40.2917,54.7337,676,58.319,583,21.3115,4087,10.795,11107,24.4214,5876,0.6624,18871,3.7207,3494,1.5873,378,2.2727,44
RandomForest,o1,42,combined_mimic_L2,combined_mimic,2,True,45116,367,0.8135,52.0614,47.1252,5.3254,676,6.175,583,1.2479,4087,0.7563,11107,2.6038,5876,0.0053,18871,0.1145,3494,0.5291,378,0.0,44
RandomForest,o1,42,combined_mimic_L3,combined_mimic,3,True,45116,29942,66.3667,26.4319,7.2014,97.3373,676,92.2813,583,77.1226,4087,41.8295,11107,89.3635,5876,69.0318,18871,69.4333,3494,62.4339,378,18.1818,44
RandomForest,o1,42,combined_mimic_L4,combined_mimic,4,True,45116,34240,75.8933,18.9356,5.1711,97.7811,676,93.3105,583,80.8417,4087,44.9536,11107,91.4568,5876,86.413,18871,78.1912,3494,83.3333,378,22.7273,44
RandomForest,o1,42,ttl_both_L1,ttl_both,1,False,45116,14896,33.0171,54.1959,12.787,66.4201,676,76.8439,583,39.3198,4087,56.694,11107,80.4459,5876,3.2802,18871,14.6537,3494,56.8783,378,50.0,44
RandomForest,o1,43,identity_L0,identity,0,True,45132,0,0.0,75.0731,24.9269,0.0,676,0.0,583,0.0,4087,0.0,11099,0.0,5900,0.0,18871,0.0,3494,0.0,378,0.0,44
RandomForest,o1,43,ttl_hold_L1,ttl_hold,1,True,45132,169,0.3745,74.2289,25.3966,1.7751,676,2.0583,583,0.3181,4087,0.2613,11099,1.7119,5900,0.0,18871,0.0286,3494,0.2646,378,0.0,44
RandomForest,o1,43,ttl_hold_L2,ttl_hold,2,True,45132,164,0.3634,74.0827,25.5539,1.7751,676,2.0583,583,0.3181,4087,0.2523,11099,1.661,5900,0.0,18871,0.0,3494,0.2646,378,0.0,44
RandomForest,o1,43,ttl_hold_L3,ttl_hold,3,True,45132,2214,4.9056,71.7473,23.3471,13.1657,676,13.5506,583,5.1138,4087,3.7841,11099,21.8983,5900,0.2173,18871,1.6314,3494,6.6138,378,4.5455,44
RandomForest,o1,43,ttl_mimic_L1,ttl_mimic,1,True,45132,1928,4.2719,72.8352,22.8928,20.5621,676,23.3276,583,7.1446,4087,4.0995,11099,13.8814,5900,0.1802,18871,1.2307,3494,2.381,378,2.2727,44
RandomForest,o1,43,ttl_mimic_L2,ttl_mimic,2,True,45132,162,0.3589,74.0738,25.5672,1.7751,676,2.0583,583,0.3181,4087,0.2523,11099,1.6271,5900,0.0,18871,0.0,3494,0.2646,378,0.0,44
RandomForest,o1,43,ttl_mimic_L3,ttl_mimic,3,True,45132,8814,19.5294,64.4088,16.0618,55.1775,676,60.8919,583,25.5933,4087,20.4072,11099,68.8983,5900,1.6586,18871,6.64,3494,40.4762,378,27.2727,44
RandomForest,o1,43,padding_L1,padding,1,True,45132,66,0.1462,67.9651,31.8887,0.0,676,0.0,583,0.1468,4087,0.1622,11099,0.6441,5900,0.0,18871,0.0859,3494,0.2646,378,0.0,44
RandomForest,o1,43,padding_L2,padding,2,True,45132,49,0.1086,67.1187,32.7728,0.0,676,0.0,583,0.0489,4087,0.0811,11099,0.6271,5900,0.0,18871,0.0,3494,0.2646,378,0.0,44
RandomForest,o1,43,padding_L3,padding,3,True,45132,35,0.0776,67.7612,32.1612,0.0,676,0.0,583,0.0,4087,0.0541,11099,0.4746,5900,0.0,18871,0.0286,3494,0.0,378,0.0,44
RandomForest,o1,43,padding_L4,padding,4,True,45132,44,0.0975,66.3432,33.5593,0.0,676,0.0,583,0.0,4087,0.009,11099,0.661,5900,0.0,18871,0.0572,3494,0.5291,378,0.0,44
RandomForest,o1,43,timing_L1,timing,1,True,45132,129,0.2858,75.3013,24.4128,0.2959,676,0.3431,583,0.0979,4087,0.1442,11099,1.7119,5900,0.0053,18871,0.0286,3494,0.5291,378,0.0,44
RandomForest,o1,43,timing_L2,timing,2,True,45132,109,0.2415,75.3589,24.3995,0.2959,676,0.3431,583,0.1468,4087,0.1532,11099,1.339,5900,0.0053,18871,0.0286,3494,0.2646,378,0.0,44
RandomForest,o1,43,timing_L3,timing,3,True,45132,302,0.6691,74.5569,24.774,3.8462,676,4.4597,583,0.8319,4087,0.6307,11099,2.3729,5900,0.0106,18871,0.0572,3494,0.5291,378,0.0,44
RandomForest,o1,43,timing_L4,timing,4,True,45132,351,0.7777,74.0827,25.1396,5.1775,676,6.0034,583,0.9787,4087,0.7839,11099,2.5085,5900,0.0,18871,0.0572,3494,1.0582,378,0.0,44
RandomForest,o1,43,connection_rate_L1,connection_rate,1,True,45132,65,0.144,74.1314,25.7245,0.0,676,0.0,583,0.0979,4087,0.0721,11099,0.8814,5900,0.0,18871,0.0286,3494,0.0,378,0.0,44
RandomForest,o1,43,connection_rate_L2,connection_rate,2,True,45132,77,0.1706,74.4217,25.4077,0.0,676,0.0,583,0.5383,4087,0.1261,11099,0.661,5900,0.0053,18871,0.0286,3494,0.0,378,0.0,44
RandomForest,o1,43,connection_rate_L3,connection_rate,3,True,45132,89,0.1972,73.6706,26.1322,0.0,676,0.0,583,0.5383,4087,0.1261,11099,0.8644,5900,0.0053,18871,0.0286,3494,0.0,378,0.0,44
RandomForest,o1,43,connection_rate_L4,connection_rate,4,True,45132,142,0.3146,72.7045,26.9809,0.0,676,1.0292,583,0.9787,4087,0.2433,11099,1.0339,5900,0.0371,18871,0.0286,3494,0.0,378,0.0,44
RandomForest,o1,43,combined_hold_L1,combined_hold,1,True,45132,308,0.6824,52.4971,46.8204,3.2544,676,3.6021,583,0.7585,4087,0.6127,11099,2.661,5900,0.0053,18871,0.1431,3494,0.7937,378,0.0,44
RandomForest,o1,43,combined_hold_L2,combined_hold,2,True,45132,238,0.5273,51.7748,47.6979,3.1065,676,3.6021,583,0.6851,4087,0.4235,11099,1.9492,5900,0.0053,18871,0.0572,3494,0.7937,378,0.0,44
RandomForest,o1,43,combined_hold_L3,combined_hold,3,True,45132,5816,12.8866,48.3449,38.7685,43.787,676,50.2573,583,18.4487,4087,11.6407,11099,35.339,5900,0.2862,18871,27.5329,3494,20.6349,378,4.5455,44
RandomForest,o1,43,combined_hold_L4,combined_hold,4,True,45132,8788,19.4718,44.4275,36.1008,52.9586,676,61.578,583,25.5444,4087,15.5149,11099,44.8136,5900,7.4188,18871,32.7418,3494,30.4233,378,4.5455,44
RandomForest,o1,43,combined_mimic_L1,combined_mimic,1,True,45132,2723,6.0334,51.8922,42.0744,28.6982,676,32.247,583,11.2552,4087,6.5862,11099,16.2881,5900,0.5193,18871,2.4614,3494,1.0582,378,2.2727,44
RandomForest,o1,43,combined_mimic_L2,combined_mimic,2,True,45132,237,0.5251,51.7792,47.6956,3.1065,676,3.6021,583,0.6851,4087,0.4235,11099,1.9322,5900,0.0053,18871,0.0572,3494,0.7937,378,0.0,44
RandomForest,o1,43,combined_mimic_L3,combined_mimic,3,True,45132,36008,79.7837,14.2715,5.9448,99.7041,676,95.7118,583,83.0193,4087,50.8875,11099,92.6271,5900,94.2133,18871,63.2799,3494,70.8995,378,27.2727,44
RandomForest,o1,43,combined_mimic_L4,combined_mimic,4,True,45132,38134,84.4944,11.504,4.0016,99.8521,676,95.5403,583,86.5182,4087,55.5636,11099,94.1186,5900,98.5215,18871,77.4757,3494,88.6243,378,27.2727,44
RandomForest,o1,43,ttl_both_L1,ttl_both,1,False,45132,16157,35.7994,51.4181,12.7825,55.1775,676,64.1509,583,40.9102,4087,69.0603,11099,77.0,5900,3.312,18871,18.3457,3494,58.9947,378,93.1818,44
RandomForest,o1,44,identity_L0,identity,0,True,45106,0,0.0,74.9656,25.0344,0.0,674,0.0,581,0.0,4084,0.0,11101,0.0,5879,0.0,18871,0.0,3494,0.0,378,0.0,44
RandomForest,o1,44,ttl_hold_L1,ttl_hold,1,True,45106,250,0.5542,73.9148,25.531,2.819,674,3.2702,581,0.8325,4084,0.3783,11101,2.1602,5879,0.0318,18871,0.0572,3494,0.2646,378,0.0,44
RandomForest,o1,44,ttl_hold_L2,ttl_hold,2,True,45106,230,0.5099,73.9414,25.5487,2.5223,674,2.926,581,0.7835,4084,0.3423,11101,2.0582,5879,0.0106,18871,0.0572,3494,0.2646,378,0.0,44
RandomForest,o1,44,ttl_hold_L3,ttl_hold,3,True,45106,3368,7.4669,70.7134,21.8197,22.8487,674,25.8176,581,8.3252,4084,5.9364,11101,31.9102,5879,0.3285,18871,2.3755,3494,11.1111,378,4.5455,44
RandomForest,o1,44,ttl_mimic_L1,ttl_mimic,1,True,45106,1484,3.29,72.9482,23.7618,18.3976,674,20.9983,581,4.5054,4084,2.9637,11101,11.5496,5879,0.1431,18871,0.4579,3494,0.7937,378,0.0,44
RandomForest,o1,44,ttl_mimic_L2,ttl_mimic,2,True,45106,237,0.5254,73.9192,25.5554,2.5223,674,2.926,581,0.8815,4084,0.3603,11101,2.0752,5879,0.0106,18871,0.0572,3494,0.2646,378,0.0,44
RandomForest,o1,44,ttl_mimic_L3,ttl_mimic,3,True,45106,9680,21.4606,63.8806,14.6588,66.1721,674,74.5267,581,30.7297,4084,23.1331,11101,71.4067,5879,1.9872,18871,7.4699,3494,35.1852,378,25.0,44
RandomForest,o1,44,padding_L1,padding,1,True,45106,62,0.1375,63.9161,35.9464,0.1484,674,0.0,581,0.1469,4084,0.1441,11101,0.6123,5879,0.0,18871,0.0286,3494,0.5291,378,0.0,44
RandomForest,o1,44,padding_L2,padding,2,True,45106,50,0.1108,63.619,36.2701,0.0,674,0.0,581,0.0245,4084,0.054,11101,0.6634,5879,0.0,18871,0.0286,3494,0.7937,378,0.0,44
RandomForest,o1,44,padding_L3,padding,3,True,45106,55,0.1219,67.501,32.3771,0.0,674,0.0,581,0.0245,4084,0.0901,11101,0.6974,5879,0.0,18871,0.0286,3494,0.5291,378,0.0,44
RandomForest,o1,44,padding_L4,padding,4,True,45106,63,0.1397,66.5144,33.3459,0.0,674,0.0,581,0.0245,4084,0.0811,11101,0.8165,5879,0.0,18871,0.0572,3494,0.7937,378,0.0,44
RandomForest,o1,44,timing_L1,timing,1,True,45106,109,0.2417,75.1807,24.5777,0.0,674,0.0,581,0.049,4084,0.1081,11101,1.5479,5879,0.0053,18871,0.0286,3494,0.5291,378,0.0,44
RandomForest,o1,44,timing_L2,timing,2,True,45106,84,0.1862,75.194,24.6198,0.1484,674,0.0,581,0.0979,4084,0.0991,11101,1.1056,5879,0.0053,18871,0.0286,3494,0.2646,378,0.0,44
RandomForest,o1,44,timing_L3,timing,3,True,45106,248,0.5498,74.5843,24.8659,2.6706,674,3.0981,581,1.0774,4084,0.5225,11101,1.701,5879,0.0265,18871,0.0859,3494,0.5291,378,0.0,44
RandomForest,o1,44,timing_L4,timing,4,True,45106,286,0.6341,74.3294,25.0366,3.5608,674,4.1308,581,1.0039,4084,0.5135,11101,2.1943,5879,0.0159,18871,0.1431,3494,0.7937,378,0.0,44
RandomForest,o1,44,connection_rate_L1,connection_rate,1,True,45106,66,0.1463,74.152,25.7017,0.0,674,0.0,581,0.0735,4084,0.045,11101,0.9696,5879,0.0,18871,0.0286,3494,0.0,378,0.0,44
RandomForest,o1,44,connection_rate_L2,connection_rate,2,True,45106,68,0.1508,74.4513,25.398,0.0,674,0.0,581,0.5142,4084,0.0721,11101,0.6294,5879,0.0053,18871,0.0286,3494,0.0,378,0.0,44
RandomForest,o1,44,connection_rate_L3,connection_rate,3,True,45106,82,0.1818,74.1298,25.6884,0.0,674,0.0,581,0.4652,4084,0.0811,11101,0.9015,5879,0.0053,18871,0.0,3494,0.0,378,0.0,44
RandomForest,o1,44,connection_rate_L4,connection_rate,4,True,45106,136,0.3015,73.6288,26.0697,0.0,674,1.0327,581,0.906,4084,0.1892,11101,1.1056,5879,0.0371,18871,0.0,3494,0.0,378,0.0,44
RandomForest,o1,44,combined_hold_L1,combined_hold,1,True,45106,272,0.603,52.4808,46.9162,2.2255,674,2.4096,581,0.7346,4084,0.5045,11101,2.5685,5879,0.0053,18871,0.0572,3494,0.7937,378,0.0,44
RandomForest,o1,44,combined_hold_L2,combined_hold,2,True,45106,452,1.0021,52.1682,46.8297,7.1217,674,8.2616,581,1.4691,4084,0.9819,11101,3.1128,5879,0.0053,18871,0.0286,3494,0.5291,378,0.0,44
RandomForest,o1,44,combined_hold_L3,combined_hold,3,True,45106,10248,22.7198,45.8808,31.3994,79.3769,674,85.0258,581,46.8413,4084,23.5925,11101,51.4713,5879,0.7684,18871,40.2118,3494,28.3069,378,9.0909,44
RandomForest,o1,44,combined_hold_L4,combined_hold,4,True,45106,17329,38.4184,33.1575,28.4242,86.6469,674,87.9518,581,59.6719,4084,28.1866,11101,61.32,5879,27.9264,18871,47.9107,3494,30.4233,378,9.0909,44
RandomForest,o1,44,combined_mimic_L1,combined_mimic,1,True,45106,2176,4.8242,51.3856,43.7902,29.2285,674,31.4974,581,7.3702,4084,4.423,11101,14.9005,5879,0.4875,18871,0.8872,3494,1.0582,378,2.2727,44
RandomForest,o1,44,combined_mimic_L2,combined_mimic,2,True,45106,459,1.0176,52.1549,46.8275,7.1217,674,8.6059,581,1.4691,4084,0.9999,11101,3.1298,5879,0.0053,18871,0.0859,3494,0.5291,378,0.0,44
RandomForest,o1,44,combined_mimic_L3,combined_mimic,3,True,45106,30579,67.7936,22.2919,9.9144,98.2196,674,95.525,581,83.9373,4084,55.7968,11101,91.5972,5879,62.6994,18871,64.2244,3494,71.164,378,22.7273,44
RandomForest,o1,44,combined_mimic_L4,combined_mimic,4,True,45106,36407,80.7143,13.8607,5.425,99.7033,674,96.3855,581,87.4633,4084,61.7242,11101,93.0771,5879,86.1746,18871,77.075,3494,82.8042,378,25.0,44
RandomForest,o1,44,ttl_both_L1,ttl_both,1,False,45106,18012,39.9326,48.794,11.2734,66.7656,674,78.6575,581,48.1636,4084,79.4793,11101,79.3162,5879,3.3544,18871,22.095,3494,55.0265,378,88.6364,44
XGBoost,o1,42,identity_L0,identity,0,True,44258,0,0.0,79.2738,20.7262,0.0,655,0.0,577,0.0,4044,0.0,11025,0.0,5198,0.0,18859,0.0,3485,0.0,371,0.0,44
XGBoost,o1,42,ttl_hold_L1,ttl_hold,1,True,44258,3358,7.5873,69.4338,22.9789,0.1527,655,0.6932,577,0.7418,4044,0.5986,11025,60.9465,5198,0.0954,18859,0.4017,3485,15.0943,371,2.2727,44
XGBoost,o1,42,ttl_hold_L2,ttl_hold,2,True,44258,2883,6.5141,70.2065,23.2794,0.0,655,0.5199,577,0.3462,4044,0.3265,11025,53.7899,5198,0.053,18859,0.3156,3485,3.504,371,0.0,44
XGBoost,o1,42,ttl_hold_L3,ttl_hold,3,True,44258,22222,50.2101,41.1112,8.6787,61.2214,655,64.6447,577,64.6637,4044,86.7755,11025,89.2651,5198,4.645,18859,95.6958,3485,100.0,371,100.0,44
XGBoost,o1,42,ttl_mimic_L1,ttl_mimic,1,True,44258,3868,8.7397,68.8689,22.3914,0.6107,655,1.5598,577,1.5579,4044,2.2132,11025,62.0623,5198,0.35,18859,2.9268,3485,41.2399,371,2.2727,44
XGBoost,o1,42,ttl_mimic_L2,ttl_mimic,2,True,44258,2881,6.5096,70.2088,23.2817,0.0,655,0.5199,577,0.3215,4044,0.3265,11025,53.7707,5198,0.053,18859,0.3156,3485,3.504,371,0.0,44
XGBoost,o1,42,ttl_mimic_L3,ttl_mimic,3,True,44258,22604,51.0733,40.7113,8.2155,63.8168,655,66.3778,577,66.4936,4044,87.4649,11025,89.8038,5198,5.5411,18859,95.9254,3485,100.0,371,100.0,44
XGBoost,o1,42,padding_L1,padding,1,True,44258,545,1.2314,68.2995,30.4691,0.3053,655,0.1733,577,0.4946,4044,0.2177,11025,3.9823,5198,0.6151,18859,4.9641,3485,0.5391,371,0.0,44
XGBoost,o1,42,padding_L2,padding,2,True,44258,426,0.9625,66.6591,32.3783,0.0,655,0.1733,577,0.2473,4044,0.3084,11025,4.6941,5198,0.5303,18859,1.0043,3485,0.5391,371,0.0,44
XGBoost,o1,42,padding_L3,padding,3,True,44258,436,0.9851,64.1059,34.9089,0.0,655,0.0,577,0.1731,4044,0.4535,11025,5.0404,5198,0.4295,18859,0.8895,3485,1.3477,371,0.0,44
XGBoost,o1,42,padding_L4,padding,4,True,44258,530,1.1975,66.3609,32.4416,0.0,655,0.1733,577,0.2473,4044,0.4172,11025,3.6745,5198,1.4529,18859,0.2009,3485,0.2695,371,0.0,44
XGBoost,o1,42,timing_L1,timing,1,True,44258,266,0.601,79.2602,20.1387,0.6107,655,0.3466,577,0.3462,4044,0.2268,11025,4.1362,5198,0.0053,18859,0.0287,3485,1.0782,371,0.0,44
XGBoost,o1,42,timing_L2,timing,2,True,44258,289,0.653,79.2083,20.1387,0.916,655,0.3466,577,0.544,4044,0.3628,11025,4.0208,5198,0.0159,18859,0.0861,3485,1.0782,371,0.0,44
XGBoost,o1,42,timing_L3,timing,3,True,44258,380,0.8586,78.9213,20.2201,1.0687,655,0.6932,577,0.9644,4044,0.7166,11025,4.4248,5198,0.0212,18859,0.3156,3485,1.0782,371,4.5455,44
XGBoost,o1,42,timing_L4,timing,4,True,44258,495,1.1184,78.6163,20.2653,1.2214,655,0.3466,577,1.632,4044,0.9705,11025,5.0212,5198,0.0636,18859,0.6887,3485,4.0431,371,0.0,44
XGBoost,o1,42,connection_rate_L1,connection_rate,1,True,44258,220,0.4971,79.3664,20.1365,0.458,655,0.0,577,0.1236,4044,0.0726,11025,3.9053,5198,0.0,18859,0.0287,3485,0.0,371,0.0,44
XGBoost,o1,42,connection_rate_L2,connection_rate,2,True,44258,247,0.5581,79.4726,19.9693,0.6107,655,0.0,577,0.1236,4044,0.0635,11025,4.3863,5198,0.0053,18859,0.0287,3485,0.2695,371,0.0,44
XGBoost,o1,42,connection_rate_L3,connection_rate,3,True,44258,217,0.4903,79.4659,20.0438,0.7634,655,0.1733,577,0.1236,4044,0.0363,11025,3.8476,5198,0.0053,18859,0.0,3485,0.2695,371,0.0,44
XGBoost,o1,42,connection_rate_L4,connection_rate,4,True,44258,144,0.3254,79.1563,20.5183,0.7634,655,0.1733,577,0.1236,4044,0.0454,11025,2.424,5198,0.0053,18859,0.0,3485,0.2695,371,0.0,44
XGBoost,o1,42,combined_hold_L1,combined_hold,1,True,44258,4580,10.3484,60.197,29.4546,9.771,655,11.2652,577,3.0415,4044,2.0771,11025,55.656,5198,1.5165,18859,24.6485,3485,16.1725,371,2.2727,44
XGBoost,o1,42,combined_hold_L2,combined_hold,2,True,44258,2287,5.1674,22.414,72.4185,0.3053,655,0.1733,577,0.8902,4044,0.5986,11025,39.9192,5198,0.0477,18859,2.5538,3485,2.4259,371,0.0,44
XGBoost,o1,42,combined_hold_L3,combined_hold,3,True,44258,42183,95.3116,0.1943,4.4941,85.9542,655,86.1352,577,80.4649,4044,92.9615,11025,95.2289,5198,99.9947,18859,97.4749,3485,100.0,371,100.0,44
XGBoost,o1,42,combined_hold_L4,combined_hold,4,True,44258,42683,96.4413,0.1469,3.4118,89.4656,655,88.9081,577,85.361,4044,94.6485,11025,96.2678,5198,100.0,18859,98.1062,3485,100.0,371,100.0,44
XGBoost,o1,42,combined_mimic_L1,combined_mimic,1,True,44258,20705,46.7825,33.5578,19.6597,46.8702,655,41.7678,577,23.5905,4044,11.7642,11025,67.4105,5198,64.3565,18859,60.4304,3485,42.5876,371,2.2727,44
XGBoost,o1,42,combined_mimic_L2,combined_mimic,2,True,44258,2280,5.1516,22.414,72.4344,0.3053,655,0.1733,577,0.7913,4044,0.5986,11025,39.8615,5198,0.0477,18859,2.5538,3485,2.4259,371,0.0,44
XGBoost,o1,42,combined_mimic_L3,combined_mimic,3,True,44258,42563,96.1702,0.131,3.6988,90.0763,655,89.948,577,83.5806,4044,94.1859,11025,96.3255,5198,99.9947,18859,97.8479,3485,100.0,371,100.0,44
XGBoost,o1,42,combined_mimic_L4,combined_mimic,4,True,44258,42895,96.9203,0.1265,2.9531,91.145,655,90.2946,577,87.3393,4044,95.3651,11025,96.7487,5198,100.0,18859,98.3644,3485,100.0,371,100.0,44
XGBoost,o1,42,ttl_both_L1,ttl_both,1,False,44258,22604,51.0733,40.7113,8.2155,63.8168,655,66.3778,577,66.4936,4044,87.4649,11025,89.8038,5198,5.5411,18859,95.9254,3485,100.0,371,100.0,44
XGBoost,o1,43,identity_L0,identity,0,True,44318,0,0.0,79.277,20.723,0.0,650,0.0,576,0.0,4042,0.0,11030,0.0,5260,0.0,18857,0.0,3486,0.0,373,0.0,44
XGBoost,o1,43,ttl_hold_L1,ttl_hold,1,True,44318,3316,7.4823,69.6512,22.8666,0.7692,650,0.6944,576,0.6432,4042,0.5621,11030,59.5437,5260,0.0689,18857,0.4877,3486,15.0134,373,2.2727,44
XGBoost,o1,43,ttl_hold_L2,ttl_hold,2,True,44318,2877,6.4917,70.0393,23.469,0.0,650,0.3472,576,0.3464,4042,0.3083,11030,52.9658,5260,0.0371,18857,0.2869,3486,6.1662,373,2.2727,44
XGBoost,o1,43,ttl_hold_L3,ttl_hold,3,True,44318,22077,49.815,41.3466,8.8384,59.3846,650,63.1944,576,64.0524,4042,86.5095,11030,89.0494,5260,4.0462,18857,95.5823,3486,100.0,373,100.0,44
XGBoost,o1,43,ttl_mimic_L1,ttl_mimic,1,True,44318,4390,9.9057,68.1845,21.9098,2.1538,650,1.3889,576,2.2514,4042,2.5113,11030,63.6502,5260,0.4402,18857,10.7286,3486,52.0107,373,2.2727,44
XGBoost,o1,43,ttl_mimic_L2,ttl_mimic,2,True,44318,2876,6.4895,70.0325,23.478,0.0,650,0.3472,576,0.3464,4042,0.3083,11030,52.9468,5260,0.0371,18857,0.2869,3486,6.1662,373,2.2727,44
XGBoost,o1,43,ttl_mimic_L3,ttl_mimic,3,True,44318,22405,50.5551,40.9743,8.4706,61.8462,650,65.2778,576,65.3389,4042,87.0444,11030,89.6008,5260,4.8576,18857,95.7831,3486,100.0,373,100.0,44
XGBoost,o1,43,padding_L1,padding,1,True,44318,523,1.1801,68.444,30.3759,0.3077,650,0.1736,576,0.6185,4042,0.3083,11030,4.0875,5260,0.525,18857,4.1882,3486,0.2681,373,0.0,44
XGBoost,o1,43,padding_L2,padding,2,True,44318,448,1.0109,68.2274,30.7618,0.0,650,0.3472,576,0.2227,4042,0.4624,11030,4.9049,5260,0.4985,18857,0.918,3486,0.5362,373,0.0,44
XGBoost,o1,43,padding_L3,padding,3,True,44318,387,0.8732,67.503,31.6237,0.0,650,0.0,576,0.1732,4042,0.417,11030,4.6198,5260,0.2864,18857,0.9753,3486,0.8043,373,0.0,44
XGBoost,o1,43,padding_L4,padding,4,True,44318,531,1.1982,67.5504,31.2514,0.0,650,0.1736,576,0.3711,4042,0.5712,11030,3.289,5260,1.4212,18857,0.2295,3486,0.8043,373,0.0,44
XGBoost,o1,43,timing_L1,timing,1,True,44318,262,0.5912,79.1101,20.2987,0.7692,650,0.1736,576,0.3464,4042,0.2811,11030,3.8973,5260,0.0159,18857,0.0,3486,0.8043,373,0.0,44
XGBoost,o1,43,timing_L2,timing,2,True,44318,321,0.7243,78.9815,20.2942,2.6154,650,0.0,576,0.5938,4042,0.4352,11030,4.1825,5260,0.0318,18857,0.0287,3486,1.3405,373,0.0,44
XGBoost,o1,43,timing_L3,timing,3,True,44318,427,0.9635,78.5482,20.4883,2.0,650,0.0,576,1.0391,4042,0.7616,11030,4.924,5260,0.0318,18857,0.4877,3486,1.6086,373,0.0,44
XGBoost,o1,43,timing_L4,timing,4,True,44318,557,1.2568,78.2075,20.5357,3.3846,650,0.1736,576,1.6081,4042,1.0698,11030,5.5513,5260,0.0689,18857,0.8893,3486,3.7534,373,2.2727,44
XGBoost,o1,43,connection_rate_L1,connection_rate,1,True,44318,225,0.5077,79.365,20.1273,0.0,650,0.1736,576,0.1484,4042,0.0635,11030,3.9544,5260,0.0,18857,0.0574,3486,0.2681,373,0.0,44
XGBoost,o1,43,connection_rate_L2,connection_rate,2,True,44318,245,0.5528,79.514,19.9332,0.0,650,0.0,576,0.1237,4042,0.0907,11030,4.3156,5260,0.0,18857,0.0574,3486,0.2681,373,0.0,44
XGBoost,o1,43,connection_rate_L3,connection_rate,3,True,44318,213,0.4806,79.444,20.0754,0.6154,650,0.0,576,0.0742,4042,0.0816,11030,3.7262,5260,0.0,18857,0.0,3486,0.2681,373,0.0,44
XGBoost,o1,43,connection_rate_L4,connection_rate,4,True,44318,143,0.3227,79.0266,20.6508,0.6154,650,0.0,576,0.0742,4042,0.0816,11030,2.3954,5260,0.0,18857,0.0,3486,0.2681,373,0.0,44
XGBoost,o1,43,combined_hold_L1,combined_hold,1,True,44318,4398,9.9237,60.6029,29.4734,7.6923,650,8.8542,576,2.8946,4042,1.8858,11030,55.1331,5260,0.8856,18857,24.1251,3486,16.8901,373,2.2727,44
XGBoost,o1,43,combined_hold_L2,combined_hold,2,True,44318,2379,5.368,22.043,72.589,0.3077,650,0.3472,576,1.0391,4042,0.689,11030,40.6084,5260,0.0689,18857,2.7826,3486,2.9491,373,0.0,44
XGBoost,o1,43,combined_hold_L3,combined_hold,3,True,44318,41969,94.6997,0.2324,5.0679,82.1538,650,82.8125,576,78.4018,4042,92.1124,11030,94.4106,5260,99.9947,18857,97.2461,3486,100.0,373,100.0,44
XGBoost,o1,43,combined_hold_L4,combined_hold,4,True,44318,42595,96.1122,0.1625,3.7253,87.8462,650,87.8472,576,84.0178,4042,94.1614,11030,95.9696,5260,100.0,18857,97.9346,3486,100.0,373,100.0,44
XGBoost,o1,43,combined_mimic_L1,combined_mimic,1,True,44318,21492,48.495,33.3025,18.2025,49.6923,650,42.7083,576,26.3236,4042,12.8286,11030,71.597,5260,65.0156,18857,63.5972,3486,53.3512,373,4.5455,44
XGBoost,o1,43,combined_mimic_L2,combined_mimic,2,True,44318,2368,5.3432,22.0542,72.6026,0.3077,650,0.3472,576,0.9154,4042,0.689,11030,40.4943,5260,0.0689,18857,2.7826,3486,2.9491,373,0.0,44
XGBoost,o1,43,combined_mimic_L3,combined_mimic,3,True,44318,42672,96.2859,0.1309,3.5832,89.6923,650,89.9306,576,84.1663,4042,94.379,11030,96.4259,5260,99.9947,18857,97.9346,3486,100.0,373,100.0,44
XGBoost,o1,43,combined_mimic_L4,combined_mimic,4,True,44318,42954,96.9222,0.1264,2.9514,90.9231,650,90.2778,576,87.333,4042,95.3672,11030,96.7871,5260,100.0,18857,98.3649,3486,100.0,373,100.0,44
XGBoost,o1,43,ttl_both_L1,ttl_both,1,False,44318,22405,50.5551,40.9743,8.4706,61.8462,650,65.2778,576,65.3389,4042,87.0444,11030,89.6008,5260,4.8576,18857,95.7831,3486,100.0,373,100.0,44
XGBoost,o1,44,identity_L0,identity,0,True,44262,0,0.0,79.3118,20.6882,0.0,643,0.0,577,0.0,4040,0.0,11025,0.0,5218,0.0,18856,0.0,3487,0.0,372,0.0,44
XGBoost,o1,44,ttl_hold_L1,ttl_hold,1,True,44262,3369,7.6115,69.5969,22.7916,0.6221,643,0.5199,577,0.6931,4040,0.5624,11025,61.0387,5218,0.0849,18856,0.4302,3487,14.7849,372,2.2727,44
XGBoost,o1,44,ttl_hold_L2,ttl_hold,2,True,44262,2896,6.5429,69.8093,23.6478,0.0,643,0.6932,577,0.2723,4040,0.3537,11025,53.6412,5218,0.0477,18856,0.3155,3487,5.914,372,2.2727,44
XGBoost,o1,44,ttl_hold_L3,ttl_hold,3,True,44262,21986,49.6724,41.4441,8.8835,58.9425,643,63.2582,577,64.0347,4040,86.5034,11025,88.9613,5218,3.8768,18856,95.4689,3487,100.0,372,100.0,44
XGBoost,o1,44,ttl_mimic_L1,ttl_mimic,1,True,44262,4043,9.1342,68.8604,22.0053,1.3997,643,0.8666,577,1.5594,4040,2.1587,11025,64.0284,5218,0.1856,18856,4.6745,3487,50.5376,372,2.2727,44
XGBoost,o1,44,ttl_mimic_L2,ttl_mimic,2,True,44262,2894,6.5383,69.8093,23.6523,0.0,643,0.6932,577,0.2723,4040,0.3537,11025,53.6029,5218,0.0477,18856,0.3155,3487,5.914,372,2.2727,44
XGBoost,o1,44,ttl_mimic_L3,ttl_mimic,3,True,44262,22233,50.2304,41.2205,8.5491,60.9642,643,64.6447,577,65.2228,4040,86.966,11025,89.3637,5218,4.3806,18856,95.7843,3487,100.0,372,100.0,44
XGBoost,o1,44,padding_L1,padding,1,True,44262,477,1.0777,70.8554,28.067,0.0,643,0.1733,577,0.5198,4040,0.1814,11025,4.1778,5218,0.4455,18856,3.7281,3487,0.8065,372,0.0,44
XGBoost,o1,44,padding_L2,padding,2,True,44262,383,0.8653,69.5563,29.5784,0.0,643,0.3466,577,0.1485,4040,0.2993,11025,4.542,5218,0.3553,18856,0.9751,3487,1.0753,372,0.0,44
XGBoost,o1,44,padding_L3,padding,3,True,44262,399,0.9015,67.2021,31.8964,0.0,643,0.0,577,0.1733,4040,0.2721,11025,5.3852,5218,0.2227,18856,1.0324,3487,0.8065,372,0.0,44
XGBoost,o1,44,padding_L4,padding,4,True,44262,421,0.9512,67.7127,31.3361,0.0,643,0.1733,577,0.2228,4040,0.4263,11025,3.6029,5218,0.8591,18856,0.3155,3487,0.8065,372,0.0,44
XGBoost,o1,44,timing_L1,timing,1,True,44262,265,0.5987,79.2779,20.1234,1.0886,643,0.0,577,0.396,4040,0.2086,11025,4.0629,5218,0.0159,18856,0.0574,3487,0.5376,372,0.0,44
XGBoost,o1,44,timing_L2,timing,2,True,44262,294,0.6642,79.2305,20.1053,2.3328,643,0.1733,577,0.6436,4040,0.4263,11025,3.7754,5218,0.0159,18856,0.086,3487,0.5376,372,0.0,44
XGBoost,o1,44,timing_L3,timing,3,True,44262,430,0.9715,78.7651,20.2634,2.0218,643,0.0,577,1.3366,4040,0.898,11025,4.3312,5218,0.0424,18856,0.6309,3487,1.8817,372,2.2727,44
XGBoost,o1,44,timing_L4,timing,4,True,44262,580,1.3104,78.4013,20.2883,3.4215,643,0.0,577,1.9307,4040,1.2426,11025,5.366,5218,0.0636,18856,1.0898,3487,3.2258,372,2.2727,44
XGBoost,o1,44,connection_rate_L1,connection_rate,1,True,44262,216,0.488,79.3683,20.1437,0.1555,643,0.1733,577,0.099,4040,0.0272,11025,3.9095,5218,0.0053,18856,0.0,3487,0.5376,372,0.0,44
XGBoost,o1,44,connection_rate_L2,connection_rate,2,True,44262,227,0.5129,79.5988,19.8884,0.311,643,0.0,577,0.1238,4040,0.0544,11025,4.0629,5218,0.0,18856,0.0287,3487,0.2688,372,0.0,44
XGBoost,o1,44,connection_rate_L3,connection_rate,3,True,44262,193,0.436,79.5355,20.0285,0.311,643,0.0,577,0.1238,4040,0.0454,11025,3.3921,5218,0.0053,18856,0.0574,3487,0.2688,372,0.0,44
XGBoost,o1,44,connection_rate_L4,connection_rate,4,True,44262,124,0.2802,79.1808,20.5391,0.4666,643,0.0,577,0.1238,4040,0.0544,11025,2.0314,5218,0.0053,18856,0.0574,3487,0.2688,372,0.0,44
XGBoost,o1,44,combined_hold_L1,combined_hold,1,True,44262,3994,9.0235,62.5345,28.442,2.4883,643,2.773,577,1.8564,4040,1.2608,11025,54.0437,5218,0.7955,18856,20.5908,3487,15.8602,372,2.2727,44
XGBoost,o1,44,combined_hold_L2,combined_hold,2,True,44262,2263,5.1127,21.8223,73.0649,0.311,643,0.1733,577,0.8416,4040,0.5624,11025,39.3637,5218,0.0689,18856,2.4663,3487,2.957,372,0.0,44
XGBoost,o1,44,combined_hold_L3,combined_hold,3,True,44262,41772,94.3744,0.3095,5.3161,76.9829,643,76.2565,577,78.8366,4040,91.8639,11025,93.0433,5218,99.9947,18856,97.4477,3487,100.0,372,100.0,44
XGBoost,o1,44,combined_hold_L4,combined_hold,4,True,44262,42443,95.8904,0.2169,3.8927,83.8258,643,83.3622,577,84.3564,4040,94.0045,11025,95.0364,5218,100.0,18856,98.0786,3487,100.0,372,100.0,44
XGBoost,o1,44,combined_mimic_L1,combined_mimic,1,True,44262,21002,47.4493,33.688,18.8627,50.5443,643,42.2877,577,26.8069,4040,12.4989,11025,70.046,5218,64.2872,18856,57.4706,3487,50.8065,372,4.5455,44
XGBoost,o1,44,combined_mimic_L2,combined_mimic,2,True,44262,2254,5.0924,21.8246,73.083,0.311,643,0.1733,577,0.7426,4040,0.5624,11025,39.2679,5218,0.0689,18856,2.4663,3487,2.957,372,0.0,44
XGBoost,o1,44,combined_mimic_L3,combined_mimic,3,True,44262,42706,96.4846,0.1356,3.3799,89.5801,643,89.6014,577,85.297,4040,94.7211,11025,96.4354,5218,99.9947,18856,98.1073,3487,100.0,372,100.0,44
XGBoost,o1,44,combined_mimic_L4,combined_mimic,4,True,44262,42933,96.9974,0.1265,2.8761,90.9798,643,90.2946,577,87.7228,4040,95.4921,11025,96.7995,5218,100.0,18856,98.4227,3487,100.0,372,100.0,44
XGBoost,o1,44,ttl_both_L1,ttl_both,1,False,44262,22233,50.2304,41.2205,8.5491,60.9642,643,64.6447,577,65.2228,4040,86.966,11025,89.3637,5218,4.3806,18856,95.7843,3487,100.0,372,100.0,44
Transformer,o1,42,identity_L0,identity,0,True,45304,0,0.0,71.9959,28.0041,0.0,674,0.0,583,0.0,4086,0.0,11116,0.0,6057,0.0,18870,0.0,3496,0.0,378,0.0,44
Transformer,o1,42,ttl_hold_L1,ttl_hold,1,True,45304,1438,3.1741,40.2591,56.5667,0.7418,674,1.0292,583,1.5908,4086,0.5847,11116,16.9226,6057,1.4043,18870,0.1144,3496,0.7937,378,0.0,44
Transformer,o1,42,ttl_hold_L2,ttl_hold,2,True,45304,1453,3.2072,39.7316,57.0612,0.7418,674,1.0292,583,1.5908,4086,0.5847,11116,17.0216,6057,1.452,18870,0.1144,3496,0.7937,378,0.0,44
Transformer,o1,42,ttl_hold_L3,ttl_hold,3,True,45304,1830,4.0394,32.7786,63.1821,1.1869,674,1.3722,583,1.909,4086,0.8096,11116,19.0028,6057,2.5808,18870,0.143,3496,0.7937,378,0.0,44
Transformer,o1,42,ttl_mimic_L1,ttl_mimic,1,True,45304,16752,36.9769,13.7206,49.3025,36.3501,674,33.7907,583,21.3901,4086,13.1072,11116,46.0954,6057,57.5888,18870,7.0366,3496,17.9894,378,13.6364,44
Transformer,o1,42,ttl_mimic_L2,ttl_mimic,2,True,45304,1571,3.4677,39.619,56.9133,0.7418,674,1.8868,583,2.2026,4086,1.1155,11116,17.0877,6057,1.5315,18870,0.4005,3496,0.7937,378,0.0,44
Transformer,o1,42,ttl_mimic_L3,ttl_mimic,3,True,45304,19549,43.1507,13.1909,43.6584,41.3947,674,38.422,583,25.0367,4086,16.1119,11116,49.7771,6057,67.5729,18870,10.3261,3496,25.6614,378,18.1818,44
Transformer,o1,42,padding_L1,padding,1,True,45304,47,0.1037,65.8816,34.0147,0.0,674,0.0,583,0.0979,4086,0.045,11116,0.6274,6057,0.0,18870,0.0,3496,0.0,378,0.0,44
Transformer,o1,42,padding_L2,padding,2,True,45304,5,0.011,65.5262,34.4627,0.0,674,0.0,583,0.0,4086,0.018,11116,0.0495,6057,0.0,18870,0.0,3496,0.0,378,0.0,44
Transformer,o1,42,padding_L3,padding,3,True,45304,11,0.0243,64.0363,35.9394,0.0,674,0.0,583,0.0,4086,0.054,11116,0.066,6057,0.0,18870,0.0286,3496,0.0,378,0.0,44
Transformer,o1,42,padding_L4,padding,4,True,45304,33,0.0728,54.525,45.4022,0.0,674,0.0,583,0.0489,4086,0.2159,11116,0.0991,6057,0.0,18870,0.0286,3496,0.0,378,0.0,44
Transformer,o1,42,timing_L1,timing,1,True,45304,5,0.011,71.9363,28.0527,0.1484,674,0.0,583,0.0245,4086,0.018,11116,0.0165,6057,0.0,18870,0.0,3496,0.0,378,0.0,44
Transformer,o1,42,timing_L2,timing,2,True,45304,8,0.0177,71.7972,28.1851,0.5935,674,0.0,583,0.0245,4086,0.018,11116,0.0165,6057,0.0,18870,0.0,3496,0.0,378,0.0,44
Transformer,o1,42,timing_L3,timing,3,True,45304,8,0.0177,71.1791,28.8032,0.0,674,0.0,583,0.0,4086,0.072,11116,0.0,6057,0.0,18870,0.0,3496,0.0,378,0.0,44
Transformer,o1,42,timing_L4,timing,4,True,45304,10,0.0221,70.8414,29.1365,0.0,674,0.0,583,0.0,4086,0.09,11116,0.0,6057,0.0,18870,0.0,3496,0.0,378,0.0,44
Transformer,o1,42,connection_rate_L1,connection_rate,1,True,45304,0,0.0,71.8082,28.1918,0.0,674,0.0,583,0.0,4086,0.0,11116,0.0,6057,0.0,18870,0.0,3496,0.0,378,0.0,44
Transformer,o1,42,connection_rate_L2,connection_rate,2,True,45304,1,0.0022,71.9186,28.0792,0.0,674,0.0,583,0.0,4086,0.0,11116,0.0,6057,0.0053,18870,0.0,3496,0.0,378,0.0,44
Transformer,o1,42,connection_rate_L3,connection_rate,3,True,45304,0,0.0,67.5768,32.4232,0.0,674,0.0,583,0.0,4086,0.0,11116,0.0,6057,0.0,18870,0.0,3496,0.0,378,0.0,44
Transformer,o1,42,connection_rate_L4,connection_rate,4,True,45304,0,0.0,32.655,67.345,0.0,674,0.0,583,0.0,4086,0.0,11116,0.0,6057,0.0,18870,0.0,3496,0.0,378,0.0,44
Transformer,o1,42,combined_hold_L1,combined_hold,1,True,45304,2273,5.0172,29.0681,65.9147,1.9288,674,2.0583,583,2.2516,4086,0.9086,11116,17.3518,6057,5.2676,18870,0.2002,3496,0.7937,378,0.0,44
Transformer,o1,42,combined_hold_L2,combined_hold,2,True,45304,3225,7.1186,21.8016,71.0798,2.0772,674,2.4014,583,2.1782,4086,1.0345,11116,18.9037,6057,9.7138,18870,0.2574,3496,1.0582,378,4.5455,44
Transformer,o1,42,combined_hold_L3,combined_hold,3,True,45304,5757,12.7075,16.8528,70.4397,8.9021,674,9.2624,583,5.0906,4086,2.9507,11116,22.734,6057,19.5072,18870,1.1728,3496,1.5873,378,4.5455,44
Transformer,o1,42,combined_hold_L4,combined_hold,4,True,45304,7892,17.4201,20.4485,62.1314,14.2433,674,14.2367,583,7.6358,4086,3.9673,11116,22.1232,6057,29.3959,18870,1.8307,3496,1.8519,378,4.5455,44
Transformer,o1,42,combined_mimic_L1,combined_mimic,1,True,45304,20913,46.1615,13.3013,40.5373,44.5104,674,41.8525,583,26.2115,4086,16.022,11116,49.2323,6057,74.9497,18870,8.1522,3496,25.9259,378,20.4545,44
Transformer,o1,42,combined_mimic_L2,combined_mimic,2,True,45304,3329,7.3481,21.7155,70.9363,2.0772,674,3.7736,583,2.6187,4086,1.5113,11116,18.9533,6057,9.7774,18870,0.5435,3496,1.0582,378,4.5455,44
Transformer,o1,42,combined_mimic_L3,combined_mimic,3,True,45304,30306,66.8948,11.765,21.3403,72.8487,674,70.8405,583,51.86,4086,30.8834,11116,61.5651,6057,97.2337,18870,44.5938,3496,49.4709,378,61.3636,44
Transformer,o1,42,combined_mimic_L4,combined_mimic,4,True,45304,32175,71.0202,12.511,16.4687,83.9763,674,83.1904,583,60.7685,4086,37.3696,11116,65.1478,6057,97.1383,18870,55.778,3496,61.3757,378,65.9091,44
Transformer,o1,42,ttl_both_L1,ttl_both,1,False,45304,32199,71.0732,1.9645,26.9623,47.3294,674,45.7976,583,47.4792,4086,78.8593,11116,86.4454,6057,69.8728,18870,61.7563,3496,75.6614,378,93.1818,44
Transformer,o1,43,identity_L0,identity,0,True,45296,0,0.0,74.2847,25.7153,0.0,671,0.0,583,0.0,4088,0.0,11105,0.0,6061,0.0,18870,0.0,3496,0.0,378,0.0,44
Transformer,o1,43,ttl_hold_L1,ttl_hold,1,True,45296,654,1.4438,19.0348,79.5214,0.0,671,0.0,583,0.3914,4088,0.1711,11105,7.342,6061,0.8903,18870,0.1716,3496,0.0,378,0.0,44
Transformer,o1,43,ttl_hold_L2,ttl_hold,2,True,45296,674,1.488,19.0083,79.5037,0.0,671,0.0,583,0.4159,4088,0.1711,11105,7.441,6061,0.9592,18870,0.1716,3496,0.0,378,0.0,44
Transformer,o1,43,ttl_hold_L3,ttl_hold,3,True,45296,936,2.0664,18.7522,79.1814,0.0,671,0.1715,583,0.636,4088,0.2792,11105,9.1899,6061,1.6534,18870,0.2288,3496,0.2646,378,0.0,44
Transformer,o1,43,ttl_mimic_L1,ttl_mimic,1,True,45296,20490,45.2358,19.6794,35.0848,10.5812,671,10.1201,583,5.5773,4088,2.9806,11105,22.9665,6061,96.301,18870,6.5789,3496,1.5873,378,2.2727,44
Transformer,o1,43,ttl_mimic_L2,ttl_mimic,2,True,45296,648,1.4306,19.0326,79.5368,0.0,671,0.0,583,0.0245,4088,0.063,11105,7.474,6061,0.9592,18870,0.1716,3496,0.0,378,0.0,44
Transformer,o1,43,ttl_mimic_L3,ttl_mimic,3,True,45296,21742,47.9998,19.037,32.9632,18.0328,671,16.295,583,10.274,4088,5.2319,11105,28.8566,6061,96.4653,18870,15.8467,3496,4.7619,378,2.2727,44
Transformer,o1,43,padding_L1,padding,1,True,45296,9,0.0199,68.1892,31.7909,0.149,671,0.0,583,0.0734,4088,0.027,11105,0.0165,6061,0.0,18870,0.0286,3496,0.0,378,0.0,44
Transformer,o1,43,padding_L2,padding,2,True,45296,0,0.0,67.6704,32.3296,0.0,671,0.0,583,0.0,4088,0.0,11105,0.0,6061,0.0,18870,0.0,3496,0.0,378,0.0,44
Transformer,o1,43,padding_L3,padding,3,True,45296,8,0.0177,53.6096,46.3727,0.0,671,0.0,583,0.0245,4088,0.045,11105,0.033,6061,0.0,18870,0.0,3496,0.0,378,0.0,44
Transformer,o1,43,padding_L4,padding,4,True,45296,8,0.0177,51.2429,48.7394,0.0,671,0.0,583,0.0245,4088,0.045,11105,0.033,6061,0.0,18870,0.0,3496,0.0,378,0.0,44
Transformer,o1,43,timing_L1,timing,1,True,45296,4,0.0088,74.4613,25.5298,0.4471,671,0.0,583,0.0,4088,0.009,11105,0.0,6061,0.0,18870,0.0,3496,0.0,378,0.0,44
Transformer,o1,43,timing_L2,timing,2,True,45296,7,0.0155,74.4459,25.5387,0.7452,671,0.0,583,0.0,4088,0.009,11105,0.0165,6061,0.0,18870,0.0,3496,0.0,378,0.0,44
Transformer,o1,43,timing_L3,timing,3,True,45296,4,0.0088,73.8078,26.1833,0.2981,671,0.0,583,0.0245,4088,0.0,11105,0.0165,6061,0.0,18870,0.0,3496,0.0,378,0.0,44
Transformer,o1,43,timing_L4,timing,4,True,45296,2,0.0044,73.3089,26.6867,0.0,671,0.0,583,0.0245,4088,0.0,11105,0.0,6061,0.0053,18870,0.0,3496,0.0,378,0.0,44
Transformer,o1,43,connection_rate_L1,connection_rate,1,True,45296,0,0.0,72.7194,27.2806,0.0,671,0.0,583,0.0,4088,0.0,11105,0.0,6061,0.0,18870,0.0,3496,0.0,378,0.0,44
Transformer,o1,43,connection_rate_L2,connection_rate,2,True,45296,0,0.0,68.5844,31.4156,0.0,671,0.0,583,0.0,4088,0.0,11105,0.0,6061,0.0,18870,0.0,3496,0.0,378,0.0,44
Transformer,o1,43,connection_rate_L3,connection_rate,3,True,45296,0,0.0,57.8771,42.1229,0.0,671,0.0,583,0.0,4088,0.0,11105,0.0,6061,0.0,18870,0.0,3496,0.0,378,0.0,44
Transformer,o1,43,connection_rate_L4,connection_rate,4,True,45296,0,0.0,32.5592,67.4408,0.0,671,0.0,583,0.0,4088,0.0,11105,0.0,6061,0.0,18870,0.0,3496,0.0,378,0.0,44
Transformer,o1,43,combined_hold_L1,combined_hold,1,True,45296,781,1.7242,18.6087,79.6671,0.149,671,0.1715,583,0.4403,4088,0.2071,11105,8.398,6061,1.1818,18870,0.1144,3496,0.5291,378,0.0,44
Transformer,o1,43,combined_hold_L2,combined_hold,2,True,45296,952,2.1017,18.3217,79.5766,0.0,671,0.1715,583,0.3669,4088,0.2792,11105,10.2458,6061,1.4891,18870,0.0572,3496,0.2646,378,0.0,44
Transformer,o1,43,combined_hold_L3,combined_hold,3,True,45296,2202,4.8614,18.0215,77.1172,0.0,671,0.1715,583,0.636,4088,0.7834,11105,18.4128,6061,5.0026,18870,0.5721,3496,1.3228,378,6.8182,44
Transformer,o1,43,combined_hold_L4,combined_hold,4,True,45296,6156,13.5906,18.6926,67.7168,0.4471,671,1.2007,583,1.0029,4088,1.4138,11105,19.2542,6061,24.8225,18870,2.4314,3496,2.381,378,6.8182,44
Transformer,o1,43,combined_mimic_L1,combined_mimic,1,True,45296,20499,45.2557,19.3991,35.3453,10.7303,671,10.6346,583,6.3112,4088,3.5209,11105,24.0059,6061,96.3381,18870,2.0309,3496,2.381,378,4.5455,44
Transformer,o1,43,combined_mimic_L2,combined_mimic,2,True,45296,928,2.0487,18.346,79.6053,0.0,671,0.0,583,0.0245,4088,0.1621,11105,10.3118,6061,1.4891,18870,0.0572,3496,0.2646,378,0.0,44
Transformer,o1,43,combined_mimic_L3,combined_mimic,3,True,45296,24739,54.6163,17.315,28.0687,37.7049,671,36.8782,583,28.2045,4088,14.7231,11105,46.857,6061,96.6826,18870,9.7254,3496,14.0212,378,13.6364,44
Transformer,o1,43,combined_mimic_L4,combined_mimic,4,True,45296,28253,62.3742,15.9595,21.6664,65.1267,671,62.0926,583,41.8053,4088,23.1517,11105,55.6839,6061,96.7939,18870,41.3902,3496,21.164,378,15.9091,44
Transformer,o1,43,ttl_both_L1,ttl_both,1,False,45296,34205,75.5144,7.175,17.3106,23.845,671,24.1852,583,31.5068,4088,62.6024,11105,75.8786,6061,98.9666,18870,61.8421,3496,52.381,378,68.1818,44
Transformer,o1,44,identity_L0,identity,0,True,45229,0,0.0,75.4029,24.5971,0.0,662,0.0,583,0.0,4085,0.0,11092,0.0,6022,0.0,18867,0.0,3496,0.0,378,0.0,44
Transformer,o1,44,ttl_hold_L1,ttl_hold,1,True,45229,2130,4.7094,40.6288,54.6618,0.3021,662,0.5146,583,1.5667,4085,0.7573,11092,31.1358,6022,0.3657,18867,0.7151,3496,1.8519,378,2.2727,44
Transformer,o1,44,ttl_hold_L2,ttl_hold,2,True,45229,2145,4.7425,40.5382,54.7193,0.3021,662,0.5146,583,1.5912,4085,0.7663,11092,31.2521,6022,0.3975,18867,0.7151,3496,1.8519,378,2.2727,44
Transformer,o1,44,ttl_hold_L3,ttl_hold,3,True,45229,2377,5.2555,39.7798,54.9647,0.7553,662,0.5146,583,1.8605,4085,1.1269,11092,32.7466,6022,0.8639,18867,0.6007,3496,2.9101,378,2.2727,44
Transformer,o1,44,ttl_mimic_L1,ttl_mimic,1,True,45229,19189,42.4263,13.6771,43.8966,35.8006,662,31.0463,583,18.8739,4085,16.5975,11092,61.8731,6022,63.7144,18867,8.667,3496,26.7196,378,18.1818,44
Transformer,o1,44,ttl_mimic_L2,ttl_mimic,2,True,45229,2101,4.6452,40.631,54.7237,0.3021,662,0.6861,583,0.8078,4085,0.7122,11092,31.1192,6022,0.3922,18867,0.7723,3496,1.8519,378,2.2727,44
Transformer,o1,44,ttl_mimic_L3,ttl_mimic,3,True,45229,24983,55.2367,12.4964,32.2669,46.3746,662,39.4511,583,26.2668,4085,21.9708,11092,67.4527,6022,86.4578,18867,12.357,3496,32.2751,378,18.1818,44
Transformer,o1,44,padding_L1,padding,1,True,45229,143,0.3162,69.0663,30.6175,0.0,662,0.0,583,0.0,4085,0.3516,11092,1.7104,6022,0.0053,18867,0.0,3496,0.0,378,0.0,44
Transformer,o1,44,padding_L2,padding,2,True,45229,19,0.042,68.4539,31.5041,0.0,662,0.0,583,0.0245,4085,0.0631,11092,0.1661,6022,0.0053,18867,0.0,3496,0.0,378,0.0,44
Transformer,o1,44,padding_L3,padding,3,True,45229,22,0.0486,54.7016,45.2497,0.0,662,0.1715,583,0.0979,4085,0.1352,11092,0.0166,6022,0.0053,18867,0.0,3496,0.0,378,0.0,44
Transformer,o1,44,padding_L4,padding,4,True,45229,42,0.0929,53.3242,46.5829,0.0,662,0.0,583,0.1469,4085,0.2705,11092,0.083,6022,0.0053,18867,0.0,3496,0.0,378,0.0,44
Transformer,o1,44,timing_L1,timing,1,True,45229,17,0.0376,75.4671,24.4953,0.1511,662,0.0,583,0.0245,4085,0.0451,11092,0.1661,6022,0.0,18867,0.0,3496,0.0,378,0.0,44
Transformer,o1,44,timing_L2,timing,2,True,45229,34,0.0752,75.4472,24.4777,0.4532,662,0.0,583,0.0245,4085,0.0902,11092,0.3155,6022,0.0053,18867,0.0,3496,0.0,378,0.0,44
Transformer,o1,44,timing_L3,timing,3,True,45229,17,0.0376,75.2791,24.6833,0.3021,662,0.0,583,0.0,4085,0.027,11092,0.1661,6022,0.0106,18867,0.0,3496,0.0,378,0.0,44
Transformer,o1,44,timing_L4,timing,4,True,45229,7,0.0155,75.0602,24.9243,0.0,662,0.0,583,0.0,4085,0.018,11092,0.0498,6022,0.0106,18867,0.0,3496,0.0,378,0.0,44
Transformer,o1,44,connection_rate_L1,connection_rate,1,True,45229,21,0.0464,74.6888,25.2648,0.0,662,0.0,583,0.0,4085,0.0,11092,0.3487,6022,0.0,18867,0.0,3496,0.0,378,0.0,44
Transformer,o1,44,connection_rate_L2,connection_rate,2,True,45229,16,0.0354,73.9083,26.0563,0.0,662,0.0,583,0.0,4085,0.0,11092,0.2657,6022,0.0,18867,0.0,3496,0.0,378,0.0,44
Transformer,o1,44,connection_rate_L3,connection_rate,3,True,45229,1,0.0022,65.7189,34.2789,0.0,662,0.0,583,0.0,4085,0.0,11092,0.0166,6022,0.0,18867,0.0,3496,0.0,378,0.0,44
Transformer,o1,44,connection_rate_L4,connection_rate,4,True,45229,0,0.0,33.1999,66.8001,0.0,662,0.0,583,0.0,4085,0.0,11092,0.0,6022,0.0,18867,0.0,3496,0.0,378,0.0,44
Transformer,o1,44,combined_hold_L1,combined_hold,1,True,45229,2300,5.0852,39.2005,55.7143,0.3021,662,0.5146,583,1.5177,4085,0.8294,11092,33.0787,6022,0.4717,18867,1.4302,3496,2.381,378,2.2727,44
Transformer,o1,44,combined_hold_L2,combined_hold,2,True,45229,2356,5.209,35.7293,59.0617,0.4532,662,0.6861,583,1.6401,4085,1.0728,11092,32.5473,6022,0.7632,18867,1.3444,3496,2.381,378,6.8182,44
Transformer,o1,44,combined_hold_L3,combined_hold,3,True,45229,3507,7.7539,18.9967,73.2495,2.1148,662,2.4014,583,2.3011,4085,2.0285,11092,35.636,6022,4.9716,18867,1.4588,3496,5.291,378,11.3636,44
Transformer,o1,44,combined_hold_L4,combined_hold,4,True,45229,7288,16.1136,39.7378,44.1487,5.136,662,5.3173,583,3.2313,4085,3.498,11092,36.5991,6022,23.0455,18867,3.2323,3496,8.4656,378,13.6364,44
Transformer,o1,44,combined_mimic_L1,combined_mimic,1,True,45229,23759,52.5305,12.6158,34.8537,49.3958,662,42.3671,583,26.3647,4085,20.4472,11092,67.104,6022,81.2636,18867,9.8398,3496,29.8942,378,22.7273,44
Transformer,o1,44,combined_mimic_L2,combined_mimic,2,True,45229,2321,5.1317,35.7912,59.0771,0.4532,662,0.8576,583,0.9058,4085,1.0548,11092,32.4809,6022,0.7526,18867,1.4016,3496,2.381,378,6.8182,44
Transformer,o1,44,combined_mimic_L3,combined_mimic,3,True,45229,33446,73.9481,10.5463,15.5055,91.5408,662,84.9057,583,62.8641,4085,40.5247,11092,83.4606,6022,98.1131,18867,43.5069,3496,53.1746,378,52.2727,44
Transformer,o1,44,combined_mimic_L4,combined_mimic,4,True,45229,35975,79.5397,10.1307,10.3297,96.0725,662,89.3654,583,74.0514,4085,48.6567,11092,90.5181,6022,98.2827,18867,60.2403,3496,70.1058,378,70.4545,44
Transformer,o1,44,ttl_both_L1,ttl_both,1,False,45229,35160,77.7377,1.9633,20.2989,46.9789,662,47.8559,583,46.4137,4085,76.0999,11092,87.1803,6022,88.4401,18867,55.8066,3496,80.9524,378,90.9091,44
RandomForest,c1,42,identity_L0,identity,0,True,45250,0,0.0,75.6751,24.3249,0.0,677,0.0,583,0.0,4088,0.0,11118,0.0,5996,0.0,18871,0.0,3495,0.0,378,0.0,44
RandomForest,c1,42,ttl_hold_L1,ttl_hold,1,True,45250,140,0.3094,74.3956,25.295,2.0679,677,2.4014,583,0.3425,4088,0.2518,11118,1.1674,5996,0.0,18871,0.0,3495,0.0,378,0.0,44
RandomForest,c1,42,ttl_hold_L2,ttl_hold,2,True,45250,139,0.3072,74.2829,25.4099,2.0679,677,2.4014,583,0.3425,4088,0.2518,11118,1.1508,5996,0.0,18871,0.0,3495,0.0,378,0.0,44
RandomForest,c1,42,ttl_hold_L3,ttl_hold,3,True,45250,1587,3.5072,72.9392,23.5536,13.2939,677,16.4666,583,5.4795,4088,3.265,11118,12.2748,5996,0.1007,18871,1.402,3495,2.6455,378,0.0,44
RandomForest,c1,42,ttl_mimic_L1,ttl_mimic,1,True,45250,1165,2.5746,73.8453,23.5801,16.5436,677,19.7256,583,4.0117,4088,2.4735,11118,7.8386,5996,0.1007,18871,0.2861,3495,0.0,378,0.0,44
RandomForest,c1,42,ttl_mimic_L2,ttl_mimic,2,True,45250,139,0.3072,74.2674,25.4254,2.0679,677,2.4014,583,0.3425,4088,0.2518,11118,1.1508,5996,0.0,18871,0.0,3495,0.0,378,0.0,44
RandomForest,c1,42,ttl_mimic_L3,ttl_mimic,3,True,45250,5601,12.3779,69.1403,18.4818,44.1654,677,51.458,583,17.2211,4088,10.3166,11118,46.7145,5996,0.7896,18871,3.691,3495,17.4603,378,13.6364,44
RandomForest,c1,42,padding_L1,padding,1,True,45250,34,0.0751,65.2022,34.7227,0.0,677,0.0,583,0.0978,4088,0.1079,11118,0.2835,5996,0.0,18871,0.0286,3495,0.0,378,0.0,44
RandomForest,c1,42,padding_L2,padding,2,True,45250,20,0.0442,65.0961,34.8597,0.0,677,0.0,583,0.0245,4088,0.009,11118,0.3002,5996,0.0,18871,0.0,3495,0.0,378,0.0,44
RandomForest,c1,42,padding_L3,padding,3,True,45250,16,0.0354,64.6497,35.3149,0.0,677,0.0,583,0.0,4088,0.009,11118,0.2502,5996,0.0,18871,0.0,3495,0.0,378,0.0,44
RandomForest,c1,42,padding_L4,padding,4,True,45250,19,0.042,62.0906,37.8674,0.1477,677,0.0,583,0.0,4088,0.009,11118,0.2835,5996,0.0,18871,0.0,3495,0.0,378,0.0,44
RandomForest,c1,42,timing_L1,timing,1,True,45250,58,0.1282,75.7503,24.1215,0.0,677,0.0,583,0.1468,4088,0.054,11118,0.7171,5996,0.0,18871,0.0572,3495,0.2646,378,0.0,44
RandomForest,c1,42,timing_L2,timing,2,True,45250,113,0.2497,75.6994,24.0508,1.6248,677,1.7153,583,0.2446,4088,0.1889,11118,0.984,5996,0.0053,18871,0.0286,3495,0.0,378,0.0,44
RandomForest,c1,42,timing_L3,timing,3,True,45250,152,0.3359,75.0652,24.5989,2.2157,677,2.4014,583,0.6849,4088,0.3058,11118,0.934,5996,0.0106,18871,0.0572,3495,0.2646,378,0.0,44
RandomForest,c1,42,timing_L4,timing,4,True,45250,152,0.3359,74.5967,25.0674,2.2157,677,2.4014,583,0.7094,4088,0.3058,11118,0.9173,5996,0.0106,18871,0.0572,3495,0.2646,378,0.0,44
RandomForest,c1,42,connection_rate_L1,connection_rate,1,True,45250,38,0.084,74.7801,25.1359,0.0,677,0.0,583,0.0,4088,0.027,11118,0.567,5996,0.0,18871,0.0286,3495,0.0,378,0.0,44
RandomForest,c1,42,connection_rate_L2,connection_rate,2,True,45250,39,0.0862,75.0762,24.8376,0.0,677,0.0,583,0.4648,4088,0.063,11118,0.1835,5996,0.0053,18871,0.0286,3495,0.0,378,0.0,44
RandomForest,c1,42,connection_rate_L3,connection_rate,3,True,45250,42,0.0928,74.1348,25.7724,0.0,677,0.0,583,0.4648,4088,0.036,11118,0.2835,5996,0.0053,18871,0.0286,3495,0.0,378,0.0,44
RandomForest,c1,42,connection_rate_L4,connection_rate,4,True,45250,79,0.1746,73.8055,26.0199,0.0,677,1.0292,583,0.9051,4088,0.1439,11118,0.2001,5996,0.0371,18871,0.0286,3495,0.0,378,0.0,44
RandomForest,c1,42,combined_hold_L1,combined_hold,1,True,45250,212,0.4685,51.8387,47.6928,2.5111,677,2.7444,583,0.5382,4088,0.3958,11118,1.8679,5996,0.0,18871,0.0,3495,0.2646,378,0.0,44
RandomForest,c1,42,combined_hold_L2,combined_hold,2,True,45250,174,0.3845,50.8972,48.7182,2.5111,677,2.7444,583,0.4403,4088,0.2968,11118,1.4676,5996,0.0053,18871,0.0,3495,0.2646,378,0.0,44
RandomForest,c1,42,combined_hold_L3,combined_hold,3,True,45250,4717,10.4243,47.9912,41.5845,49.3353,677,55.4031,583,18.3219,4088,9.687,11118,26.4009,5996,0.1643,18871,16.7382,3495,9.2593,378,0.0,44
RandomForest,c1,42,combined_hold_L4,combined_hold,4,True,45250,7733,17.0895,44.2785,38.632,59.675,677,65.1801,583,29.4765,4088,14.3281,11118,38.1421,5996,4.9812,18871,25.0644,3495,12.6984,378,0.0,44
RandomForest,c1,42,combined_mimic_L1,combined_mimic,1,True,45250,1934,4.274,50.8199,44.9061,25.8493,677,29.8456,583,7.7789,4088,4.3533,11118,10.6905,5996,0.5829,18871,0.8298,3495,0.5291,378,2.2727,44
RandomForest,c1,42,combined_mimic_L2,combined_mimic,2,True,45250,172,0.3801,50.926,48.6939,2.5111,677,2.7444,583,0.4403,4088,0.2968,11118,1.4343,5996,0.0053,18871,0.0,3495,0.2646,378,0.0,44
RandomForest,c1,42,combined_mimic_L3,combined_mimic,3,True,45250,27309,60.3514,26.3823,13.2663,97.1935,677,91.7667,583,74.5352,4088,35.1142,11118,83.1221,5996,62.6464,18871,61.6023,3495,52.6455,378,15.9091,44
RandomForest,c1,42,combined_mimic_L4,combined_mimic,4,True,45250,34014,75.1691,16.9149,7.916,95.8641,677,91.5952,583,75.7339,4088,36.2835,11118,86.6911,5996,93.6251,18871,73.9342,3495,64.0212,378,20.4545,44
RandomForest,c1,42,ttl_both_L1,ttl_both,1,False,45250,15471,34.1901,52.2122,13.5978,48.7445,677,57.976,583,37.5,4088,65.2366,11118,74.533,5996,3.2113,18871,19.7139,3495,56.8783,378,86.3636,44
RandomForest,c1,43,identity_L0,identity,0,True,45229,0,0.0,75.5798,24.4202,0.0,677,0.0,583,0.0,4088,0.0,11117,0.0,5976,0.0,18871,0.0,3495,0.0,378,0.0,44
RandomForest,c1,43,ttl_hold_L1,ttl_hold,1,True,45229,60,0.1327,74.4235,25.4439,0.2954,677,0.3431,583,0.0734,4088,0.081,11117,0.7363,5976,0.0,18871,0.0,3495,0.0,378,0.0,44
RandomForest,c1,43,ttl_hold_L2,ttl_hold,2,True,45229,56,0.1238,74.4589,25.4173,0.2954,677,0.3431,583,0.0734,4088,0.072,11117,0.6861,5976,0.0,18871,0.0,3495,0.0,378,0.0,44
RandomForest,c1,43,ttl_hold_L3,ttl_hold,3,True,45229,1762,3.8957,73.2384,22.8659,16.839,677,20.5832,583,6.727,4088,3.5981,11117,12.5837,5976,0.2014,18871,1.5165,3495,2.6455,378,0.0,44
RandomForest,c1,43,ttl_mimic_L1,ttl_mimic,1,True,45229,1398,3.0909,73.3025,23.6065,17.873,677,21.2693,583,4.7211,4088,2.7885,11117,10.1238,5976,0.1219,18871,0.6295,3495,0.0,378,0.0,44
RandomForest,c1,43,ttl_mimic_L2,ttl_mimic,2,True,45229,56,0.1238,74.4434,25.4328,0.2954,677,0.3431,583,0.0734,4088,0.072,11117,0.6861,5976,0.0,18871,0.0,3495,0.0,378,0.0,44
RandomForest,c1,43,ttl_mimic_L3,ttl_mimic,3,True,45229,6959,15.3861,67.6336,16.9803,58.9365,677,65.1801,583,21.4775,4088,13.4299,11117,57.7811,5976,0.7525,18871,4.0916,3495,17.7249,378,9.0909,44
RandomForest,c1,43,padding_L1,padding,1,True,45229,32,0.0708,65.7786,34.1507,0.0,677,0.0,583,0.0978,4088,0.1079,11117,0.251,5976,0.0,18871,0.0286,3495,0.0,378,0.0,44
RandomForest,c1,43,padding_L2,padding,2,True,45229,20,0.0442,65.7101,34.2457,0.1477,677,0.0,583,0.0245,4088,0.054,11117,0.2008,5976,0.0,18871,0.0,3495,0.0,378,0.0,44
RandomForest,c1,43,padding_L3,padding,3,True,45229,13,0.0287,66.1898,33.7814,0.1477,677,0.0,583,0.0,4088,0.009,11117,0.1841,5976,0.0,18871,0.0,3495,0.0,378,0.0,44
RandomForest,c1,43,padding_L4,padding,4,True,45229,22,0.0486,66.4021,33.5493,0.1477,677,0.0,583,0.0,4088,0.009,11117,0.3347,5976,0.0,18871,0.0,3495,0.0,378,0.0,44
RandomForest,c1,43,timing_L1,timing,1,True,45229,53,0.1172,75.7434,24.1394,0.1477,677,0.0,583,0.0,4088,0.072,11117,0.7363,5976,0.0,18871,0.0,3495,0.0,378,0.0,44
RandomForest,c1,43,timing_L2,timing,2,True,45229,50,0.1105,75.7147,24.1748,0.1477,677,0.0,583,0.0,4088,0.081,11117,0.6526,5976,0.0053,18871,0.0,3495,0.0,378,0.0,44
RandomForest,c1,43,timing_L3,timing,3,True,45229,127,0.2808,74.8723,24.8469,2.2157,677,2.4014,583,0.3425,4088,0.3418,11117,0.753,5976,0.0,18871,0.0,3495,0.2646,378,0.0,44
RandomForest,c1,43,timing_L4,timing,4,True,45229,149,0.3294,74.691,24.9795,2.3634,677,2.7444,583,0.7339,4088,0.3418,11117,0.7195,5976,0.0106,18871,0.0572,3495,0.5291,378,0.0,44
RandomForest,c1,43,connection_rate_L1,connection_rate,1,True,45229,46,0.1017,74.8347,25.0636,0.0,677,0.0,583,0.0,4088,0.018,11117,0.7363,5976,0.0,18871,0.0,3495,0.0,378,0.0,44
RandomForest,c1,43,connection_rate_L2,connection_rate,2,True,45229,43,0.0951,75.2504,24.6545,0.0,677,0.0,583,0.5137,4088,0.081,11117,0.1841,5976,0.0053,18871,0.0286,3495,0.0,378,0.0,44
RandomForest,c1,43,connection_rate_L3,connection_rate,3,True,45229,43,0.0951,74.3638,25.5411,0.0,677,0.0,583,0.4648,4088,0.027,11117,0.3347,5976,0.0053,18871,0.0,3495,0.0,378,0.0,44
RandomForest,c1,43,connection_rate_L4,connection_rate,4,True,45229,81,0.1791,74.3483,25.4726,0.0,677,1.0292,583,0.9051,4088,0.1349,11117,0.2677,5976,0.0371,18871,0.0,3495,0.0,378,0.0,44
RandomForest,c1,43,combined_hold_L1,combined_hold,1,True,45229,164,0.3626,42.7005,56.9369,1.6248,677,1.7153,583,0.4159,4088,0.2968,11117,1.5228,5976,0.0,18871,0.0572,3495,0.0,378,0.0,44
RandomForest,c1,43,combined_hold_L2,combined_hold,2,True,45229,147,0.325,43.9718,55.7032,1.9202,677,2.0583,583,0.3914,4088,0.2609,11117,1.2383,5976,0.0053,18871,0.0286,3495,0.2646,378,0.0,44
RandomForest,c1,43,combined_hold_L3,combined_hold,3,True,45229,4094,9.0517,50.3593,40.589,42.9838,677,51.6295,583,16.1693,4088,9.5349,11117,22.7075,5976,0.1961,18871,10.2146,3495,7.672,378,2.2727,44
RandomForest,c1,43,combined_hold_L4,combined_hold,4,True,45229,10861,24.0134,43.4765,32.5101,68.6854,677,73.4134,583,46.1595,4088,20.815,11117,39.1399,5976,10.7837,18871,37.0529,3495,25.6614,378,2.2727,44
RandomForest,c1,43,combined_mimic_L1,combined_mimic,1,True,45229,1806,3.993,40.3546,55.6523,21.1226,677,23.6707,583,6.2378,4088,3.6251,11117,11.6633,5976,0.7366,18871,0.8011,3495,0.5291,378,2.2727,44
RandomForest,c1,43,combined_mimic_L2,combined_mimic,2,True,45229,155,0.3427,43.9718,55.6855,1.9202,677,2.0583,583,0.4892,4088,0.2789,11117,1.2718,5976,0.0053,18871,0.0286,3495,0.2646,378,0.0,44
RandomForest,c1,43,combined_mimic_L3,combined_mimic,3,True,45229,30198,66.7669,22.899,10.3341,96.1595,677,91.7667,583,74.1438,4088,36.8984,11117,81.4759,5976,79.7255,18871,51.0443,3495,46.0317,378,15.9091,44
RandomForest,c1,43,combined_mimic_L4,combined_mimic,4,True,45229,34364,75.9778,16.8918,7.1304,94.8301,677,92.2813,583,76.5166,4088,39.4621,11117,87.9685,5976,93.1747,18871,73.0758,3495,70.6349,378,18.1818,44
RandomForest,c1,43,ttl_both_L1,ttl_both,1,False,45229,14613,32.3089,54.496,13.1951,60.5613,677,70.3259,583,38.7965,4088,58.0013,11117,75.0502,5976,2.9251,18871,14.4778,3495,52.1164,378,43.1818,44
RandomForest,c1,44,identity_L0,identity,0,True,45231,0,0.0,75.5654,24.4346,0.0,676,0.0,583,0.0,4087,0.0,11117,0.0,5980,0.0,18871,0.0,3495,0.0,378,0.0,44
RandomForest,c1,44,ttl_hold_L1,ttl_hold,1,True,45231,187,0.4134,74.0046,25.582,2.3669,676,2.7444,583,0.4404,4087,0.3598,11117,1.5886,5980,0.0106,18871,0.0,3495,0.0,378,0.0,44
RandomForest,c1,44,ttl_hold_L2,ttl_hold,2,True,45231,187,0.4134,73.7746,25.8119,2.3669,676,2.7444,583,0.4404,4087,0.3508,11117,1.6054,5980,0.0106,18871,0.0,3495,0.0,378,0.0,44
RandomForest,c1,44,ttl_hold_L3,ttl_hold,3,True,45231,1329,2.9383,72.9964,24.0654,11.8343,676,14.4082,583,5.2361,4087,2.8065,11117,9.4314,5980,0.1484,18871,1.2017,3495,1.3228,378,0.0,44
RandomForest,c1,44,ttl_mimic_L1,ttl_mimic,1,True,45231,1988,4.3952,72.5012,23.1036,23.3728,676,28.3019,583,8.1478,4087,4.3177,11117,13.0268,5980,0.159,18871,1.1445,3495,0.7937,378,0.0,44
RandomForest,c1,44,ttl_mimic_L2,ttl_mimic,2,True,45231,186,0.4112,73.779,25.8097,2.3669,676,2.7444,583,0.4404,4087,0.3508,11117,1.5886,5980,0.0106,18871,0.0,3495,0.0,378,0.0,44
RandomForest,c1,44,ttl_mimic_L3,ttl_mimic,3,True,45231,8547,18.8963,65.7735,15.3302,75.0,676,84.9057,583,28.7252,4087,16.8571,11117,66.3378,5980,1.2135,18871,5.4936,3495,26.9841,378,15.9091,44
RandomForest,c1,44,padding_L1,padding,1,True,45231,31,0.0685,66.4434,33.4881,0.0,676,0.0,583,0.0979,4087,0.072,11117,0.3177,5980,0.0,18871,0.0,3495,0.0,378,0.0,44
RandomForest,c1,44,padding_L2,padding,2,True,45231,14,0.031,66.6556,33.3134,0.0,676,0.0,583,0.0,4087,0.009,11117,0.2174,5980,0.0,18871,0.0,3495,0.0,378,0.0,44
RandomForest,c1,44,padding_L3,padding,3,True,45231,12,0.0265,67.6815,32.292,0.0,676,0.0,583,0.0,4087,0.009,11117,0.1839,5980,0.0,18871,0.0,3495,0.0,378,0.0,44
RandomForest,c1,44,padding_L4,padding,4,True,45231,22,0.0486,67.0204,32.931,0.0,676,0.0,583,0.0,4087,0.009,11117,0.3344,5980,0.0,18871,0.0,3495,0.2646,378,0.0,44
RandomForest,c1,44,timing_L1,timing,1,True,45231,62,0.1371,75.6251,24.2378,0.0,676,0.0,583,0.0,4087,0.063,11117,0.9197,5980,0.0,18871,0.0,3495,0.0,378,0.0,44
RandomForest,c1,44,timing_L2,timing,2,True,45231,61,0.1349,75.5588,24.3063,0.0,676,0.0,583,0.0,4087,0.072,11117,0.8528,5980,0.0053,18871,0.0,3495,0.2646,378,0.0,44
RandomForest,c1,44,timing_L3,timing,3,True,45231,124,0.2741,74.8182,24.9077,1.7751,676,2.0583,583,0.2936,4087,0.2789,11117,0.9365,5980,0.0,18871,0.0,3495,0.2646,378,0.0,44
RandomForest,c1,44,timing_L4,timing,4,True,45231,145,0.3206,74.5595,25.1199,2.3669,676,2.7444,583,0.3915,4087,0.3418,11117,0.9699,5980,0.0,18871,0.0,3495,0.2646,378,0.0,44
RandomForest,c1,44,connection_rate_L1,connection_rate,1,True,45231,27,0.0597,74.827,25.1133,0.0,676,0.0,583,0.0734,4087,0.018,11117,0.3679,5980,0.0,18871,0.0,3495,0.0,378,0.0,44
RandomForest,c1,44,connection_rate_L2,connection_rate,2,True,45231,39,0.0862,75.0746,24.8392,0.0,676,0.0,583,0.5628,4087,0.045,11117,0.1505,5980,0.0053,18871,0.0286,3495,0.0,378,0.0,44
RandomForest,c1,44,connection_rate_L3,connection_rate,3,True,45231,69,0.1526,74.1991,25.6483,0.0,676,0.6861,583,0.8074,4087,0.1079,11117,0.2508,5980,0.0265,18871,0.0,3495,0.0,378,0.0,44
RandomForest,c1,44,connection_rate_L4,connection_rate,4,True,45231,82,0.1813,73.5756,26.2431,0.0,676,1.0292,583,0.9542,4087,0.1529,11117,0.2174,5980,0.0371,18871,0.0,3495,0.0,378,0.0,44
RandomForest,c1,44,combined_hold_L1,combined_hold,1,True,45231,235,0.5196,52.3247,47.1557,2.3669,676,2.7444,583,0.6362,4087,0.4678,11117,2.0234,5980,0.0159,18871,0.0,3495,0.2646,378,0.0,44
RandomForest,c1,44,combined_hold_L2,combined_hold,2,True,45231,205,0.4532,50.9562,48.5906,2.6627,676,3.0875,583,0.5383,4087,0.3508,11117,1.7559,5980,0.0053,18871,0.0,3495,0.5291,378,0.0,44
RandomForest,c1,44,combined_hold_L3,combined_hold,3,True,45231,5223,11.5474,48.4203,40.0323,59.4675,676,69.1252,583,23.2444,4087,11.7298,11117,27.7592,5980,0.2385,18871,12.5608,3495,5.291,378,0.0,44
RandomForest,c1,44,combined_hold_L4,combined_hold,4,True,45231,8704,19.2434,44.5889,36.1677,75.0,676,83.5334,583,43.5283,4087,19.3667,11117,36.4381,5980,5.3203,18871,15.6509,3495,12.6984,378,0.0,44
RandomForest,c1,44,combined_mimic_L1,combined_mimic,1,True,45231,4461,9.8627,50.0719,40.0654,55.4734,676,61.0635,583,22.804,4087,11.1991,11117,22.1906,5980,0.6147,18871,3.1187,3495,0.2646,378,0.0,44
RandomForest,c1,44,combined_mimic_L2,combined_mimic,2,True,45231,204,0.451,50.9385,48.6105,2.6627,676,3.0875,583,0.5383,4087,0.3508,11117,1.7391,5980,0.0053,18871,0.0,3495,0.5291,378,0.0,44
RandomForest,c1,44,combined_mimic_L3,combined_mimic,3,True,45231,28267,62.4947,23.4883,14.0169,96.4497,676,90.9091,583,74.9449,4087,36.3857,11117,82.8261,5980,66.1915,18871,66.4092,3495,54.4974,378,13.6364,44
RandomForest,c1,44,combined_mimic_L4,combined_mimic,4,True,45231,34224,75.6649,17.2249,7.1102,95.4142,676,91.2521,583,76.7311,4087,37.4292,11117,85.8194,5980,93.5351,18871,77.6824,3495,64.5503,378,18.1818,44
RandomForest,c1,44,ttl_both_L1,ttl_both,1,False,45231,16221,35.8626,53.2931,10.8443,76.7751,676,89.1938,583,47.6144,4087,61.9232,11117,80.8027,5980,3.4656,18871,17.711,3495,57.672,378,65.9091,44
XGBoost,c1,42,identity_L0,identity,0,True,44629,0,0.0,79.0921,20.9079,0.0,649,0.0,577,0.0,4051,0.0,11060,0.0,5519,0.0,18862,0.0,3491,0.0,376,0.0,44
XGBoost,c1,42,ttl_hold_L1,ttl_hold,1,True,44629,3270,7.3271,68.5093,24.1637,0.0,649,0.3466,577,0.3703,4051,0.4521,11060,56.9306,5519,0.0689,18862,0.401,3491,9.0426,376,0.0,44
XGBoost,c1,42,ttl_hold_L2,ttl_hold,2,True,44629,2725,6.1059,69.54,24.3541,0.0,649,0.1733,577,0.1234,4051,0.1356,11060,48.5414,5519,0.0371,18862,0.2865,3491,2.1277,376,0.0,44
XGBoost,c1,42,ttl_hold_L3,ttl_hold,3,True,44629,21993,49.2796,41.4439,9.2765,57.473,649,62.9116,577,61.96,4051,85.7685,11060,89.3097,5519,3.7695,18862,91.6929,3491,100.0,376,100.0,44
XGBoost,c1,42,ttl_mimic_L1,ttl_mimic,1,True,44629,3737,8.3735,68.1351,23.4915,0.4622,649,0.6932,577,1.0121,4051,1.6637,11060,58.0902,5519,0.1113,18862,4.4686,3491,32.4468,376,0.0,44
XGBoost,c1,42,ttl_mimic_L2,ttl_mimic,2,True,44629,2721,6.0969,69.5848,24.3183,0.0,649,0.1733,577,0.1234,4051,0.1356,11060,48.4689,5519,0.0371,18862,0.2865,3491,2.1277,376,0.0,44
XGBoost,c1,42,ttl_mimic_L3,ttl_mimic,3,True,44629,22288,49.9406,41.1324,8.9269,59.0139,649,63.6049,577,63.3918,4051,86.3291,11060,89.5633,5519,3.8596,18862,95.4168,3491,100.0,376,100.0,44
XGBoost,c1,42,padding_L1,padding,1,True,44629,587,1.3153,67.7049,30.9799,0.0,649,0.3466,577,0.4196,4051,0.1989,11060,3.0078,5519,1.8291,18862,1.0026,3491,0.0,376,0.0,44
XGBoost,c1,42,padding_L2,padding,2,True,44629,651,1.4587,65.695,32.8464,0.0,649,0.3466,577,0.1975,4051,0.1627,11060,2.7904,5519,2.407,18862,0.3724,3491,0.5319,376,0.0,44
XGBoost,c1,42,padding_L3,padding,3,True,44629,358,0.8022,68.1866,31.0112,0.0,649,0.0,577,0.1234,4051,0.2893,11060,3.2977,5519,0.5673,18862,0.8594,3491,0.5319,376,0.0,44
XGBoost,c1,42,padding_L4,padding,4,True,44629,495,1.1091,68.9417,29.9491,0.0,649,0.3466,577,0.2469,4051,0.2712,11060,2.5186,5519,1.6435,18862,0.0573,3491,0.5319,376,0.0,44
XGBoost,c1,42,timing_L1,timing,1,True,44629,180,0.4033,79.222,20.3746,0.6163,649,0.0,577,0.2469,4051,0.1627,11060,2.6092,5519,0.0106,18862,0.0286,3491,0.266,376,0.0,44
XGBoost,c1,42,timing_L2,timing,2,True,44629,231,0.5176,79.1369,20.3455,1.5408,649,0.0,577,0.3703,4051,0.3255,11060,3.0259,5519,0.0053,18862,0.0286,3491,0.266,376,0.0,44
XGBoost,c1,42,timing_L3,timing,3,True,44629,309,0.6924,78.747,20.5606,1.849,649,0.1733,577,0.9874,4051,0.443,11060,3.5151,5519,0.0265,18862,0.0859,3491,1.3298,376,0.0,44
XGBoost,c1,42,timing_L4,timing,4,True,44629,438,0.9814,78.496,20.5225,2.7735,649,0.3466,577,1.3824,4051,0.7143,11060,4.6748,5519,0.0583,18862,0.0859,3491,2.9255,376,0.0,44
XGBoost,c1,42,connection_rate_L1,connection_rate,1,True,44629,141,0.3159,79.5626,20.1214,0.0,649,0.0,577,0.0247,4051,0.0181,11060,2.428,5519,0.0106,18862,0.0286,3491,0.266,376,0.0,44
XGBoost,c1,42,connection_rate_L2,connection_rate,2,True,44629,131,0.2935,79.7732,19.9332,0.0,649,0.0,577,0.0247,4051,0.0452,11060,2.2105,5519,0.0106,18862,0.0286,3491,0.0,376,0.0,44
XGBoost,c1,42,connection_rate_L3,connection_rate,3,True,44629,97,0.2173,79.529,20.2536,0.0,649,0.0,577,0.0247,4051,0.0452,11060,1.5945,5519,0.0106,18862,0.0286,3491,0.0,376,0.0,44
XGBoost,c1,42,connection_rate_L4,connection_rate,4,True,44629,81,0.1815,79.101,20.7175,0.0,649,0.0,577,0.0247,4051,0.0452,11060,1.3046,5519,0.0106,18862,0.0286,3491,0.0,376,0.0,44
XGBoost,c1,42,combined_hold_L1,combined_hold,1,True,44629,3861,8.6513,58.0094,33.3393,0.4622,649,0.6932,577,1.1849,4051,0.8951,11060,48.9944,5519,3.3825,18862,9.2237,3491,11.1702,376,2.2727,44
XGBoost,c1,42,combined_hold_L2,combined_hold,2,True,44629,2151,4.8197,22.3711,72.8092,0.3082,649,0.1733,577,0.5184,4051,0.3617,11060,36.474,5519,0.0424,18862,1.7187,3491,1.5957,376,0.0,44
XGBoost,c1,42,combined_hold_L3,combined_hold,3,True,44629,41087,92.0635,0.4616,7.475,65.4854,649,67.4177,577,69.9827,4051,88.4448,11060,90.886,5519,99.9788,18862,96.3048,3491,100.0,376,100.0,44
XGBoost,c1,42,combined_hold_L4,combined_hold,4,True,44629,42303,94.7881,0.2577,4.9542,80.2773,649,80.2426,577,79.61,4051,92.3056,11060,94.2562,5519,99.9947,18862,97.4506,3491,100.0,376,100.0,44
XGBoost,c1,42,combined_mimic_L1,combined_mimic,1,True,44629,18063,40.4737,34.8921,24.6342,22.4961,649,24.7834,577,6.3441,4051,4.6926,11060,57.8547,5519,64.5425,18862,43.1681,3491,32.7128,376,2.2727,44
XGBoost,c1,42,combined_mimic_L2,combined_mimic,2,True,44629,2142,4.7996,22.3532,72.8473,0.3082,649,0.1733,577,0.4196,4051,0.3617,11060,36.3834,5519,0.0424,18862,1.7187,3491,1.5957,376,0.0,44
XGBoost,c1,42,combined_mimic_L3,combined_mimic,3,True,44629,42573,95.3931,0.2196,4.3873,84.1294,649,84.0555,577,81.3873,4051,93.1465,11060,95.1803,5519,99.9947,18862,97.6511,3491,100.0,376,100.0,44
XGBoost,c1,42,combined_mimic_L4,combined_mimic,4,True,44629,42961,96.2625,0.1613,3.5762,87.6733,649,87.5217,577,84.7939,4051,94.3942,11060,96.1587,5519,100.0,18862,98.0521,3491,100.0,376,100.0,44
XGBoost,c1,42,ttl_both_L1,ttl_both,1,False,44629,22288,49.9406,41.1324,8.9269,59.0139,649,63.6049,577,63.3918,4051,86.3291,11060,89.5633,5519,3.8596,18862,95.4168,3491,100.0,376,100.0,44
XGBoost,c1,43,identity_L0,identity,0,True,44584,0,0.0,79.1293,20.8707,0.0,650,0.0,576,0.0,4050,0.0,11064,0.0,5472,0.0,18863,0.0,3491,0.0,374,0.0,44
XGBoost,c1,43,ttl_hold_L1,ttl_hold,1,True,44584,3296,7.3928,68.879,23.7282,0.0,650,0.3472,576,0.4938,4050,0.4881,11064,57.712,5472,0.0689,18863,0.4583,3491,8.8235,374,0.0,44
XGBoost,c1,43,ttl_hold_L2,ttl_hold,2,True,44584,2727,6.1165,69.8255,24.058,0.0,650,0.3472,576,0.1235,4050,0.1808,11064,48.8852,5472,0.0371,18863,0.2292,3491,2.6738,374,0.0,44
XGBoost,c1,43,ttl_hold_L3,ttl_hold,3,True,44584,22090,49.5469,41.2143,9.2387,58.0,650,63.1944,576,62.1975,4050,85.8731,11064,89.3092,5472,3.7693,18863,94.9012,3491,100.0,374,100.0,44
XGBoost,c1,43,ttl_mimic_L1,ttl_mimic,1,True,44584,3816,8.5591,68.4147,23.0262,0.4615,650,0.6944,576,1.1852,4050,1.7805,11064,59.2288,5472,0.1431,18863,5.1275,3491,31.2834,374,0.0,44
XGBoost,c1,43,ttl_mimic_L2,ttl_mimic,2,True,44584,2722,6.1053,69.8412,24.0535,0.0,650,0.3472,576,0.1235,4050,0.1808,11064,48.7939,5472,0.0371,18863,0.2292,3491,2.6738,374,0.0,44
XGBoost,c1,43,ttl_mimic_L3,ttl_mimic,3,True,44584,22569,50.6213,41.1403,8.2384,62.0,650,65.625,576,66.4444,4050,87.4367,11064,90.1681,5472,3.8276,18863,95.9324,3491,100.0,374,100.0,44
XGBoost,c1,43,padding_L1,padding,1,True,44584,540,1.2112,68.5851,30.2037,0.0,650,0.3472,576,0.3457,4050,0.1627,11064,2.9788,5472,1.5904,18863,1.1744,3491,0.5348,374,0.0,44
XGBoost,c1,43,padding_L2,padding,2,True,44584,683,1.5319,66.0439,32.4242,0.0,650,0.3472,576,0.1235,4050,0.1717,11064,2.8692,5472,2.5818,18863,0.3437,3491,0.2674,374,0.0,44
XGBoost,c1,43,padding_L3,padding,3,True,44584,367,0.8232,68.0782,31.0986,0.0,650,0.0,576,0.1481,4050,0.3615,11064,3.655,5472,0.5513,18863,0.4583,3491,0.2674,374,0.0,44
XGBoost,c1,43,padding_L4,padding,4,True,44584,550,1.2336,68.7175,30.0489,0.0,650,0.0,576,0.2222,4050,0.3163,11064,2.7412,5472,1.8714,18863,0.0286,3491,0.5348,374,0.0,44
XGBoost,c1,43,timing_L1,timing,1,True,44584,137,0.3073,79.2504,20.4423,0.4615,650,0.1736,576,0.2963,4050,0.1808,11064,1.7727,5472,0.0106,18863,0.0,3491,0.5348,374,0.0,44
XGBoost,c1,43,timing_L2,timing,2,True,44584,189,0.4239,79.1405,20.4356,1.2308,650,0.0,576,0.3704,4050,0.3073,11064,2.3209,5472,0.0106,18863,0.0286,3491,0.5348,374,0.0,44
XGBoost,c1,43,timing_L3,timing,3,True,44584,234,0.5249,78.8018,20.6733,1.5385,650,0.0,576,0.8148,4050,0.4881,11064,2.2844,5472,0.0106,18863,0.1719,3491,1.0695,374,0.0,44
XGBoost,c1,43,timing_L4,timing,4,True,44584,322,0.7222,78.5798,20.698,3.5385,650,0.0,576,1.358,4050,0.6146,11064,2.8143,5472,0.0318,18863,0.1719,3491,2.6738,374,0.0,44
XGBoost,c1,43,connection_rate_L1,connection_rate,1,True,44584,125,0.2804,79.524,20.1956,0.0,650,0.0,576,0.0,4050,0.0271,11064,2.2113,5472,0.0,18863,0.0,3491,0.2674,374,0.0,44
XGBoost,c1,43,connection_rate_L2,connection_rate,2,True,44584,148,0.332,79.699,19.969,0.0,650,0.0,576,0.0,4050,0.0542,11064,2.5768,5472,0.0,18863,0.0,3491,0.2674,374,0.0,44
XGBoost,c1,43,connection_rate_L3,connection_rate,3,True,44584,76,0.1705,79.5689,20.2606,0.0,650,0.0,576,0.0,4050,0.0542,11064,1.2792,5472,0.0,18863,0.0,3491,0.0,374,0.0,44
XGBoost,c1,43,connection_rate_L4,connection_rate,4,True,44584,67,0.1503,79.1652,20.6846,0.0,650,0.0,576,0.0,4050,0.0452,11064,1.133,5472,0.0,18863,0.0,3491,0.0,374,0.0,44
XGBoost,c1,43,combined_hold_L1,combined_hold,1,True,44584,3752,8.4156,58.678,32.9064,2.3077,650,2.2569,576,1.7037,4050,1.0665,11064,49.8355,5472,2.0463,18863,11.0284,3491,10.1604,374,2.2727,44
XGBoost,c1,43,combined_hold_L2,combined_hold,2,True,44584,2126,4.7685,22.5395,72.692,0.4615,650,0.1736,576,0.6173,4050,0.3254,11064,36.2756,5472,0.0636,18863,1.6614,3491,1.6043,374,0.0,44
XGBoost,c1,43,combined_hold_L3,combined_hold,3,True,44584,41633,93.381,0.406,6.213,69.8462,650,68.75,576,76.0494,4050,90.5278,11064,91.6301,5472,99.9947,18863,97.1928,3491,100.0,374,100.0,44
XGBoost,c1,43,combined_hold_L4,combined_hold,4,True,44584,42308,94.895,0.2961,4.8089,78.4615,650,77.0833,576,81.1358,4050,92.6067,11064,93.7317,5472,100.0,18863,97.737,3491,100.0,374,100.0,44
XGBoost,c1,43,combined_mimic_L1,combined_mimic,1,True,44584,17028,38.1931,38.5093,23.2976,32.4615,650,32.1181,576,11.9506,4050,6.851,11064,59.3202,5472,55.2775,18863,45.8608,3491,30.7487,374,2.2727,44
XGBoost,c1,43,combined_mimic_L2,combined_mimic,2,True,44584,2119,4.7528,22.5372,72.7099,0.4615,650,0.1736,576,0.5185,4050,0.3254,11064,36.2208,5472,0.0636,18863,1.6614,3491,1.6043,374,0.0,44
XGBoost,c1,43,combined_mimic_L3,combined_mimic,3,True,44584,42699,95.772,0.1794,4.0485,86.6154,650,86.1111,576,82.6667,4050,93.6641,11064,95.6689,5472,99.9947,18863,97.7943,3491,100.0,374,100.0,44
XGBoost,c1,43,combined_mimic_L4,combined_mimic,4,True,44584,43041,96.5391,0.1435,3.3173,89.2308,650,88.8889,576,85.7778,4050,94.7849,11064,96.4912,5472,100.0,18863,98.1667,3491,100.0,374,100.0,44
XGBoost,c1,43,ttl_both_L1,ttl_both,1,False,44584,22569,50.6213,41.1403,8.2384,62.0,650,65.625,576,66.4444,4050,87.4367,11064,90.1681,5472,3.8276,18863,95.9324,3491,100.0,374,100.0,44
XGBoost,c1,44,identity_L0,identity,0,True,44658,0,0.0,79.1683,20.8317,0.0,645,0.0,576,0.0,4049,0.0,11064,0.0,5555,0.0,18860,0.0,3490,0.0,375,0.0,44
XGBoost,c1,44,ttl_hold_L1,ttl_hold,1,True,44658,3319,7.432,68.6685,23.8994,0.155,645,0.3472,576,0.3705,4049,0.461,11064,57.4437,5555,0.0742,18860,0.4871,3490,7.4667,375,0.0,44
XGBoost,c1,44,ttl_hold_L2,ttl_hold,2,True,44658,2738,6.131,69.4657,24.4032,0.0,645,0.3472,576,0.1482,4049,0.1898,11064,48.3348,5555,0.0318,18860,0.2865,3490,2.1333,375,0.0,44
XGBoost,c1,44,ttl_hold_L3,ttl_hold,3,True,44658,22117,49.5253,41.1819,9.2928,55.5039,645,60.4167,576,62.3364,4049,85.8189,11064,88.9289,5555,3.754,18860,95.2722,3490,100.0,375,100.0,44
XGBoost,c1,44,ttl_mimic_L1,ttl_mimic,1,True,44658,3787,8.48,68.2162,23.3038,0.6202,645,0.6944,576,1.0126,4049,1.7534,11064,58.4158,5555,0.1273,18860,4.8997,3490,27.7333,375,0.0,44
XGBoost,c1,44,ttl_mimic_L2,ttl_mimic,2,True,44658,2736,6.1266,69.5172,24.3562,0.0,645,0.3472,576,0.1482,4049,0.1898,11064,48.2988,5555,0.0318,18860,0.2865,3490,2.1333,375,0.0,44
XGBoost,c1,44,ttl_mimic_L3,ttl_mimic,3,True,44658,22358,50.0649,41.1281,8.8069,59.2248,645,63.5417,576,63.9664,4049,86.5239,11064,89.685,5555,3.7593,18860,95.616,3490,100.0,375,100.0,44
XGBoost,c1,44,padding_L1,padding,1,True,44658,432,0.9674,67.3653,31.6673,0.0,645,0.1736,576,0.3952,4049,0.2531,11064,2.8623,5555,0.9703,18860,1.2607,3490,0.2667,375,0.0,44
XGBoost,c1,44,padding_L2,padding,2,True,44658,329,0.7367,65.3612,33.9021,0.0,645,0.1736,576,0.2223,4049,0.2169,11064,2.6463,5555,0.7052,18860,0.3438,3490,0.8,375,0.0,44
XGBoost,c1,44,padding_L3,padding,3,True,44658,373,0.8352,68.111,31.0538,0.0,645,0.0,576,0.1976,4049,0.4067,11064,3.1863,5555,0.6416,18860,0.6017,3490,0.2667,375,0.0,44
XGBoost,c1,44,padding_L4,padding,4,True,44658,399,0.8935,69.2149,29.8916,0.0,645,0.0,576,0.2223,4049,0.1988,11064,2.0702,5555,1.3256,18860,0.0573,3490,0.2667,375,0.0,44
XGBoost,c1,44,timing_L1,timing,1,True,44658,181,0.4053,79.2266,20.3681,0.6202,645,0.0,576,0.3705,4049,0.1988,11064,2.4482,5555,0.0106,18860,0.0,3490,0.5333,375,0.0,44
XGBoost,c1,44,timing_L2,timing,2,True,44658,228,0.5105,79.2131,20.2763,3.1008,645,0.1736,576,0.4199,4049,0.3254,11064,2.7543,5555,0.0,18860,0.0,3490,0.2667,375,0.0,44
XGBoost,c1,44,timing_L3,timing,3,True,44658,302,0.6763,78.8101,20.5137,3.5659,645,0.0,576,0.9385,4049,0.5604,11064,2.8983,5555,0.0265,18860,0.1719,3490,1.8667,375,0.0,44
XGBoost,c1,44,timing_L4,timing,4,True,44658,392,0.8778,78.4607,20.6615,3.876,645,0.0,576,1.5312,4049,0.6688,11064,3.6364,5555,0.053,18860,0.2579,3490,2.6667,375,0.0,44
XGBoost,c1,44,connection_rate_L1,connection_rate,1,True,44658,154,0.3448,79.5848,20.0703,0.155,645,0.0,576,0.0741,4049,0.0813,11064,2.4842,5555,0.0,18860,0.0287,3490,0.5333,375,0.0,44
XGBoost,c1,44,connection_rate_L2,connection_rate,2,True,44658,145,0.3247,79.6632,20.0121,0.155,645,0.0,576,0.0494,4049,0.0542,11064,2.4482,5555,0.0,18860,0.0,3490,0.0,375,0.0,44
XGBoost,c1,44,connection_rate_L3,connection_rate,3,True,44658,126,0.2821,79.5468,20.1711,0.0,645,0.0,576,0.0494,4049,0.0542,11064,2.1062,5555,0.0,18860,0.0287,3490,0.0,375,0.0,44
XGBoost,c1,44,connection_rate_L4,connection_rate,4,True,44658,103,0.2306,79.1303,20.6391,0.0,645,0.0,576,0.0494,4049,0.0542,11064,1.6922,5555,0.0,18860,0.0287,3490,0.0,375,0.0,44
XGBoost,c1,44,combined_hold_L1,combined_hold,1,True,44658,3914,8.7644,58.4621,32.7735,0.3101,645,0.6944,576,1.3584,4049,0.8586,11064,50.009,5555,2.7147,18860,12.2063,3490,10.9333,375,2.2727,44
XGBoost,c1,44,combined_hold_L2,combined_hold,2,True,44658,2189,4.9017,22.2827,72.8156,0.155,645,0.1736,576,0.4693,4049,0.3796,11064,36.7237,5555,0.0636,18860,1.7765,3490,3.2,375,0.0,44
XGBoost,c1,44,combined_hold_L3,combined_hold,3,True,44658,41709,93.3965,0.4053,6.1982,69.6124,645,68.75,576,76.0435,4049,90.5459,11064,91.7552,5555,99.9947,18860,97.192,3490,100.0,375,100.0,44
XGBoost,c1,44,combined_hold_L4,combined_hold,4,True,44658,42366,94.8677,0.2866,4.8457,78.9147,645,77.9514,576,80.6619,4049,92.5163,11064,93.9514,5555,100.0,18860,97.6504,3490,100.0,375,100.0,44
XGBoost,c1,44,combined_mimic_L1,combined_mimic,1,True,44658,18921,42.3687,34.3903,23.2411,34.7287,645,35.0694,576,12.003,4049,7.1493,11064,59.838,5555,64.3319,18860,47.0487,3490,31.4667,375,2.2727,44
XGBoost,c1,44,combined_mimic_L2,combined_mimic,2,True,44658,2187,4.8972,22.2737,72.8291,0.155,645,0.1736,576,0.4693,4049,0.3796,11064,36.6877,5555,0.0636,18860,1.7765,3490,3.2,375,0.0,44
XGBoost,c1,44,combined_mimic_L3,combined_mimic,3,True,44658,42610,95.414,0.206,4.38,84.3411,645,84.2014,576,81.4028,4049,93.167,11064,95.2475,5555,99.9947,18860,97.6504,3490,100.0,375,100.0,44
XGBoost,c1,44,combined_mimic_L4,combined_mimic,4,True,44658,42950,96.1754,0.1657,3.6589,87.5969,645,87.3264,576,84.3665,4049,94.2516,11064,96.1116,5555,100.0,18860,97.9943,3490,100.0,375,100.0,44
XGBoost,c1,44,ttl_both_L1,ttl_both,1,False,44658,22358,50.0649,41.1281,8.8069,59.2248,645,63.5417,576,63.9664,4049,86.5239,11064,89.685,5555,3.7593,18860,95.616,3490,100.0,375,100.0,44
Transformer,c1,42,identity_L0,identity,0,True,45298,0,0.0,73.6523,26.3477,0.0,674,0.0,583,0.0,4084,0.0,11119,0.0,6051,0.0,18869,0.0,3496,0.0,378,0.0,44
Transformer,c1,42,ttl_hold_L1,ttl_hold,1,True,45298,1532,3.382,16.0007,80.6172,6.3798,674,8.0617,583,3.3546,4084,1.7268,11119,16.6749,6051,0.4293,18869,0.5721,3496,0.7937,378,0.0,44
Transformer,c1,42,ttl_hold_L2,ttl_hold,2,True,45298,1589,3.5079,15.9808,80.5113,6.6766,674,8.4048,583,3.5015,4084,1.8707,11119,16.9393,6051,0.4982,18869,0.6293,3496,0.7937,378,0.0,44
Transformer,c1,42,ttl_hold_L3,ttl_hold,3,True,45298,2024,4.4682,15.8219,79.7099,8.3086,674,10.2916,583,5.093,4084,2.806,11119,18.3606,6051,1.2613,18869,1.0297,3496,0.7937,378,0.0,44
Transformer,c1,42,ttl_mimic_L1,ttl_mimic,1,True,45298,25624,56.5676,12.6694,30.7629,61.8694,674,62.7787,583,32.2723,4084,17.4836,11119,45.5131,6051,96.8626,18869,14.9314,3496,6.3492,378,4.5455,44
Transformer,c1,42,ttl_mimic_L2,ttl_mimic,2,True,45298,1658,3.6602,16.014,80.3258,6.6766,674,8.9194,583,4.1136,4084,2.1045,11119,16.8732,6051,0.583,18869,0.7151,3496,0.7937,378,0.0,44
Transformer,c1,42,ttl_mimic_L3,ttl_mimic,3,True,45298,26552,58.6163,12.2279,29.1558,66.7656,674,67.753,583,35.3575,4084,20.0468,11119,49.496,6051,97.0746,18869,19.7368,3496,7.672,378,6.8182,44
Transformer,c1,42,padding_L1,padding,1,True,45298,49,0.1082,68.3849,31.5069,0.0,674,0.0,583,0.0,4084,0.027,11119,0.7602,6051,0.0,18869,0.0,3496,0.0,378,0.0,44
Transformer,c1,42,padding_L2,padding,2,True,45298,28,0.0618,67.6652,32.2729,0.0,674,0.0,583,0.0245,4084,0.0989,11119,0.2644,6051,0.0,18869,0.0,3496,0.0,378,0.0,44
Transformer,c1,42,padding_L3,padding,3,True,45298,17,0.0375,66.7712,33.1913,0.0,674,0.0,583,0.049,4084,0.0989,11119,0.0661,6051,0.0,18869,0.0,3496,0.0,378,0.0,44
Transformer,c1,42,padding_L4,padding,4,True,45298,34,0.0751,65.6563,34.2686,0.2967,674,0.0,583,0.0245,4084,0.2428,11119,0.0331,6051,0.0106,18869,0.0,3496,0.0,378,0.0,44
Transformer,c1,42,timing_L1,timing,1,True,45298,7,0.0155,73.2902,26.6943,0.2967,674,0.0,583,0.0245,4084,0.018,11119,0.0331,6051,0.0,18869,0.0,3496,0.0,378,0.0,44
Transformer,c1,42,timing_L2,timing,2,True,45298,17,0.0375,73.0562,26.9063,0.2967,674,0.0,583,0.0245,4084,0.054,11119,0.1322,6051,0.0,18869,0.0,3496,0.0,378,0.0,44
Transformer,c1,42,timing_L3,timing,3,True,45298,13,0.0287,72.6544,27.3169,0.0,674,0.0,583,0.0,4084,0.0899,11119,0.0496,6051,0.0,18869,0.0,3496,0.0,378,0.0,44
Transformer,c1,42,timing_L4,timing,4,True,45298,14,0.0309,71.842,28.1271,0.0,674,0.0,583,0.0,4084,0.0719,11119,0.0826,6051,0.0053,18869,0.0,3496,0.0,378,0.0,44
Transformer,c1,42,connection_rate_L1,connection_rate,1,True,45298,2,0.0044,72.5043,27.4913,0.0,674,0.0,583,0.0,4084,0.0,11119,0.0165,6051,0.0053,18869,0.0,3496,0.0,378,0.0,44
Transformer,c1,42,connection_rate_L2,connection_rate,2,True,45298,6,0.0132,71.9325,28.0542,0.0,674,0.0,583,0.0,4084,0.0,11119,0.0826,6051,0.0053,18869,0.0,3496,0.0,378,0.0,44
Transformer,c1,42,connection_rate_L3,connection_rate,3,True,45298,0,0.0,63.9476,36.0524,0.0,674,0.0,583,0.0,4084,0.0,11119,0.0,6051,0.0,18869,0.0,3496,0.0,378,0.0,44
Transformer,c1,42,connection_rate_L4,connection_rate,4,True,45298,0,0.0,31.4694,68.5306,0.0,674,0.0,583,0.0,4084,0.0,11119,0.0,6051,0.0,18869,0.0,3496,0.0,378,0.0,44
Transformer,c1,42,combined_hold_L1,combined_hold,1,True,45298,1947,4.2982,15.6122,80.0896,10.5341,674,12.1784,583,4.9216,4084,2.6711,11119,19.4183,6051,0.53,18869,0.8009,3496,1.0582,378,0.0,44
Transformer,c1,42,combined_hold_L2,combined_hold,2,True,45298,2708,5.9782,15.1442,78.8777,14.6884,674,16.4666,583,6.5867,4084,3.6694,11119,22.8061,6051,2.2153,18869,0.8867,3496,1.5873,378,2.2727,44
Transformer,c1,42,combined_hold_L3,combined_hold,3,True,45298,10956,24.1865,14.2744,61.5391,31.454,674,32.9331,583,14.2018,4084,7.9234,11119,29.6315,6051,38.2267,18869,2.0881,3496,2.1164,378,9.0909,44
Transformer,c1,42,combined_hold_L4,combined_hold,4,True,45298,20534,45.3309,14.526,40.1431,46.1424,674,48.8851,583,19.2703,4084,10.9093,11119,34.705,6051,83.1258,18869,3.5755,3496,5.8201,378,13.6364,44
Transformer,c1,42,combined_mimic_L1,combined_mimic,1,True,45298,26711,58.9673,12.4685,28.5642,70.9199,674,71.8696,583,39.667,4084,21.2159,11119,51.3304,6051,97.011,18869,11.0412,3496,9.2593,378,6.8182,44
Transformer,c1,42,combined_mimic_L2,combined_mimic,2,True,45298,2743,6.0555,15.1927,78.7518,14.6884,674,16.9811,583,6.905,4084,3.7773,11119,22.6739,6051,2.2895,18869,0.9153,3496,1.5873,378,2.2727,44
Transformer,c1,42,combined_mimic_L3,combined_mimic,3,True,45298,30793,67.9787,10.5921,21.4292,88.5757,674,85.9348,583,66.2341,4084,35.5697,11119,64.4687,6051,97.6098,18869,17.2197,3496,26.7196,378,29.5455,44
Transformer,c1,42,combined_mimic_L4,combined_mimic,4,True,45298,31784,70.1665,11.3029,18.5306,91.8398,674,88.1647,583,70.1028,4084,36.8738,11119,69.8066,6051,97.6946,18869,25.3432,3496,34.6561,378,29.5455,44
Transformer,c1,42,ttl_both_L1,ttl_both,1,False,45298,38272,84.4894,1.1568,14.3538,72.4036,674,73.4134,583,56.4643,4084,80.6008,11119,87.3905,6051,99.2474,18869,53.6613,3496,42.328,378,84.0909,44
Transformer,c1,43,identity_L0,identity,0,True,45307,0,0.0,74.5536,25.4464,0.0,667,0.0,583,0.0,4088,0.0,11124,0.0,6059,0.0,18869,0.0,3495,0.0,378,0.0,44
Transformer,c1,43,ttl_hold_L1,ttl_hold,1,True,45307,1818,4.0126,19.0412,76.9462,0.2999,667,0.3431,583,1.2476,4088,0.2877,11124,12.7249,6059,5.0665,18869,0.1144,3495,0.0,378,0.0,44
Transformer,c1,43,ttl_hold_L2,ttl_hold,2,True,45307,1931,4.262,19.0059,76.7321,0.5997,667,0.6861,583,1.2965,4088,0.3236,11124,13.055,6059,5.4958,18869,0.1431,3495,0.2646,378,0.0,44
Transformer,c1,43,ttl_hold_L3,ttl_hold,3,True,45307,4617,10.1905,18.8381,70.9714,1.3493,667,1.2007,583,1.59,4088,0.5034,11124,15.9432,6059,18.5701,18869,0.2289,3495,0.5291,378,0.0,44
Transformer,c1,43,ttl_mimic_L1,ttl_mimic,1,True,45307,23548,51.9743,16.45,31.5757,38.9805,667,37.5643,583,20.4746,4088,10.5717,11124,41.3104,6059,96.5711,18869,8.6409,3495,7.4074,378,2.2727,44
Transformer,c1,43,ttl_mimic_L2,ttl_mimic,2,True,45307,1896,4.1848,19.0787,76.7365,0.5997,667,0.8576,583,0.4892,4088,0.3056,11124,13.0385,6059,5.4958,18869,0.1431,3495,0.2646,378,0.0,44
Transformer,c1,43,ttl_mimic_L3,ttl_mimic,3,True,45307,24792,54.72,15.7172,29.5628,48.2759,667,46.1407,583,25.6605,4088,13.3495,11124,47.087,6059,96.6983,18869,14.9642,3495,11.6402,378,2.2727,44
Transformer,c1,43,padding_L1,padding,1,True,45307,19,0.0419,68.1683,31.7898,0.8996,667,0.0,583,0.0245,4088,0.0,11124,0.1981,6059,0.0,18869,0.0,3495,0.0,378,0.0,44
Transformer,c1,43,padding_L2,padding,2,True,45307,4,0.0088,67.3538,32.6373,0.0,667,0.0,583,0.0,4088,0.009,11124,0.0495,6059,0.0,18869,0.0,3495,0.0,378,0.0,44
Transformer,c1,43,padding_L3,padding,3,True,45307,13,0.0287,63.4516,36.5197,0.0,667,0.0,583,0.0245,4088,0.018,11124,0.1485,6059,0.0053,18869,0.0,3495,0.0,378,0.0,44
Transformer,c1,43,padding_L4,padding,4,True,45307,16,0.0353,50.9016,49.0631,0.0,667,0.0,583,0.0245,4088,0.0809,11124,0.033,6059,0.0106,18869,0.0572,3495,0.0,378,0.0,44
Transformer,c1,43,timing_L1,timing,1,True,45307,4,0.0088,74.505,25.4861,0.0,667,0.0,583,0.0,4088,0.018,11124,0.0165,6059,0.0053,18869,0.0,3495,0.0,378,0.0,44
Transformer,c1,43,timing_L2,timing,2,True,45307,6,0.0132,74.4322,25.5546,0.0,667,0.0,583,0.0,4088,0.036,11124,0.0165,6059,0.0053,18869,0.0,3495,0.0,378,0.0,44
Transformer,c1,43,timing_L3,timing,3,True,45307,18,0.0397,73.5648,26.3955,0.0,667,0.0,583,0.0245,4088,0.1438,11124,0.0,6059,0.0053,18869,0.0,3495,0.0,378,0.0,44
Transformer,c1,43,timing_L4,timing,4,True,45307,27,0.0596,73.0373,26.9031,0.0,667,0.0,583,0.0489,4088,0.2068,11124,0.0165,6059,0.0053,18869,0.0,3495,0.0,378,0.0,44
Transformer,c1,43,connection_rate_L1,connection_rate,1,True,45307,0,0.0,73.5273,26.4727,0.0,667,0.0,583,0.0,4088,0.0,11124,0.0,6059,0.0,18869,0.0,3495,0.0,378,0.0,44
Transformer,c1,43,connection_rate_L2,connection_rate,2,True,45307,0,0.0,70.2916,29.7084,0.0,667,0.0,583,0.0,4088,0.0,11124,0.0,6059,0.0,18869,0.0,3495,0.0,378,0.0,44
Transformer,c1,43,connection_rate_L3,connection_rate,3,True,45307,0,0.0,58.4369,41.5631,0.0,667,0.0,583,0.0,4088,0.0,11124,0.0,6059,0.0,18869,0.0,3495,0.0,378,0.0,44
Transformer,c1,43,connection_rate_L4,connection_rate,4,True,45307,0,0.0,32.8514,67.1486,0.0,667,0.0,583,0.0,4088,0.0,11124,0.0,6059,0.0,18869,0.0,3495,0.0,378,0.0,44
Transformer,c1,43,combined_hold_L1,combined_hold,1,True,45307,4026,8.886,19.0258,72.0882,1.6492,667,0.6861,583,1.5166,4088,0.4315,11124,13.055,6059,16.4556,18869,0.1431,3495,0.0,378,0.0,44
Transformer,c1,43,combined_hold_L2,combined_hold,2,True,45307,7745,17.0945,19.0809,63.8246,1.6492,667,1.8868,583,1.6389,4088,0.6203,11124,13.352,6059,35.879,18869,0.2289,3495,0.0,378,0.0,44
Transformer,c1,43,combined_hold_L3,combined_hold,3,True,45307,15155,33.4496,18.8271,47.7233,4.9475,667,5.3173,583,2.6419,4088,1.7799,11124,19.0295,6059,72.113,18869,0.5722,3495,0.7937,378,4.5455,44
Transformer,c1,43,combined_hold_L4,combined_hold,4,True,45307,16842,37.1731,18.7653,44.0616,5.6972,667,6.3465,583,3.2045,4088,2.6969,11124,21.1751,6059,79.4425,18869,1.5737,3495,1.8519,378,2.2727,44
Transformer,c1,43,combined_mimic_L1,combined_mimic,1,True,45307,24147,53.2964,16.1454,30.5582,44.6777,667,42.3671,583,24.7309,4088,12.6034,11124,42.9444,6059,96.6612,18869,8.7554,3495,10.0529,378,9.0909,44
Transformer,c1,43,combined_mimic_L2,combined_mimic,2,True,45307,7706,17.0084,19.1758,63.8157,1.6492,667,1.8868,583,0.8317,4088,0.5843,11124,13.352,6059,35.8684,18869,0.2289,3495,0.0,378,0.0,44
Transformer,c1,43,combined_mimic_L3,combined_mimic,3,True,45307,28588,63.0984,13.5101,23.3915,67.3163,667,65.1801,583,40.5822,4088,26.1057,11124,60.1915,6059,97.3925,18869,29.4993,3495,34.9206,378,20.4545,44
Transformer,c1,43,combined_mimic_L4,combined_mimic,4,True,45307,30953,68.3184,11.8988,19.7828,70.3148,667,67.753,583,45.0587,4088,34.6728,11124,67.0078,6059,97.8165,18869,47.7825,3495,50.5291,378,27.2727,44
Transformer,c1,43,ttl_both_L1,ttl_both,1,False,45307,36403,80.3474,4.8602,14.7924,53.973,667,53.6878,583,45.1321,4088,69.5074,11124,84.6839,6059,99.0991,18869,58.8841,3495,61.3757,378,75.0,44
Transformer,c1,44,identity_L0,identity,0,True,45233,0,0.0,74.1251,25.8749,0.0,673,0.0,583,0.0,4085,0.0,11043,0.0,6062,0.0,18869,0.0,3496,0.0,378,0.0,44
Transformer,c1,44,ttl_hold_L1,ttl_hold,1,True,45233,5616,12.4157,43.1831,44.4012,10.104,673,12.693,583,4.5777,4085,3.586,11043,37.2319,6062,13.4665,18869,2.3741,3496,2.381,378,2.2727,44
Transformer,c1,44,ttl_hold_L2,ttl_hold,2,True,45233,5769,12.754,43.0394,44.2067,10.4012,673,13.036,583,4.7491,4085,3.7037,11043,37.7268,6062,13.9859,18869,2.4027,3496,2.381,378,2.2727,44
Transformer,c1,44,ttl_hold_L3,ttl_hold,3,True,45233,7517,16.6184,41.9229,41.4587,16.4933,673,20.0686,583,7.3684,4085,6.203,11043,43.1871,6062,18.9199,18869,2.9462,3496,2.9101,378,2.2727,44
Transformer,c1,44,ttl_mimic_L1,ttl_mimic,1,True,45233,32462,71.7662,12.0996,16.1342,86.9242,673,82.6758,583,63.7944,4085,35.7693,11043,80.353,6062,97.2495,18869,40.9325,3496,46.2963,378,27.2727,44
Transformer,c1,44,ttl_mimic_L2,ttl_mimic,2,True,45233,5835,12.8999,43.0747,44.0254,10.4012,673,13.7221,583,4.6756,4085,4.0206,11043,37.8258,6062,14.076,18869,2.603,3496,2.381,378,2.2727,44
Transformer,c1,44,ttl_mimic_L3,ttl_mimic,3,True,45233,34532,76.3425,10.9986,12.6589,94.948,673,89.1938,583,73.317,4085,41.6916,11043,87.4464,6062,98.0656,18869,49.8284,3496,56.6138,378,29.5455,44
Transformer,c1,44,padding_L1,padding,1,True,45233,10,0.0221,68.9939,30.984,0.1486,673,0.0,583,0.0,4085,0.0724,11043,0.0,6062,0.0053,18869,0.0,3496,0.0,378,0.0,44
Transformer,c1,44,padding_L2,padding,2,True,45233,20,0.0442,67.2319,32.7239,0.1486,673,0.0,583,0.049,4085,0.1449,11043,0.0,6062,0.0053,18869,0.0,3496,0.0,378,0.0,44
Transformer,c1,44,padding_L3,padding,3,True,45233,26,0.0575,62.4588,37.4837,0.0,673,0.0,583,0.0979,4085,0.1902,11043,0.0,6062,0.0053,18869,0.0,3496,0.0,378,0.0,44
Transformer,c1,44,padding_L4,padding,4,True,45233,55,0.1216,27.7651,72.1133,0.0,673,0.0,583,0.2448,4085,0.3713,11043,0.0,6062,0.0159,18869,0.0286,3496,0.0,378,0.0,44
Transformer,c1,44,timing_L1,timing,1,True,45233,4,0.0088,74.0234,25.9678,0.1486,673,0.0,583,0.0,4085,0.0272,11043,0.0,6062,0.0,18869,0.0,3496,0.0,378,0.0,44
Transformer,c1,44,timing_L2,timing,2,True,45233,4,0.0088,73.8333,26.1579,0.1486,673,0.0,583,0.0,4085,0.0272,11043,0.0,6062,0.0,18869,0.0,3496,0.0,378,0.0,44
Transformer,c1,44,timing_L3,timing,3,True,45233,2,0.0044,72.9379,27.0577,0.0,673,0.0,583,0.0245,4085,0.0091,11043,0.0,6062,0.0,18869,0.0,3496,0.0,378,0.0,44
Transformer,c1,44,timing_L4,timing,4,True,45233,3,0.0066,72.4869,27.5065,0.0,673,0.0,583,0.0245,4085,0.0091,11043,0.0,6062,0.0053,18869,0.0,3496,0.0,378,0.0,44
Transformer,c1,44,connection_rate_L1,connection_rate,1,True,45233,0,0.0,73.0462,26.9538,0.0,673,0.0,583,0.0,4085,0.0,11043,0.0,6062,0.0,18869,0.0,3496,0.0,378,0.0,44
Transformer,c1,44,connection_rate_L2,connection_rate,2,True,45233,2,0.0044,69.6284,30.3672,0.0,673,0.0,583,0.0,4085,0.0,11043,0.0,6062,0.0106,18869,0.0,3496,0.0,378,0.0,44
Transformer,c1,44,connection_rate_L3,connection_rate,3,True,45233,0,0.0,57.0557,42.9443,0.0,673,0.0,583,0.0,4085,0.0,11043,0.0,6062,0.0,18869,0.0,3496,0.0,378,0.0,44
Transformer,c1,44,connection_rate_L4,connection_rate,4,True,45233,0,0.0,31.0216,68.9784,0.0,673,0.0,583,0.0,4085,0.0,11043,0.0,6062,0.0,18869,0.0,3496,0.0,378,0.0,44
Transformer,c1,44,combined_hold_L1,combined_hold,1,True,45233,6259,13.8372,45.9377,40.2251,16.7905,673,19.554,583,6.8054,4085,4.3557,11043,36.9515,6062,15.809,18869,1.1728,3496,2.1164,378,2.2727,44
Transformer,c1,44,combined_hold_L2,combined_hold,2,True,45233,7201,15.9198,43.1853,40.8949,21.5453,673,24.5283,583,8.4455,4085,5.3428,11043,35.3019,6062,20.0382,18869,1.373,3496,2.1164,378,2.2727,44
Transformer,c1,44,combined_hold_L3,combined_hold,3,True,45233,11270,24.9154,40.8993,34.1852,41.6048,673,42.3671,583,19.1187,4085,9.9701,11043,37.3969,6062,34.093,18869,3.9474,3496,5.5556,378,4.5455,44
Transformer,c1,44,combined_hold_L4,combined_hold,4,True,45233,22887,50.598,21.1682,28.2338,45.6166,673,44.4254,583,23.7209,4085,11.4643,11043,37.133,6062,93.4178,18869,5.1201,3496,7.1429,378,4.5455,44
Transformer,c1,44,combined_mimic_L1,combined_mimic,1,True,45233,33336,73.6984,12.8866,13.415,92.5706,673,87.307,583,70.967,4085,38.7214,11043,81.3098,6062,97.3555,18869,43.5927,3496,51.3228,378,27.2727,44
Transformer,c1,44,combined_mimic_L2,combined_mimic,2,True,45233,7241,16.0082,43.2229,40.7689,21.5453,673,25.2144,583,8.3476,4085,5.5148,11043,35.3184,6062,20.1124,18869,1.5446,3496,2.1164,378,2.2727,44
Transformer,c1,44,combined_mimic_L3,combined_mimic,3,True,45233,35057,77.5032,10.8372,11.6596,96.2853,673,93.6535,583,81.3953,4085,45.8209,11043,81.2768,6062,98.0762,18869,51.1728,3496,61.9048,378,50.0,44
Transformer,c1,44,combined_mimic_L4,combined_mimic,4,True,45233,35813,79.1745,11.0937,9.7318,94.5022,673,93.3105,583,82.2521,4085,47.958,11043,85.9947,6062,97.8854,18869,57.4085,3496,69.3122,378,56.8182,44
Transformer,c1,44,ttl_both_L1,ttl_both,1,False,45233,44074,97.4377,0.6588,1.9035,95.9881,673,96.9125,583,91.7258,4085,96.6947,11043,97.905,6062,99.7562,18869,93.7071,3496,95.7672,378,95.4545,44
RandomForest,o6,42,identity_L0,identity,0,True,45229,0,0.0,75.1553,24.8447,0.0,677,0.0,583,0.0,4087,0.0,11117,0.0,5976,0.0,18871,0.0,3496,0.0,378,0.0,44
RandomForest,o6,42,ttl_hold_L1,ttl_hold,1,True,45229,0,0.0,75.4052,24.5948,0.0,677,0.0,583,0.0,4087,0.0,11117,0.0,5976,0.0,18871,0.0,3496,0.0,378,0.0,44
RandomForest,o6,42,ttl_hold_L2,ttl_hold,2,True,45229,0,0.0,75.2614,24.7386,0.0,677,0.0,583,0.0,4087,0.0,11117,0.0,5976,0.0,18871,0.0,3496,0.0,378,0.0,44
RandomForest,o6,42,ttl_hold_L3,ttl_hold,3,True,45229,0,0.0,75.6373,24.3627,0.0,677,0.0,583,0.0,4087,0.0,11117,0.0,5976,0.0,18871,0.0,3496,0.0,378,0.0,44
RandomForest,o6,42,ttl_mimic_L1,ttl_mimic,1,True,45229,0,0.0,76.137,23.863,0.0,677,0.0,583,0.0,4087,0.0,11117,0.0,5976,0.0,18871,0.0,3496,0.0,378,0.0,44
RandomForest,o6,42,ttl_mimic_L2,ttl_mimic,2,True,45229,0,0.0,75.2614,24.7386,0.0,677,0.0,583,0.0,4087,0.0,11117,0.0,5976,0.0,18871,0.0,3496,0.0,378,0.0,44
RandomForest,o6,42,ttl_mimic_L3,ttl_mimic,3,True,45229,6,0.0133,76.5305,23.4562,0.0,677,0.0,583,0.0,4087,0.009,11117,0.0837,5976,0.0,18871,0.0,3496,0.0,378,0.0,44
RandomForest,o6,42,padding_L1,padding,1,True,45229,13,0.0287,75.1929,24.7784,0.0,677,0.0,583,0.0489,4087,0.045,11117,0.1004,5976,0.0,18871,0.0,3496,0.0,378,0.0,44
RandomForest,o6,42,padding_L2,padding,2,True,45229,13,0.0287,74.8922,25.079,0.0,677,0.0,583,0.0,4087,0.009,11117,0.2008,5976,0.0,18871,0.0,3496,0.0,378,0.0,44
RandomForest,o6,42,padding_L3,padding,3,True,45229,8,0.0177,75.1885,24.7938,0.0,677,0.0,583,0.0,4087,0.009,11117,0.1171,5976,0.0,18871,0.0,3496,0.0,378,0.0,44
RandomForest,o6,42,padding_L4,padding,4,True,45229,13,0.0287,74.2687,25.7025,0.0,677,0.0,583,0.0,4087,0.009,11117,0.1841,5976,0.0,18871,0.0286,3496,0.0,378,0.0,44
RandomForest,o6,42,timing_L1,timing,1,True,45229,15,0.0332,75.8872,24.0797,0.0,677,0.0,583,0.0,4087,0.036,11117,0.1841,5976,0.0,18871,0.0,3496,0.0,378,0.0,44
RandomForest,o6,42,timing_L2,timing,2,True,45229,10,0.0221,76.3448,23.6331,0.0,677,0.0,583,0.0,4087,0.009,11117,0.1339,5976,0.0053,18871,0.0,3496,0.0,378,0.0,44
RandomForest,o6,42,timing_L3,timing,3,True,45229,0,0.0,76.6411,23.3589,0.0,677,0.0,583,0.0,4087,0.0,11117,0.0,5976,0.0,18871,0.0,3496,0.0,378,0.0,44
RandomForest,o6,42,timing_L4,timing,4,True,45229,49,0.1083,76.5703,23.3213,1.034,677,1.2007,583,0.1713,4087,0.1259,11117,0.2343,5976,0.0,18871,0.0,3496,0.0,378,0.0,44
RandomForest,o6,42,connection_rate_L1,connection_rate,1,True,45229,19,0.042,75.9712,23.9868,0.0,677,0.0,583,0.0245,4087,0.027,11117,0.251,5976,0.0,18871,0.0,3496,0.0,378,0.0,44
RandomForest,o6,42,connection_rate_L2,connection_rate,2,True,45229,9,0.0199,76.2962,23.6839,0.0,677,0.0,583,0.0245,4087,0.018,11117,0.1004,5976,0.0,18871,0.0,3496,0.0,378,0.0,44
RandomForest,o6,42,connection_rate_L3,connection_rate,3,True,45229,3,0.0066,75.8827,24.1106,0.0,677,0.0,583,0.0245,4087,0.018,11117,0.0,5976,0.0,18871,0.0,3496,0.0,378,0.0,44
RandomForest,o6,42,connection_rate_L4,connection_rate,4,True,45229,3,0.0066,75.7854,24.2079,0.0,677,0.0,583,0.0245,4087,0.018,11117,0.0,5976,0.0,18871,0.0,3496,0.0,378,0.0,44
RandomForest,o6,42,combined_hold_L1,combined_hold,1,True,45229,2,0.0044,75.7832,24.2123,0.0,677,0.0,583,0.0,4087,0.018,11117,0.0,5976,0.0,18871,0.0,3496,0.0,378,0.0,44
RandomForest,o6,42,combined_hold_L2,combined_hold,2,True,45229,1,0.0022,75.5909,24.4069,0.0,677,0.0,583,0.0,4087,0.009,11117,0.0,5976,0.0,18871,0.0,3496,0.0,378,0.0,44
RandomForest,o6,42,combined_hold_L3,combined_hold,3,True,45229,2,0.0044,76.1724,23.8232,0.0,677,0.0,583,0.0,4087,0.0,11117,0.0167,5976,0.0,18871,0.0286,3496,0.0,378,0.0,44
RandomForest,o6,42,combined_hold_L4,combined_hold,4,True,45229,51,0.1128,76.2276,23.6596,1.034,677,1.2007,583,0.1713,4087,0.1259,11117,0.2343,5976,0.0,18871,0.0286,3496,0.2646,378,0.0,44
RandomForest,o6,42,combined_mimic_L1,combined_mimic,1,True,45229,0,0.0,76.4001,23.5999,0.0,677,0.0,583,0.0,4087,0.0,11117,0.0,5976,0.0,18871,0.0,3496,0.0,378,0.0,44
RandomForest,o6,42,combined_mimic_L2,combined_mimic,2,True,45229,1,0.0022,75.5931,24.4047,0.0,677,0.0,583,0.0,4087,0.009,11117,0.0,5976,0.0,18871,0.0,3496,0.0,378,0.0,44
RandomForest,o6,42,combined_mimic_L3,combined_mimic,3,True,45229,15,0.0332,76.2674,23.6994,0.2954,677,0.3431,583,0.0489,4087,0.036,11117,0.0837,5976,0.0,18871,0.0,3496,0.0,378,0.0,44
RandomForest,o6,42,combined_mimic_L4,combined_mimic,4,True,45229,73,0.1614,76.0486,23.79,1.4771,677,1.7153,583,0.2447,4087,0.1799,11117,0.3514,5976,0.0,18871,0.0286,3496,0.2646,378,0.0,44
RandomForest,o6,42,ttl_both_L1,ttl_both,1,False,45229,436,0.964,75.9535,23.0825,3.2496,677,0.5146,583,1.15,4087,1.7001,11117,1.9913,5976,0.1749,18871,0.5721,3496,0.7937,378,0.0,44
RandomForest,o6,43,identity_L0,identity,0,True,45234,0,0.0,75.2023,24.7977,0.0,677,0.0,583,0.0,4088,0.0,11116,0.0,5981,0.0,18871,0.0,3496,0.0,378,0.0,44
RandomForest,o6,43,ttl_hold_L1,ttl_hold,1,True,45234,0,0.0,75.4211,24.5789,0.0,677,0.0,583,0.0,4088,0.0,11116,0.0,5981,0.0,18871,0.0,3496,0.0,378,0.0,44
RandomForest,o6,43,ttl_hold_L2,ttl_hold,2,True,45234,0,0.0,75.2487,24.7513,0.0,677,0.0,583,0.0,4088,0.0,11116,0.0,5981,0.0,18871,0.0,3496,0.0,378,0.0,44
RandomForest,o6,43,ttl_hold_L3,ttl_hold,3,True,45234,0,0.0,75.6997,24.3003,0.0,677,0.0,583,0.0,4088,0.0,11116,0.0,5981,0.0,18871,0.0,3496,0.0,378,0.0,44
RandomForest,o6,43,ttl_mimic_L1,ttl_mimic,1,True,45234,2,0.0044,76.0269,23.9687,0.0,677,0.0,583,0.0,4088,0.0,11116,0.0334,5981,0.0,18871,0.0,3496,0.0,378,0.0,44
RandomForest,o6,43,ttl_mimic_L2,ttl_mimic,2,True,45234,0,0.0,75.2421,24.7579,0.0,677,0.0,583,0.0,4088,0.0,11116,0.0,5981,0.0,18871,0.0,3496,0.0,378,0.0,44
RandomForest,o6,43,ttl_mimic_L3,ttl_mimic,3,True,45234,7,0.0155,76.5928,23.3917,0.0,677,0.0,583,0.0,4088,0.027,11116,0.0669,5981,0.0,18871,0.0,3496,0.0,378,0.0,44
RandomForest,o6,43,padding_L1,padding,1,True,45234,19,0.042,75.2598,24.6982,0.0,677,0.0,583,0.0489,4088,0.027,11116,0.2341,5981,0.0,18871,0.0,3496,0.0,378,0.0,44
RandomForest,o6,43,padding_L2,padding,2,True,45234,7,0.0155,75.0232,24.9613,0.0,677,0.0,583,0.0,4088,0.0,11116,0.117,5981,0.0,18871,0.0,3496,0.0,378,0.0,44
RandomForest,o6,43,padding_L3,padding,3,True,45234,4,0.0088,75.1028,24.8884,0.0,677,0.0,583,0.0,4088,0.0,11116,0.0502,5981,0.0,18871,0.0286,3496,0.0,378,0.0,44
RandomForest,o6,43,padding_L4,padding,4,True,45234,9,0.0199,74.2804,25.6997,0.0,677,0.0,583,0.0,4088,0.0,11116,0.1338,5981,0.0,18871,0.0286,3496,0.0,378,0.0,44
RandomForest,o6,43,timing_L1,timing,1,True,45234,28,0.0619,75.8434,24.0947,0.0,677,0.0,583,0.0,4088,0.0,11116,0.4681,5981,0.0,18871,0.0,3496,0.0,378,0.0,44
RandomForest,o6,43,timing_L2,timing,2,True,45234,11,0.0243,76.2015,23.7742,0.0,677,0.0,583,0.0,4088,0.009,11116,0.1672,5981,0.0,18871,0.0,3496,0.0,378,0.0,44
RandomForest,o6,43,timing_L3,timing,3,True,45234,0,0.0,76.668,23.332,0.0,677,0.0,583,0.0,4088,0.0,11116,0.0,5981,0.0,18871,0.0,3496,0.0,378,0.0,44
RandomForest,o6,43,timing_L4,timing,4,True,45234,14,0.031,76.5641,23.405,0.2954,677,0.3431,583,0.0489,4088,0.036,11116,0.0669,5981,0.0,18871,0.0,3496,0.0,378,0.0,44
RandomForest,o6,43,connection_rate_L1,connection_rate,1,True,45234,21,0.0464,76.091,23.8626,0.0,677,0.0,583,0.0,4088,0.018,11116,0.3177,5981,0.0,18871,0.0,3496,0.0,378,0.0,44
RandomForest,o6,43,connection_rate_L2,connection_rate,2,True,45234,10,0.0221,76.2568,23.7211,0.0,677,0.0,583,0.0245,4088,0.018,11116,0.117,5981,0.0,18871,0.0,3496,0.0,378,0.0,44
RandomForest,o6,43,connection_rate_L3,connection_rate,3,True,45234,3,0.0066,76.1197,23.8736,0.0,677,0.0,583,0.0245,4088,0.018,11116,0.0,5981,0.0,18871,0.0,3496,0.0,378,0.0,44
RandomForest,o6,43,connection_rate_L4,connection_rate,4,True,45234,3,0.0066,75.7815,24.2119,0.0,677,0.0,583,0.0245,4088,0.018,11116,0.0,5981,0.0,18871,0.0,3496,0.0,378,0.0,44
RandomForest,o6,43,combined_hold_L1,combined_hold,1,True,45234,5,0.0111,75.797,24.192,0.0,677,0.0,583,0.0734,4088,0.018,11116,0.0,5981,0.0,18871,0.0,3496,0.0,378,0.0,44
RandomForest,o6,43,combined_hold_L2,combined_hold,2,True,45234,0,0.0,75.7152,24.2848,0.0,677,0.0,583,0.0,4088,0.0,11116,0.0,5981,0.0,18871,0.0,3496,0.0,378,0.0,44
RandomForest,o6,43,combined_hold_L3,combined_hold,3,True,45234,2,0.0044,75.8213,24.1743,0.0,677,0.0,583,0.0,4088,0.0,11116,0.0,5981,0.0,18871,0.0286,3496,0.2646,378,0.0,44
RandomForest,o6,43,combined_hold_L4,combined_hold,4,True,45234,51,0.1127,76.0822,23.8051,1.034,677,1.2007,583,0.1712,4088,0.1259,11116,0.2341,5981,0.0,18871,0.0286,3496,0.2646,378,0.0,44
RandomForest,o6,43,combined_mimic_L1,combined_mimic,1,True,45234,1,0.0022,76.2988,23.699,0.0,677,0.0,583,0.0,4088,0.0,11116,0.0167,5981,0.0,18871,0.0,3496,0.0,378,0.0,44
RandomForest,o6,43,combined_mimic_L2,combined_mimic,2,True,45234,0,0.0,75.7063,24.2937,0.0,677,0.0,583,0.0,4088,0.0,11116,0.0,5981,0.0,18871,0.0,3496,0.0,378,0.0,44
RandomForest,o6,43,combined_mimic_L3,combined_mimic,3,True,45234,0,0.0,75.923,24.077,0.0,677,0.0,583,0.0,4088,0.0,11116,0.0,5981,0.0,18871,0.0,3496,0.0,378,0.0,44
RandomForest,o6,43,combined_mimic_L4,combined_mimic,4,True,45234,71,0.157,75.7085,24.1345,1.4771,677,1.7153,583,0.2446,4088,0.1799,11116,0.3344,5981,0.0,18871,0.0286,3496,0.0,378,0.0,44
RandomForest,o6,43,ttl_both_L1,ttl_both,1,False,45234,307,0.6787,76.1087,23.2126,2.8065,677,0.1715,583,0.8806,4088,1.2504,11116,1.2038,5981,0.1272,18871,0.4577,3496,0.0,378,0.0,44
RandomForest,o6,44,identity_L0,identity,0,True,45232,0,0.0,75.2498,24.7502,0.0,677,0.0,583,0.0,4087,0.0,11113,0.0,5983,0.0,18871,0.0,3496,0.0,378,0.0,44
RandomForest,o6,44,ttl_hold_L1,ttl_hold,1,True,45232,0,0.0,75.3648,24.6352,0.0,677,0.0,583,0.0,4087,0.0,11113,0.0,5983,0.0,18871,0.0,3496,0.0,378,0.0,44
RandomForest,o6,44,ttl_hold_L2,ttl_hold,2,True,45232,0,0.0,75.2719,24.7281,0.0,677,0.0,583,0.0,4087,0.0,11113,0.0,5983,0.0,18871,0.0,3496,0.0,378,0.0,44
RandomForest,o6,44,ttl_hold_L3,ttl_hold,3,True,45232,2,0.0044,75.6345,24.3611,0.0,677,0.0,583,0.0,4087,0.0,11113,0.0334,5983,0.0,18871,0.0,3496,0.0,378,0.0,44
RandomForest,o6,44,ttl_mimic_L1,ttl_mimic,1,True,45232,2,0.0044,76.0612,23.9344,0.0,677,0.0,583,0.0,4087,0.0,11113,0.0334,5983,0.0,18871,0.0,3496,0.0,378,0.0,44
RandomForest,o6,44,ttl_mimic_L2,ttl_mimic,2,True,45232,0,0.0,75.2675,24.7325,0.0,677,0.0,583,0.0,4087,0.0,11113,0.0,5983,0.0,18871,0.0,3496,0.0,378,0.0,44
RandomForest,o6,44,ttl_mimic_L3,ttl_mimic,3,True,45232,7,0.0155,76.4459,23.5386,0.0,677,0.0,583,0.0,4087,0.036,11113,0.0501,5983,0.0,18871,0.0,3496,0.0,378,0.0,44
RandomForest,o6,44,padding_L1,padding,1,True,45232,26,0.0575,75.2896,24.6529,0.0,677,0.0,583,0.0734,4087,0.063,11113,0.2674,5983,0.0,18871,0.0,3496,0.0,378,0.0,44
RandomForest,o6,44,padding_L2,padding,2,True,45232,12,0.0265,74.8165,25.157,0.0,677,0.0,583,0.0,4087,0.009,11113,0.1671,5983,0.0,18871,0.0286,3496,0.0,378,0.0,44
RandomForest,o6,44,padding_L3,padding,3,True,45232,9,0.0199,75.0796,24.9005,0.0,677,0.0,583,0.0,4087,0.0,11113,0.1337,5983,0.0,18871,0.0286,3496,0.0,378,0.0,44
RandomForest,o6,44,padding_L4,padding,4,True,45232,11,0.0243,74.255,25.7207,0.0,677,0.0,583,0.0,4087,0.0,11113,0.1504,5983,0.0,18871,0.0286,3496,0.2646,378,0.0,44
RandomForest,o6,44,timing_L1,timing,1,True,45232,27,0.0597,75.8666,24.0737,0.0,677,0.0,583,0.0,4087,0.018,11113,0.3677,5983,0.0053,18871,0.0286,3496,0.2646,378,0.0,44
RandomForest,o6,44,timing_L2,timing,2,True,45232,18,0.0398,76.1961,23.7641,0.0,677,0.0,583,0.0,4087,0.009,11113,0.2507,5983,0.0053,18871,0.0286,3496,0.0,378,0.0,44
RandomForest,o6,44,timing_L3,timing,3,True,45232,1,0.0022,76.6205,23.3773,0.0,677,0.0,583,0.0,4087,0.0,11113,0.0,5983,0.0,18871,0.0,3496,0.2646,378,0.0,44
RandomForest,o6,44,timing_L4,timing,4,True,45232,71,0.157,76.2845,23.5585,1.4771,677,1.7153,583,0.2447,4087,0.18,11113,0.3343,5983,0.0,18871,0.0,3496,0.2646,378,0.0,44
RandomForest,o6,44,connection_rate_L1,connection_rate,1,True,45232,24,0.0531,75.8445,24.1024,0.0,677,0.0,583,0.0734,4087,0.027,11113,0.3009,5983,0.0,18871,0.0,3496,0.0,378,0.0,44
RandomForest,o6,44,connection_rate_L2,connection_rate,2,True,45232,8,0.0177,76.2425,23.7398,0.0,677,0.0,583,0.0734,4087,0.009,11113,0.0501,5983,0.0,18871,0.0286,3496,0.0,378,0.0,44
RandomForest,o6,44,connection_rate_L3,connection_rate,3,True,45232,4,0.0088,75.8733,24.1179,0.0,677,0.0,583,0.0734,4087,0.009,11113,0.0,5983,0.0,18871,0.0,3496,0.0,378,0.0,44
RandomForest,o6,44,connection_rate_L4,connection_rate,4,True,45232,4,0.0088,75.7627,24.2284,0.0,677,0.0,583,0.0734,4087,0.009,11113,0.0,5983,0.0,18871,0.0,3496,0.0,378,0.0,44
RandomForest,o6,44,combined_hold_L1,combined_hold,1,True,45232,9,0.0199,75.8401,24.14,0.0,677,0.0,583,0.0489,4087,0.036,11113,0.0334,5983,0.0,18871,0.0286,3496,0.0,378,0.0,44
RandomForest,o6,44,combined_hold_L2,combined_hold,2,True,45232,3,0.0066,75.703,24.2903,0.0,677,0.0,583,0.0,4087,0.009,11113,0.0,5983,0.0,18871,0.0286,3496,0.2646,378,0.0,44
RandomForest,o6,44,combined_hold_L3,combined_hold,3,True,45232,2,0.0044,76.0148,23.9808,0.0,677,0.0,583,0.0,4087,0.0,11113,0.0,5983,0.0,18871,0.0286,3496,0.2646,378,0.0,44
RandomForest,o6,44,combined_hold_L4,combined_hold,4,True,45232,86,0.1901,76.2027,23.6072,1.7725,677,2.0583,583,0.2936,4087,0.216,11113,0.4011,5983,0.0,18871,0.0286,3496,0.2646,378,0.0,44
RandomForest,o6,44,combined_mimic_L1,combined_mimic,1,True,45232,3,0.0066,76.2756,23.7177,0.0,677,0.0,583,0.0,4087,0.009,11113,0.0334,5983,0.0,18871,0.0,3496,0.0,378,0.0,44
RandomForest,o6,44,combined_mimic_L2,combined_mimic,2,True,45232,3,0.0066,75.734,24.2594,0.0,677,0.0,583,0.0,4087,0.009,11113,0.0,5983,0.0,18871,0.0286,3496,0.2646,378,0.0,44
RandomForest,o6,44,combined_mimic_L3,combined_mimic,3,True,45232,2,0.0044,76.1297,23.8658,0.0,677,0.0,583,0.0,4087,0.0,11113,0.0,5983,0.0,18871,0.0286,3496,0.2646,378,0.0,44
RandomForest,o6,44,combined_mimic_L4,combined_mimic,4,True,45232,100,0.2211,75.849,23.93,2.0679,677,2.4014,583,0.3425,4087,0.252,11113,0.468,5983,0.0,18871,0.0286,3496,0.2646,378,0.0,44
RandomForest,o6,44,ttl_both_L1,ttl_both,1,False,45232,276,0.6102,76.1651,23.2247,2.6588,677,0.0,583,0.7096,4087,1.1158,11113,1.053,5983,0.1378,18871,0.4577,3496,0.0,378,0.0,44
XGBoost,o6,42,identity_L0,identity,0,True,44237,0,0.0,78.9678,21.0322,0.0,634,0.0,581,0.0,4063,0.0,11055,0.0,5129,0.0,18867,0.0,3494,0.0,370,0.0,44
XGBoost,o6,42,ttl_hold_L1,ttl_hold,1,True,44237,0,0.0,78.5293,21.4707,0.0,634,0.0,581,0.0,4063,0.0,11055,0.0,5129,0.0,18867,0.0,3494,0.0,370,0.0,44
XGBoost,o6,42,ttl_hold_L2,ttl_hold,2,True,44237,0,0.0,78.3123,21.6877,0.0,634,0.0,581,0.0,4063,0.0,11055,0.0,5129,0.0,18867,0.0,3494,0.0,370,0.0,44
XGBoost,o6,42,ttl_hold_L3,ttl_hold,3,True,44237,0,0.0,78.3417,21.6583,0.0,634,0.0,581,0.0,4063,0.0,11055,0.0,5129,0.0,18867,0.0,3494,0.0,370,0.0,44
XGBoost,o6,42,ttl_mimic_L1,ttl_mimic,1,True,44237,0,0.0,78.7011,21.2989,0.0,634,0.0,581,0.0,4063,0.0,11055,0.0,5129,0.0,18867,0.0,3494,0.0,370,0.0,44
XGBoost,o6,42,ttl_mimic_L2,ttl_mimic,2,True,44237,0,0.0,78.3123,21.6877,0.0,634,0.0,581,0.0,4063,0.0,11055,0.0,5129,0.0,18867,0.0,3494,0.0,370,0.0,44
XGBoost,o6,42,ttl_mimic_L3,ttl_mimic,3,True,44237,0,0.0,78.5383,21.4617,0.0,634,0.0,581,0.0,4063,0.0,11055,0.0,5129,0.0,18867,0.0,3494,0.0,370,0.0,44
XGBoost,o6,42,padding_L1,padding,1,True,44237,309,0.6985,77.4216,21.8799,0.0,634,0.1721,581,0.3446,4063,0.1447,11055,2.905,5129,0.5406,18867,0.6297,3494,1.0811,370,2.2727,44
XGBoost,o6,42,padding_L2,padding,2,True,44237,114,0.2577,77.4533,22.289,0.0,634,0.3442,581,0.0,4063,0.0543,11055,1.9887,5129,0.0053,18867,0.0286,3494,0.5405,370,0.0,44
XGBoost,o6,42,padding_L3,padding,3,True,44237,99,0.2238,77.1797,22.5965,0.0,634,0.0,581,0.0492,4063,0.0724,11055,1.6572,5129,0.0,18867,0.0572,3494,0.5405,370,0.0,44
XGBoost,o6,42,padding_L4,padding,4,True,44237,73,0.165,76.6982,23.1367,0.0,634,0.0,581,0.0738,4063,0.0905,11055,1.1308,5129,0.0,18867,0.0,3494,0.5405,370,0.0,44
XGBoost,o6,42,timing_L1,timing,1,True,44237,124,0.2803,78.8571,20.8626,1.1041,634,0.3442,581,0.1231,4063,0.1447,11055,1.7352,5129,0.0106,18867,0.0,3494,0.8108,370,0.0,44
XGBoost,o6,42,timing_L2,timing,2,True,44237,110,0.2487,78.9023,20.8491,0.9464,634,0.1721,581,0.1477,4063,0.19,11055,1.3843,5129,0.0212,18867,0.0,3494,0.2703,370,0.0,44
XGBoost,o6,42,timing_L3,timing,3,True,44237,12,0.0271,78.8887,21.0842,0.0,634,0.0,581,0.0492,4063,0.0543,11055,0.0585,5129,0.0,18867,0.0,3494,0.2703,370,0.0,44
XGBoost,o6,42,timing_L4,timing,4,True,44237,3,0.0068,78.787,21.2062,0.0,634,0.0,581,0.0492,4063,0.0,11055,0.0195,5129,0.0,18867,0.0,3494,0.0,370,0.0,44
XGBoost,o6,42,connection_rate_L1,connection_rate,1,True,44237,146,0.33,79.5058,20.1641,0.3155,634,0.0,581,0.0738,4063,0.0633,11055,2.5736,5129,0.0053,18867,0.0286,3494,0.0,370,0.0,44
XGBoost,o6,42,connection_rate_L2,connection_rate,2,True,44237,98,0.2215,80.0099,19.7685,0.0,634,0.0,581,0.0738,4063,0.0633,11055,1.6767,5129,0.0,18867,0.0572,3494,0.0,370,0.0,44
XGBoost,o6,42,connection_rate_L3,connection_rate,3,True,44237,41,0.0927,80.1908,19.7165,0.0,634,0.0,581,0.0738,4063,0.0633,11055,0.5849,5129,0.0,18867,0.0286,3494,0.0,370,0.0,44
XGBoost,o6,42,connection_rate_L4,connection_rate,4,True,44237,16,0.0362,79.9738,19.9901,0.0,634,0.0,581,0.0738,4063,0.0633,11055,0.0975,5129,0.0,18867,0.0286,3494,0.0,370,0.0,44
XGBoost,o6,42,combined_hold_L1,combined_hold,1,True,44237,12,0.0271,77.5166,22.4563,0.0,634,0.0,581,0.1477,4063,0.0543,11055,0.0,5129,0.0,18867,0.0,3494,0.0,370,0.0,44
XGBoost,o6,42,combined_hold_L2,combined_hold,2,True,44237,0,0.0,77.3719,22.6281,0.0,634,0.0,581,0.0,4063,0.0,11055,0.0,5129,0.0,18867,0.0,3494,0.0,370,0.0,44
XGBoost,o6,42,combined_hold_L3,combined_hold,3,True,44237,0,0.0,77.4827,22.5173,0.0,634,0.0,581,0.0,4063,0.0,11055,0.0,5129,0.0,18867,0.0,3494,0.0,370,0.0,44
XGBoost,o6,42,combined_hold_L4,combined_hold,4,True,44237,0,0.0,76.8158,23.1842,0.0,634,0.0,581,0.0,4063,0.0,11055,0.0,5129,0.0,18867,0.0,3494,0.0,370,0.0,44
XGBoost,o6,42,combined_mimic_L1,combined_mimic,1,True,44237,1,0.0023,77.7291,22.2687,0.0,634,0.0,581,0.0,4063,0.009,11055,0.0,5129,0.0,18867,0.0,3494,0.0,370,0.0,44
XGBoost,o6,42,combined_mimic_L2,combined_mimic,2,True,44237,0,0.0,77.4284,22.5716,0.0,634,0.0,581,0.0,4063,0.0,11055,0.0,5129,0.0,18867,0.0,3494,0.0,370,0.0,44
XGBoost,o6,42,combined_mimic_L3,combined_mimic,3,True,44237,0,0.0,77.616,22.384,0.0,634,0.0,581,0.0,4063,0.0,11055,0.0,5129,0.0,18867,0.0,3494,0.0,370,0.0,44
XGBoost,o6,42,combined_mimic_L4,combined_mimic,4,True,44237,0,0.0,76.9446,23.0554,0.0,634,0.0,581,0.0,4063,0.0,11055,0.0,5129,0.0,18867,0.0,3494,0.0,370,0.0,44
XGBoost,o6,42,ttl_both_L1,ttl_both,1,False,44237,14399,32.5497,52.2617,15.1886,2.3659,634,9.4664,581,27.6643,4063,70.8367,11055,56.4048,5129,2.8727,18867,49.1128,3494,50.0,370,86.3636,44
XGBoost,o6,43,identity_L0,identity,0,True,44256,0,0.0,78.8933,21.1067,0.0,642,0.0,583,0.0,4064,0.0,11054,0.0,5139,0.0,18867,0.0,3492,0.0,371,0.0,44
XGBoost,o6,43,ttl_hold_L1,ttl_hold,1,True,44256,0,0.0,78.5566,21.4434,0.0,642,0.0,583,0.0,4064,0.0,11054,0.0,5139,0.0,18867,0.0,3492,0.0,371,0.0,44
XGBoost,o6,43,ttl_hold_L2,ttl_hold,2,True,44256,0,0.0,78.3555,21.6445,0.0,642,0.0,583,0.0,4064,0.0,11054,0.0,5139,0.0,18867,0.0,3492,0.0,371,0.0,44
XGBoost,o6,43,ttl_hold_L3,ttl_hold,3,True,44256,0,0.0,78.308,21.692,0.0,642,0.0,583,0.0,4064,0.0,11054,0.0,5139,0.0,18867,0.0,3492,0.0,371,0.0,44
XGBoost,o6,43,ttl_mimic_L1,ttl_mimic,1,True,44256,0,0.0,78.7622,21.2378,0.0,642,0.0,583,0.0,4064,0.0,11054,0.0,5139,0.0,18867,0.0,3492,0.0,371,0.0,44
XGBoost,o6,43,ttl_mimic_L2,ttl_mimic,2,True,44256,0,0.0,78.3284,21.6716,0.0,642,0.0,583,0.0,4064,0.0,11054,0.0,5139,0.0,18867,0.0,3492,0.0,371,0.0,44
XGBoost,o6,43,ttl_mimic_L3,ttl_mimic,3,True,44256,0,0.0,78.5837,21.4163,0.0,642,0.0,583,0.0,4064,0.0,11054,0.0,5139,0.0,18867,0.0,3492,0.0,371,0.0,44
XGBoost,o6,43,padding_L1,padding,1,True,44256,279,0.6304,77.4675,21.9021,0.0,642,0.5146,583,0.5167,4064,0.1719,11054,2.3156,5139,0.5141,18867,0.4868,3492,0.5391,371,2.2727,44
XGBoost,o6,43,padding_L2,padding,2,True,44256,107,0.2418,77.4358,22.3224,0.0,642,0.1715,583,0.0492,4064,0.0724,11054,1.8291,5139,0.0053,18867,0.0286,3492,0.0,371,0.0,44
XGBoost,o6,43,padding_L3,padding,3,True,44256,103,0.2327,77.1172,22.65,0.0,642,0.1715,583,0.2215,4064,0.0995,11054,1.4983,5139,0.0,18867,0.0859,3492,0.5391,371,0.0,44
XGBoost,o6,43,padding_L4,padding,4,True,44256,81,0.183,76.6924,23.1245,0.0,642,0.1715,583,0.1476,4064,0.0905,11054,1.1675,5139,0.0,18867,0.0286,3492,0.8086,371,0.0,44
XGBoost,o6,43,timing_L1,timing,1,True,44256,116,0.2621,78.8051,20.9328,0.0,642,0.1715,583,0.123,4064,0.0905,11054,1.8681,5139,0.0106,18867,0.0,3492,0.5391,371,0.0,44
XGBoost,o6,43,timing_L2,timing,2,True,44256,93,0.2101,78.9023,20.8876,0.1558,642,0.1715,583,0.0738,4064,0.1357,11054,1.3232,5139,0.0106,18867,0.0,3492,0.8086,371,0.0,44
XGBoost,o6,43,timing_L3,timing,3,True,44256,13,0.0294,78.7825,21.1881,0.0,642,0.0,583,0.0,4064,0.0724,11054,0.0778,5139,0.0,18867,0.0,3492,0.2695,371,0.0,44
XGBoost,o6,43,timing_L4,timing,4,True,44256,2,0.0045,78.6583,21.3372,0.0,642,0.0,583,0.0246,4064,0.0,11054,0.0,5139,0.0,18867,0.0286,3492,0.0,371,0.0,44
XGBoost,o6,43,connection_rate_L1,connection_rate,1,True,44256,143,0.3231,79.4469,20.23,0.0,642,0.0,583,0.123,4064,0.0633,11054,2.5297,5139,0.0,18867,0.0286,3492,0.0,371,0.0,44
XGBoost,o6,43,connection_rate_L2,connection_rate,2,True,44256,106,0.2395,79.9914,19.7691,0.0,642,0.0,583,0.0984,4064,0.0724,11054,1.8097,5139,0.0,18867,0.0286,3492,0.0,371,0.0,44
XGBoost,o6,43,connection_rate_L3,connection_rate,3,True,44256,18,0.0407,80.2332,19.7261,0.0,642,0.0,583,0.0738,4064,0.0633,11054,0.1362,5139,0.0,18867,0.0286,3492,0.0,371,0.0,44
XGBoost,o6,43,connection_rate_L4,connection_rate,4,True,44256,15,0.0339,79.9327,20.0334,0.0,642,0.0,583,0.0738,4064,0.0633,11054,0.0778,5139,0.0,18867,0.0286,3492,0.0,371,0.0,44
XGBoost,o6,43,combined_hold_L1,combined_hold,1,True,44256,19,0.0429,77.5059,22.4512,0.0,642,0.0,583,0.2461,4064,0.0814,11054,0.0,5139,0.0,18867,0.0,3492,0.0,371,0.0,44
XGBoost,o6,43,combined_hold_L2,combined_hold,2,True,44256,0,0.0,77.3387,22.6613,0.0,642,0.0,583,0.0,4064,0.0,11054,0.0,5139,0.0,18867,0.0,3492,0.0,371,0.0,44
XGBoost,o6,43,combined_hold_L3,combined_hold,3,True,44256,0,0.0,77.5443,22.4557,0.0,642,0.0,583,0.0,4064,0.0,11054,0.0,5139,0.0,18867,0.0,3492,0.0,371,0.0,44
XGBoost,o6,43,combined_hold_L4,combined_hold,4,True,44256,0,0.0,77.0291,22.9709,0.0,642,0.0,583,0.0,4064,0.0,11054,0.0,5139,0.0,18867,0.0,3492,0.0,371,0.0,44
XGBoost,o6,43,combined_mimic_L1,combined_mimic,1,True,44256,17,0.0384,77.6437,22.3179,0.0,642,0.0,583,0.0,4064,0.0,11054,0.0,5139,0.0901,18867,0.0,3492,0.0,371,0.0,44
XGBoost,o6,43,combined_mimic_L2,combined_mimic,2,True,44256,0,0.0,77.3793,22.6207,0.0,642,0.0,583,0.0,4064,0.0,11054,0.0,5139,0.0,18867,0.0,3492,0.0,371,0.0,44
XGBoost,o6,43,combined_mimic_L3,combined_mimic,3,True,44256,0,0.0,77.7002,22.2998,0.0,642,0.0,583,0.0,4064,0.0,11054,0.0,5139,0.0,18867,0.0,3492,0.0,371,0.0,44
XGBoost,o6,43,combined_mimic_L4,combined_mimic,4,True,44256,0,0.0,77.0607,22.9393,0.0,642,0.0,583,0.0,4064,0.0,11054,0.0,5139,0.0,18867,0.0,3492,0.0,371,0.0,44
XGBoost,o6,43,ttl_both_L1,ttl_both,1,False,44256,14543,32.8611,51.9658,15.1731,3.5826,642,9.777,583,27.6821,4064,70.8341,11054,56.3923,5139,2.878,18867,52.7778,3492,50.1348,371,86.3636,44
XGBoost,o6,44,identity_L0,identity,0,True,44321,0,0.0,78.94,21.06,0.0,635,0.0,581,0.0,4065,0.0,11049,0.0,5213,0.0,18868,0.0,3493,0.0,373,0.0,44
XGBoost,o6,44,ttl_hold_L1,ttl_hold,1,True,44321,0,0.0,78.5406,21.4594,0.0,635,0.0,581,0.0,4065,0.0,11049,0.0,5213,0.0,18868,0.0,3493,0.0,373,0.0,44
XGBoost,o6,44,ttl_hold_L2,ttl_hold,2,True,44321,0,0.0,78.4075,21.5925,0.0,635,0.0,581,0.0,4065,0.0,11049,0.0,5213,0.0,18868,0.0,3493,0.0,373,0.0,44
XGBoost,o6,44,ttl_hold_L3,ttl_hold,3,True,44321,0,0.0,78.4166,21.5834,0.0,635,0.0,581,0.0,4065,0.0,11049,0.0,5213,0.0,18868,0.0,3493,0.0,373,0.0,44
XGBoost,o6,44,ttl_mimic_L1,ttl_mimic,1,True,44321,0,0.0,78.6941,21.3059,0.0,635,0.0,581,0.0,4065,0.0,11049,0.0,5213,0.0,18868,0.0,3493,0.0,373,0.0,44
XGBoost,o6,44,ttl_mimic_L2,ttl_mimic,2,True,44321,0,0.0,78.4075,21.5925,0.0,635,0.0,581,0.0,4065,0.0,11049,0.0,5213,0.0,18868,0.0,3493,0.0,373,0.0,44
XGBoost,o6,44,ttl_mimic_L3,ttl_mimic,3,True,44321,0,0.0,78.5722,21.4278,0.0,635,0.0,581,0.0,4065,0.0,11049,0.0,5213,0.0,18868,0.0,3493,0.0,373,0.0,44
XGBoost,o6,44,padding_L1,padding,1,True,44321,235,0.5302,77.6607,21.8091,0.0,635,0.1721,581,0.4182,4065,0.1086,11049,2.3403,5213,0.318,18868,0.6012,3493,0.2681,373,2.2727,44
XGBoost,o6,44,padding_L2,padding,2,True,44321,101,0.2279,77.4012,22.3709,0.0,635,0.1721,581,0.0492,4065,0.0362,11049,1.7073,5213,0.0106,18868,0.0573,3493,0.2681,373,0.0,44
XGBoost,o6,44,padding_L3,padding,3,True,44321,100,0.2256,77.1824,22.592,0.0,635,0.0,581,0.1476,4065,0.0634,11049,1.4579,5213,0.0106,18868,0.2004,3493,0.5362,373,0.0,44
XGBoost,o6,44,padding_L4,padding,4,True,44321,87,0.1963,76.7086,23.0951,0.0,635,0.1721,581,0.123,4065,0.0815,11049,1.3236,5213,0.0053,18868,0.0,3493,0.5362,373,0.0,44
XGBoost,o6,44,timing_L1,timing,1,True,44321,108,0.2437,78.8926,20.8637,0.1575,635,0.0,581,0.123,4065,0.0815,11049,1.7073,5213,0.0106,18868,0.0,3493,0.5362,373,0.0,44
XGBoost,o6,44,timing_L2,timing,2,True,44321,85,0.1918,78.9535,20.8547,0.6299,635,0.0,581,0.0984,4065,0.1177,11049,1.1126,5213,0.0212,18868,0.0,3493,0.5362,373,0.0,44
XGBoost,o6,44,timing_L3,timing,3,True,44321,12,0.0271,78.8859,21.0871,0.0,635,0.0,581,0.0738,4065,0.0362,11049,0.0575,5213,0.0,18868,0.0286,3493,0.2681,373,0.0,44
XGBoost,o6,44,timing_L4,timing,4,True,44321,3,0.0068,78.7979,21.1954,0.0,635,0.0,581,0.0738,4065,0.0,11049,0.0,5213,0.0,18868,0.0,3493,0.0,373,0.0,44
XGBoost,o6,44,connection_rate_L1,connection_rate,1,True,44321,140,0.3159,79.4635,20.2207,0.315,635,0.0,581,0.0492,4065,0.0362,11049,2.4938,5213,0.0,18868,0.0286,3493,0.2681,373,0.0,44
XGBoost,o6,44,connection_rate_L2,connection_rate,2,True,44321,112,0.2527,79.9644,19.7829,0.0,635,0.0,581,0.0492,4065,0.0362,11049,1.995,5213,0.0,18868,0.0286,3493,0.2681,373,0.0,44
XGBoost,o6,44,connection_rate_L3,connection_rate,3,True,44321,17,0.0384,80.1787,19.7829,0.0,635,0.0,581,0.0,4065,0.0091,11049,0.3069,5213,0.0,18868,0.0,3493,0.0,373,0.0,44
XGBoost,o6,44,connection_rate_L4,connection_rate,4,True,44321,10,0.0226,79.9711,20.0063,0.0,635,0.0,581,0.0,4065,0.0091,11049,0.1726,5213,0.0,18868,0.0,3493,0.0,373,0.0,44
XGBoost,o6,44,combined_hold_L1,combined_hold,1,True,44321,16,0.0361,77.7036,22.2603,0.0,635,0.0,581,0.1968,4065,0.0724,11049,0.0,5213,0.0,18868,0.0,3493,0.0,373,0.0,44
XGBoost,o6,44,combined_hold_L2,combined_hold,2,True,44321,0,0.0,77.5817,22.4183,0.0,635,0.0,581,0.0,4065,0.0,11049,0.0,5213,0.0,18868,0.0,3493,0.0,373,0.0,44
XGBoost,o6,44,combined_hold_L3,combined_hold,3,True,44321,0,0.0,77.7036,22.2964,0.0,635,0.0,581,0.0,4065,0.0,11049,0.0,5213,0.0,18868,0.0,3493,0.0,373,0.0,44
XGBoost,o6,44,combined_hold_L4,combined_hold,4,True,44321,0,0.0,76.9928,23.0072,0.0,635,0.0,581,0.0,4065,0.0,11049,0.0,5213,0.0,18868,0.0,3493,0.0,373,0.0,44
XGBoost,o6,44,combined_mimic_L1,combined_mimic,1,True,44321,3,0.0068,77.8908,22.1024,0.0,635,0.0,581,0.0,4065,0.0272,11049,0.0,5213,0.0,18868,0.0,3493,0.0,373,0.0,44
XGBoost,o6,44,combined_mimic_L2,combined_mimic,2,True,44321,0,0.0,77.593,22.407,0.0,635,0.0,581,0.0,4065,0.0,11049,0.0,5213,0.0,18868,0.0,3493,0.0,373,0.0,44
XGBoost,o6,44,combined_mimic_L3,combined_mimic,3,True,44321,0,0.0,77.8435,22.1565,0.0,635,0.0,581,0.0,4065,0.0,11049,0.0,5213,0.0,18868,0.0,3493,0.0,373,0.0,44
XGBoost,o6,44,combined_mimic_L4,combined_mimic,4,True,44321,0,0.0,76.9635,23.0365,0.0,635,0.0,581,0.0,4065,0.0,11049,0.0,5213,0.0,18868,0.0,3493,0.0,373,0.0,44
XGBoost,o6,44,ttl_both_L1,ttl_both,1,False,44321,14551,32.8309,52.0521,15.117,2.5197,635,9.2943,581,27.6999,4065,70.8299,11049,57.2799,5213,2.8832,18868,50.7587,3493,50.4021,373,86.3636,44
Transformer,o6,42,identity_L0,identity,0,True,45260,0,0.0,71.6527,28.3473,0.0,674,0.0,582,0.0,4085,0.0,11089,0.0,6044,0.0,18871,0.0,3495,0.0,376,0.0,44
Transformer,o6,42,ttl_hold_L1,ttl_hold,1,True,45260,7,0.0155,71.5334,28.4512,0.0,674,0.0,582,0.0245,4085,0.0271,11089,0.0165,6044,0.0106,18871,0.0,3495,0.0,376,0.0,44
Transformer,o6,42,ttl_hold_L2,ttl_hold,2,True,45260,7,0.0155,71.5223,28.4622,0.0,674,0.0,582,0.0245,4085,0.0271,11089,0.0165,6044,0.0106,18871,0.0,3495,0.0,376,0.0,44
Transformer,o6,42,ttl_hold_L3,ttl_hold,3,True,45260,7,0.0155,71.5422,28.4423,0.0,674,0.0,582,0.0245,4085,0.0271,11089,0.0165,6044,0.0106,18871,0.0,3495,0.0,376,0.0,44
Transformer,o6,42,ttl_mimic_L1,ttl_mimic,1,True,45260,10,0.0221,71.0009,28.977,0.0,674,0.0,582,0.0245,4085,0.0451,11089,0.0165,6044,0.0159,18871,0.0,3495,0.0,376,0.0,44
Transformer,o6,42,ttl_mimic_L2,ttl_mimic,2,True,45260,6,0.0133,71.5223,28.4644,0.0,674,0.0,582,0.0245,4085,0.018,11089,0.0165,6044,0.0106,18871,0.0,3495,0.0,376,0.0,44
Transformer,o6,42,ttl_mimic_L3,ttl_mimic,3,True,45260,10,0.0221,70.9589,29.019,0.0,674,0.0,582,0.0245,4085,0.0451,11089,0.0165,6044,0.0159,18871,0.0,3495,0.0,376,0.0,44
Transformer,o6,42,padding_L1,padding,1,True,45260,5,0.011,67.1365,32.8524,0.0,674,0.0,582,0.0245,4085,0.009,11089,0.0496,6044,0.0,18871,0.0,3495,0.0,376,0.0,44
Transformer,o6,42,padding_L2,padding,2,True,45260,4,0.0088,65.4397,34.5515,0.0,674,0.1718,582,0.0245,4085,0.0,11089,0.0331,6044,0.0,18871,0.0,3495,0.0,376,0.0,44
Transformer,o6,42,padding_L3,padding,3,True,45260,4,0.0088,63.0314,36.9598,0.0,674,0.0,582,0.0245,4085,0.009,11089,0.0331,6044,0.0,18871,0.0,3495,0.0,376,0.0,44
Transformer,o6,42,padding_L4,padding,4,True,45260,5,0.011,64.388,35.601,0.0,674,0.0,582,0.0245,4085,0.0,11089,0.0662,6044,0.0,18871,0.0,3495,0.0,376,0.0,44
Transformer,o6,42,timing_L1,timing,1,True,45260,17,0.0376,71.4892,28.4733,0.0,674,0.0,582,0.1469,4085,0.0992,11089,0.0,6044,0.0,18871,0.0,3495,0.0,376,0.0,44
Transformer,o6,42,timing_L2,timing,2,True,45260,19,0.042,71.4428,28.5152,0.0,674,0.0,582,0.1224,4085,0.1172,11089,0.0165,6044,0.0,18871,0.0,3495,0.0,376,0.0,44
Transformer,o6,42,timing_L3,timing,3,True,45260,16,0.0354,70.844,29.1206,0.0,674,0.0,582,0.0734,4085,0.1172,11089,0.0,6044,0.0,18871,0.0,3495,0.0,376,0.0,44
Transformer,o6,42,timing_L4,timing,4,True,45260,8,0.0177,70.7026,29.2797,0.0,674,0.0,582,0.0,4085,0.0721,11089,0.0,6044,0.0,18871,0.0,3495,0.0,376,0.0,44
Transformer,o6,42,connection_rate_L1,connection_rate,1,True,45260,3,0.0066,70.2254,29.768,0.0,674,0.0,582,0.0,4085,0.0,11089,0.0496,6044,0.0,18871,0.0,3495,0.0,376,0.0,44
Transformer,o6,42,connection_rate_L2,connection_rate,2,True,45260,1,0.0022,70.1723,29.8255,0.0,674,0.0,582,0.0,4085,0.0,11089,0.0165,6044,0.0,18871,0.0,3495,0.0,376,0.0,44
Transformer,o6,42,connection_rate_L3,connection_rate,3,True,45260,0,0.0,69.5051,30.4949,0.0,674,0.0,582,0.0,4085,0.0,11089,0.0,6044,0.0,18871,0.0,3495,0.0,376,0.0,44
Transformer,o6,42,connection_rate_L4,connection_rate,4,True,45260,0,0.0,69.0234,30.9766,0.0,674,0.0,582,0.0,4085,0.0,11089,0.0,6044,0.0,18871,0.0,3495,0.0,376,0.0,44
Transformer,o6,42,combined_hold_L1,combined_hold,1,True,45260,23,0.0508,69.6531,30.2961,0.0,674,0.0,582,0.1958,4085,0.0721,11089,0.0165,6044,0.0318,18871,0.0,3495,0.0,376,0.0,44
Transformer,o6,42,combined_hold_L2,combined_hold,2,True,45260,72,0.1591,66.719,33.122,0.0,674,0.0,582,0.0245,4085,0.018,11089,0.0165,6044,0.355,18871,0.0286,3495,0.0,376,0.0,44
Transformer,o6,42,combined_hold_L3,combined_hold,3,True,45260,64,0.1414,65.8197,34.0389,0.0,674,0.0,582,0.0,4085,0.0271,11089,0.0165,6044,0.3126,18871,0.0286,3495,0.0,376,0.0,44
Transformer,o6,42,combined_hold_L4,combined_hold,4,True,45260,4,0.0088,69.631,30.3601,0.0,674,0.0,582,0.0,4085,0.0271,11089,0.0165,6044,0.0,18871,0.0,3495,0.0,376,0.0,44
Transformer,o6,42,combined_mimic_L1,combined_mimic,1,True,45260,91,0.2011,68.3076,31.4914,0.0,674,0.0,582,0.1958,4085,0.0631,11089,0.0,6044,0.3974,18871,0.0286,3495,0.0,376,0.0,44
Transformer,o6,42,combined_mimic_L2,combined_mimic,2,True,45260,72,0.1591,66.719,33.122,0.0,674,0.0,582,0.0245,4085,0.018,11089,0.0165,6044,0.355,18871,0.0286,3495,0.0,376,0.0,44
Transformer,o6,42,combined_mimic_L3,combined_mimic,3,True,45260,117,0.2585,64.3814,35.3601,0.0,674,0.0,582,0.049,4085,0.0541,11089,0.0,6044,0.5723,18871,0.0286,3495,0.0,376,0.0,44
Transformer,o6,42,combined_mimic_L4,combined_mimic,4,True,45260,8,0.0177,69.1339,30.8484,0.0,674,0.0,582,0.0,4085,0.0631,11089,0.0165,6044,0.0,18871,0.0,3495,0.0,376,0.0,44
Transformer,o6,42,ttl_both_L1,ttl_both,1,False,45260,7238,15.992,58.9129,25.095,7.27,674,2.5773,582,13.5129,4085,39.4445,11089,26.1582,6044,1.8282,18871,8.4979,3495,4.7872,376,15.9091,44
Transformer,o6,43,identity_L0,identity,0,True,45304,0,0.0,71.976,28.024,0.0,676,0.0,583,0.0,4079,0.0,11120,0.0,6058,0.0,18870,0.0,3496,0.0,378,0.0,44
Transformer,o6,43,ttl_hold_L1,ttl_hold,1,True,45304,10,0.0221,71.0644,28.9136,0.0,676,0.0,583,0.0735,4079,0.036,11120,0.033,6058,0.0,18870,0.0286,3496,0.0,378,0.0,44
Transformer,o6,43,ttl_hold_L2,ttl_hold,2,True,45304,10,0.0221,71.06,28.918,0.0,676,0.0,583,0.0735,4079,0.036,11120,0.033,6058,0.0,18870,0.0286,3496,0.0,378,0.0,44
Transformer,o6,43,ttl_hold_L3,ttl_hold,3,True,45304,17,0.0375,70.9717,28.9908,0.0,676,0.0,583,0.0981,4079,0.0899,11120,0.033,6058,0.0,18870,0.0286,3496,0.0,378,0.0,44
Transformer,o6,43,ttl_mimic_L1,ttl_mimic,1,True,45304,22,0.0486,71.1328,28.8186,0.0,676,0.3431,583,0.1716,4079,0.0899,11120,0.0,6058,0.0106,18870,0.0286,3496,0.0,378,0.0,44
Transformer,o6,43,ttl_mimic_L2,ttl_mimic,2,True,45304,10,0.0221,71.0533,28.9246,0.0,676,0.0,583,0.0735,4079,0.045,11120,0.0165,6058,0.0,18870,0.0286,3496,0.0,378,0.0,44
Transformer,o6,43,ttl_mimic_L3,ttl_mimic,3,True,45304,26,0.0574,71.0092,28.9334,0.0,676,0.3431,583,0.1961,4079,0.1079,11120,0.0165,6058,0.0106,18870,0.0286,3496,0.0,378,0.0,44
Transformer,o6,43,padding_L1,padding,1,True,45304,4,0.0088,67.1067,32.8845,0.0,676,0.0,583,0.0245,4079,0.018,11120,0.0165,6058,0.0,18870,0.0,3496,0.0,378,0.0,44
Transformer,o6,43,padding_L2,padding,2,True,45304,2,0.0044,65.9677,34.0279,0.0,676,0.0,583,0.0,4079,0.009,11120,0.0165,6058,0.0,18870,0.0,3496,0.0,378,0.0,44
Transformer,o6,43,padding_L3,padding,3,True,45304,3,0.0066,65.0561,34.9373,0.0,676,0.0,583,0.0,4079,0.009,11120,0.033,6058,0.0,18870,0.0,3496,0.0,378,0.0,44
Transformer,o6,43,padding_L4,padding,4,True,45304,7,0.0155,65.3805,34.604,0.0,676,0.0,583,0.0,4079,0.018,11120,0.0495,6058,0.0,18870,0.0286,3496,0.2646,378,0.0,44
Transformer,o6,43,timing_L1,timing,1,True,45304,3,0.0066,71.859,28.1344,0.0,676,0.0,583,0.0245,4079,0.018,11120,0.0,6058,0.0,18870,0.0,3496,0.0,378,0.0,44
Transformer,o6,43,timing_L2,timing,2,True,45304,5,0.011,71.7486,28.2403,0.0,676,0.0,583,0.0245,4079,0.036,11120,0.0,6058,0.0,18870,0.0,3496,0.0,378,0.0,44
Transformer,o6,43,timing_L3,timing,3,True,45304,5,0.011,71.2056,28.7833,0.0,676,0.0,583,0.0245,4079,0.036,11120,0.0,6058,0.0,18870,0.0,3496,0.0,378,0.0,44
Transformer,o6,43,timing_L4,timing,4,True,45304,3,0.0066,71.3579,28.6354,0.0,676,0.0,583,0.0,4079,0.027,11120,0.0,6058,0.0,18870,0.0,3496,0.0,378,0.0,44
Transformer,o6,43,connection_rate_L1,connection_rate,1,True,45304,0,0.0,71.5014,28.4986,0.0,676,0.0,583,0.0,4079,0.0,11120,0.0,6058,0.0,18870,0.0,3496,0.0,378,0.0,44
Transformer,o6,43,connection_rate_L2,connection_rate,2,True,45304,0,0.0,72.2232,27.7768,0.0,676,0.0,583,0.0,4079,0.0,11120,0.0,6058,0.0,18870,0.0,3496,0.0,378,0.0,44
Transformer,o6,43,connection_rate_L3,connection_rate,3,True,45304,0,0.0,72.4682,27.5318,0.0,676,0.0,583,0.0,4079,0.0,11120,0.0,6058,0.0,18870,0.0,3496,0.0,378,0.0,44
Transformer,o6,43,connection_rate_L4,connection_rate,4,True,45304,0,0.0,71.9208,28.0792,0.0,676,0.0,583,0.0,4079,0.0,11120,0.0,6058,0.0,18870,0.0,3496,0.0,378,0.0,44
Transformer,o6,43,combined_hold_L1,combined_hold,1,True,45304,10,0.0221,68.9211,31.0569,0.0,676,0.0,583,0.049,4079,0.054,11120,0.033,6058,0.0,18870,0.0,3496,0.0,378,0.0,44
Transformer,o6,43,combined_hold_L2,combined_hold,2,True,45304,7,0.0155,64.7537,35.2309,0.0,676,0.0,583,0.0245,4079,0.036,11120,0.033,6058,0.0,18870,0.0,3496,0.0,378,0.0,44
Transformer,o6,43,combined_hold_L3,combined_hold,3,True,45304,20,0.0441,68.4266,31.5292,0.0,676,0.0,583,0.0245,4079,0.1529,11120,0.033,6058,0.0,18870,0.0,3496,0.0,378,0.0,44
Transformer,o6,43,combined_hold_L4,combined_hold,4,True,45304,24,0.053,69.1197,30.8273,0.0,676,0.1715,583,0.049,4079,0.1439,11120,0.033,6058,0.0,18870,0.0572,3496,0.2646,378,0.0,44
Transformer,o6,43,combined_mimic_L1,combined_mimic,1,True,45304,6,0.0132,69.2676,30.7191,0.0,676,0.0,583,0.0245,4079,0.045,11120,0.0,6058,0.0,18870,0.0,3496,0.0,378,0.0,44
Transformer,o6,43,combined_mimic_L2,combined_mimic,2,True,45304,8,0.0177,64.7492,35.2331,0.0,676,0.0,583,0.0245,4079,0.045,11120,0.033,6058,0.0,18870,0.0,3496,0.0,378,0.0,44
Transformer,o6,43,combined_mimic_L3,combined_mimic,3,True,45304,47,0.1037,69.9232,29.9731,0.0,676,0.0,583,0.049,4079,0.1349,11120,0.0,6058,0.159,18870,0.0,3496,0.0,378,0.0,44
Transformer,o6,43,combined_mimic_L4,combined_mimic,4,True,45304,85,0.1876,70.3028,29.5095,0.0,676,0.0,583,0.049,4079,0.1529,11120,0.033,6058,0.3286,18870,0.0572,3496,0.0,378,0.0,44
Transformer,o6,43,ttl_both_L1,ttl_both,1,False,45304,12436,27.4501,50.8057,21.7442,8.432,676,6.3465,583,22.53,4079,62.9946,11120,45.7247,6058,2.549,18870,29.0332,3496,34.127,378,52.2727,44
Transformer,o6,44,identity_L0,identity,0,True,45302,0,0.0,74.489,25.511,0.0,676,0.0,583,0.0,4088,0.0,11111,0.0,6055,0.0,18871,0.0,3496,0.0,378,0.0,44
Transformer,o6,44,ttl_hold_L1,ttl_hold,1,True,45302,15,0.0331,73.9879,25.979,0.0,676,0.0,583,0.0489,4088,0.09,11111,0.033,6055,0.0,18871,0.0286,3496,0.0,378,0.0,44
Transformer,o6,44,ttl_hold_L2,ttl_hold,2,True,45302,15,0.0331,73.9857,25.9812,0.0,676,0.0,583,0.0489,4088,0.09,11111,0.033,6055,0.0,18871,0.0286,3496,0.0,378,0.0,44
Transformer,o6,44,ttl_hold_L3,ttl_hold,3,True,45302,17,0.0375,73.9835,25.979,0.0,676,0.0,583,0.0489,4088,0.099,11111,0.0495,6055,0.0,18871,0.0286,3496,0.0,378,0.0,44
Transformer,o6,44,ttl_mimic_L1,ttl_mimic,1,True,45302,37,0.0817,73.8069,26.1114,0.0,676,0.0,583,0.4403,4088,0.117,11111,0.033,6055,0.0106,18871,0.0572,3496,0.0,378,0.0,44
Transformer,o6,44,ttl_mimic_L2,ttl_mimic,2,True,45302,11,0.0243,73.9813,25.9944,0.0,676,0.0,583,0.0245,4088,0.063,11111,0.033,6055,0.0,18871,0.0286,3496,0.0,378,0.0,44
Transformer,o6,44,ttl_mimic_L3,ttl_mimic,3,True,45302,51,0.1126,73.8223,26.0651,0.0,676,0.3431,583,0.5871,4088,0.153,11111,0.033,6055,0.0212,18871,0.0572,3496,0.0,378,0.0,44
Transformer,o6,44,padding_L1,padding,1,True,45302,1,0.0022,70.2044,29.7934,0.0,676,0.0,583,0.0,4088,0.0,11111,0.0165,6055,0.0,18871,0.0,3496,0.0,378,0.0,44
Transformer,o6,44,padding_L2,padding,2,True,45302,4,0.0088,68.3965,31.5946,0.0,676,0.0,583,0.0,4088,0.018,11111,0.033,6055,0.0,18871,0.0,3496,0.0,378,0.0,44
Transformer,o6,44,padding_L3,padding,3,True,45302,7,0.0155,67.3944,32.5902,0.0,676,0.0,583,0.0245,4088,0.027,11111,0.0495,6055,0.0,18871,0.0,3496,0.0,378,0.0,44
Transformer,o6,44,padding_L4,padding,4,True,45302,10,0.0221,59.4676,40.5104,0.0,676,0.0,583,0.0489,4088,0.036,11111,0.0495,6055,0.0,18871,0.0286,3496,0.0,378,0.0,44
Transformer,o6,44,timing_L1,timing,1,True,45302,1,0.0022,74.6523,25.3455,0.0,676,0.0,583,0.0,4088,0.0,11111,0.0,6055,0.0,18871,0.0286,3496,0.0,378,0.0,44
Transformer,o6,44,timing_L2,timing,2,True,45302,0,0.0,74.5442,25.4558,0.0,676,0.0,583,0.0,4088,0.0,11111,0.0,6055,0.0,18871,0.0,3496,0.0,378,0.0,44
Transformer,o6,44,timing_L3,timing,3,True,45302,0,0.0,74.255,25.745,0.0,676,0.0,583,0.0,4088,0.0,11111,0.0,6055,0.0,18871,0.0,3496,0.0,378,0.0,44
Transformer,o6,44,timing_L4,timing,4,True,45302,0,0.0,74.063,25.937,0.0,676,0.0,583,0.0,4088,0.0,11111,0.0,6055,0.0,18871,0.0,3496,0.0,378,0.0,44
Transformer,o6,44,connection_rate_L1,connection_rate,1,True,45302,0,0.0,73.3676,26.6324,0.0,676,0.0,583,0.0,4088,0.0,11111,0.0,6055,0.0,18871,0.0,3496,0.0,378,0.0,44
Transformer,o6,44,connection_rate_L2,connection_rate,2,True,45302,0,0.0,72.467,27.533,0.0,676,0.0,583,0.0,4088,0.0,11111,0.0,6055,0.0,18871,0.0,3496,0.0,378,0.0,44
Transformer,o6,44,connection_rate_L3,connection_rate,3,True,45302,0,0.0,71.3854,28.6146,0.0,676,0.0,583,0.0,4088,0.0,11111,0.0,6055,0.0,18871,0.0,3496,0.0,378,0.0,44
Transformer,o6,44,connection_rate_L4,connection_rate,4,True,45302,0,0.0,70.913,29.087,0.0,676,0.0,583,0.0,4088,0.0,11111,0.0,6055,0.0,18871,0.0,3496,0.0,378,0.0,44
Transformer,o6,44,combined_hold_L1,combined_hold,1,True,45302,17,0.0375,70.9902,28.9722,0.0,676,0.0,583,0.0489,4088,0.108,11111,0.033,6055,0.0,18871,0.0286,3496,0.0,378,0.0,44
Transformer,o6,44,combined_hold_L2,combined_hold,2,True,45302,31,0.0684,69.1206,30.811,0.0,676,0.0,583,0.0978,4088,0.207,11111,0.0495,6055,0.0,18871,0.0286,3496,0.0,378,0.0,44
Transformer,o6,44,combined_hold_L3,combined_hold,3,True,45302,31,0.0684,67.3193,32.6122,0.0,676,0.0,583,0.1223,4088,0.216,11111,0.0165,6055,0.0,18871,0.0286,3496,0.0,378,0.0,44
Transformer,o6,44,combined_hold_L4,combined_hold,4,True,45302,32,0.0706,61.9134,38.016,0.0,676,0.0,583,0.0734,4088,0.207,11111,0.0495,6055,0.0,18871,0.0572,3496,0.2646,378,0.0,44
Transformer,o6,44,combined_mimic_L1,combined_mimic,1,True,45302,35,0.0773,70.8909,29.0318,0.0,676,0.0,583,0.4159,4088,0.108,11111,0.033,6055,0.0106,18871,0.0572,3496,0.0,378,0.0,44
Transformer,o6,44,combined_mimic_L2,combined_mimic,2,True,45302,24,0.053,69.1228,30.8242,0.0,676,0.0,583,0.0734,4088,0.162,11111,0.033,6055,0.0,18871,0.0286,3496,0.0,378,0.0,44
Transformer,o6,44,combined_mimic_L3,combined_mimic,3,True,45302,50,0.1104,68.2332,31.6564,0.0,676,0.0,583,0.4648,4088,0.225,11111,0.033,6055,0.0106,18871,0.0572,3496,0.0,378,0.0,44
Transformer,o6,44,combined_mimic_L4,combined_mimic,4,True,45302,30,0.0662,63.9552,35.9785,0.0,676,0.1715,583,0.0734,4088,0.225,11111,0.0,6055,0.0,18871,0.0286,3496,0.0,378,0.0,44
Transformer,o6,44,ttl_both_L1,ttl_both,1,False,45302,7566,16.7012,59.7236,23.5751,8.284,676,2.4014,583,18.3953,4088,49.6175,11111,12.7333,6055,2.215,18871,0.9725,3496,0.2646,378,15.9091,44
RandomForest,o6_loo,42,identity_L0,identity,0,True,45235,0,0.0,75.205,24.795,0.0,677,0.0,583,0.0,4087,0.0,11116,0.0,5983,0.0,18871,0.0,3496,0.0,378,0.0,44
RandomForest,o6_loo,42,ttl_hold_L1,ttl_hold,1,True,45235,52,0.115,74.1373,25.7478,0.0,677,0.0,583,0.0,4087,0.0,11116,0.8691,5983,0.0,18871,0.0,3496,0.0,378,0.0,44
RandomForest,o6_loo,42,ttl_hold_L2,ttl_hold,2,True,45235,51,0.1127,74.0997,25.7876,0.0,677,0.0,583,0.0,4087,0.0,11116,0.8524,5983,0.0,18871,0.0,3496,0.0,378,0.0,44
RandomForest,o6_loo,42,ttl_hold_L3,ttl_hold,3,True,45235,907,2.0051,73.0651,24.9298,3.1019,677,2.7444,583,2.0798,4087,1.2684,11116,9.9114,5983,0.1272,18871,0.5721,3496,1.5873,378,2.2727,44
RandomForest,o6_loo,42,ttl_mimic_L1,ttl_mimic,1,True,45235,740,1.6359,73.3326,25.0315,7.2378,677,7.2041,583,1.8106,4087,1.1965,11116,7.1035,5983,0.0689,18871,0.1144,3496,0.0,378,0.0,44
RandomForest,o6_loo,42,ttl_mimic_L2,ttl_mimic,2,True,45235,51,0.1127,74.0842,25.803,0.0,677,0.0,583,0.0,4087,0.0,11116,0.8524,5983,0.0,18871,0.0,3496,0.0,378,0.0,44
RandomForest,o6_loo,42,ttl_mimic_L3,ttl_mimic,3,True,45235,5121,11.3209,68.1176,20.5615,26.8833,677,27.4443,583,12.3318,4087,9.2929,11116,48.2367,5983,0.7896,18871,3.4897,3496,21.164,378,11.3636,44
RandomForest,o6_loo,42,padding_L1,padding,1,True,45235,11,0.0243,75.3112,24.6645,0.0,677,0.0,583,0.0245,4087,0.018,11116,0.1337,5983,0.0,18871,0.0,3496,0.0,378,0.0,44
RandomForest,o6_loo,42,padding_L2,padding,2,True,45235,5,0.0111,74.5617,25.4272,0.0,677,0.0,583,0.0,4087,0.0,11116,0.0836,5983,0.0,18871,0.0,3496,0.0,378,0.0,44
RandomForest,o6_loo,42,padding_L3,padding,3,True,45235,3,0.0066,75.1277,24.8657,0.1477,677,0.0,583,0.0,4087,0.0,11116,0.0167,5983,0.0,18871,0.0286,3496,0.0,378,0.0,44
RandomForest,o6_loo,42,padding_L4,padding,4,True,45235,5,0.0111,74.7121,25.2769,0.0,677,0.0,583,0.0,4087,0.0,11116,0.0501,5983,0.0,18871,0.0286,3496,0.2646,378,0.0,44
RandomForest,o6_loo,42,timing_L1,timing,1,True,45235,21,0.0464,75.9987,23.9549,0.0,677,0.0,583,0.0,4087,0.036,11116,0.2841,5983,0.0,18871,0.0,3496,0.0,378,0.0,44
RandomForest,o6_loo,42,timing_L2,timing,2,True,45235,16,0.0354,76.2861,23.6786,0.0,677,0.0,583,0.0,4087,0.027,11116,0.2173,5983,0.0,18871,0.0,3496,0.0,378,0.0,44
RandomForest,o6_loo,42,timing_L3,timing,3,True,45235,1,0.0022,76.4917,23.5061,0.0,677,0.0,583,0.0,4087,0.009,11116,0.0,5983,0.0,18871,0.0,3496,0.0,378,0.0,44
RandomForest,o6_loo,42,timing_L4,timing,4,True,45235,1,0.0022,76.8078,23.19,0.0,677,0.0,583,0.0,4087,0.009,11116,0.0,5983,0.0,18871,0.0,3496,0.0,378,0.0,44
RandomForest,o6_loo,42,connection_rate_L1,connection_rate,1,True,45235,9,0.0199,76.0959,23.8842,0.0,677,0.0,583,0.0,4087,0.0,11116,0.1504,5983,0.0,18871,0.0,3496,0.0,378,0.0,44
RandomForest,o6_loo,42,connection_rate_L2,connection_rate,2,True,45235,2,0.0044,76.1866,23.809,0.0,677,0.0,583,0.0,4087,0.0,11116,0.0334,5983,0.0,18871,0.0,3496,0.0,378,0.0,44
RandomForest,o6_loo,42,connection_rate_L3,connection_rate,3,True,45235,0,0.0,75.8086,24.1914,0.0,677,0.0,583,0.0,4087,0.0,11116,0.0,5983,0.0,18871,0.0,3496,0.0,378,0.0,44
RandomForest,o6_loo,42,connection_rate_L4,connection_rate,4,True,45235,0,0.0,75.8771,24.1229,0.0,677,0.0,583,0.0,4087,0.0,11116,0.0,5983,0.0,18871,0.0,3496,0.0,378,0.0,44
RandomForest,o6_loo,42,combined_hold_L1,combined_hold,1,True,45235,57,0.126,72.5058,27.3682,0.5908,677,0.6861,583,0.1713,4087,0.1259,11116,0.468,5983,0.0,18871,0.0,3496,0.0,378,0.0,44
RandomForest,o6_loo,42,combined_hold_L2,combined_hold,2,True,45235,79,0.1746,67.0454,32.7799,1.4771,677,1.7153,583,0.2447,4087,0.1979,11116,0.4179,5983,0.0053,18871,0.0286,3496,0.0,378,0.0,44
RandomForest,o6_loo,42,combined_hold_L3,combined_hold,3,True,45235,354,0.7826,65.3587,33.8587,2.5111,677,3.4305,583,1.8351,4087,0.9716,11116,1.5711,5983,0.0583,18871,0.7437,3496,0.7937,378,0.0,44
RandomForest,o6_loo,42,combined_hold_L4,combined_hold,4,True,45235,403,0.8909,64.2423,34.8668,2.5111,677,3.7736,583,2.2021,4087,1.1515,11116,1.5544,5983,0.0318,18871,1.2014,3496,1.3228,378,0.0,44
RandomForest,o6_loo,42,combined_mimic_L1,combined_mimic,1,True,45235,597,1.3198,71.4756,27.2046,8.5672,677,8.4048,583,1.7372,4087,1.2325,11116,4.4626,5983,0.0636,18871,0.0572,3496,0.2646,378,0.0,44
RandomForest,o6_loo,42,combined_mimic_L2,combined_mimic,2,True,45235,79,0.1746,67.0476,32.7777,1.4771,677,1.7153,583,0.2447,4087,0.1979,11116,0.4179,5983,0.0053,18871,0.0286,3496,0.0,378,0.0,44
RandomForest,o6_loo,42,combined_mimic_L3,combined_mimic,3,True,45235,4907,10.8478,61.5585,27.5937,21.418,677,23.3276,583,12.9679,4087,9.2749,11116,31.2887,5983,1.8971,18871,22.0252,3496,16.9312,378,2.2727,44
RandomForest,o6_loo,42,combined_mimic_L4,combined_mimic,4,True,45235,5406,11.9509,59.7126,28.3365,26.5879,677,29.1595,583,15.2924,4087,10.8132,11116,30.2858,5983,2.0508,18871,27.889,3496,14.5503,378,0.0,44
RandomForest,o6_loo,42,ttl_both_L1,ttl_both,1,False,45235,14425,31.889,51.9178,16.1932,28.065,677,32.9331,583,33.1784,4087,65.4282,11116,67.4411,5983,2.9728,18871,16.9622,3496,52.1164,378,63.6364,44
XGBoost,o6_loo,42,identity_L0,identity,0,True,44505,0,0.0,79.0877,20.9123,0.0,639,0.0,582,0.0,4071,0.0,11062,0.0,5376,0.0,18866,0.0,3492,0.0,373,0.0,44
XGBoost,o6_loo,42,ttl_hold_L1,ttl_hold,1,True,44505,3266,7.3385,68.7001,23.9614,0.1565,639,0.5155,582,0.4667,4071,0.5334,11062,58.1101,5376,0.0636,18866,0.4009,3492,9.1153,373,0.0,44
XGBoost,o6_loo,42,ttl_hold_L2,ttl_hold,2,True,44505,2824,6.3454,60.8022,32.8525,0.0,639,0.1718,582,0.2211,4071,0.2622,11062,51.3393,5376,0.0318,18866,0.2864,3492,2.4129,373,0.0,44
XGBoost,o6_loo,42,ttl_hold_L3,ttl_hold,3,True,44505,40412,90.8033,0.5348,8.6619,60.0939,639,63.4021,582,64.7998,4071,86.7836,11062,89.5461,5376,99.894,18866,95.7617,3492,100.0,373,100.0,44
XGBoost,o6_loo,42,ttl_mimic_L1,ttl_mimic,1,True,44505,4641,10.428,67.5475,22.0245,2.3474,639,1.89,582,2.2599,4071,3.2905,11062,63.8579,5376,0.1537,18866,14.5189,3492,50.4021,373,4.5455,44
XGBoost,o6_loo,42,ttl_mimic_L2,ttl_mimic,2,True,44505,2820,6.3364,60.7909,32.8727,0.0,639,0.1718,582,0.2211,4071,0.2622,11062,51.2649,5376,0.0318,18866,0.2864,3492,2.4129,373,0.0,44
XGBoost,o6_loo,42,ttl_mimic_L3,ttl_mimic,3,True,44505,41166,92.4975,0.4,7.1026,70.4225,639,73.0241,582,70.1056,4071,89.0617,11062,92.0015,5376,99.9576,18866,96.3345,3492,100.0,373,100.0,44
XGBoost,o6_loo,42,padding_L1,padding,1,True,44505,119,0.2674,78.0968,21.6358,0.0,639,0.1718,582,0.3193,4071,0.1175,11062,1.5625,5376,0.0,18866,0.2005,3492,0.2681,373,0.0,44
XGBoost,o6_loo,42,padding_L2,padding,2,True,44505,85,0.191,77.452,22.357,0.0,639,0.1718,582,0.0737,4071,0.1266,11062,1.1905,5376,0.0053,18866,0.0286,3492,0.2681,373,0.0,44
XGBoost,o6_loo,42,padding_L3,padding,3,True,44505,66,0.1483,77.4138,22.4379,0.0,639,0.1718,582,0.0983,4071,0.1989,11062,0.7068,5376,0.0,18866,0.0,3492,0.2681,373,0.0,44
XGBoost,o6_loo,42,padding_L4,padding,4,True,44505,73,0.164,77.1352,22.7008,0.0,639,0.0,582,0.1228,4071,0.2441,11062,0.744,5376,0.0053,18866,0.0,3492,0.0,373,0.0,44
XGBoost,o6_loo,42,timing_L1,timing,1,True,44505,69,0.155,79.3416,20.5033,0.0,639,0.1718,582,0.0491,4071,0.0814,11062,1.0231,5376,0.0106,18866,0.0,3492,0.0,373,0.0,44
XGBoost,o6_loo,42,timing_L2,timing,2,True,44505,56,0.1258,79.3933,20.4808,0.1565,639,0.0,582,0.0737,4071,0.1446,11062,0.651,5376,0.0053,18866,0.0,3492,0.0,373,0.0,44
XGBoost,o6_loo,42,timing_L3,timing,3,True,44505,5,0.0112,79.3596,20.6291,0.0,639,0.0,582,0.0,4071,0.0271,11062,0.0186,5376,0.0,18866,0.0286,3492,0.0,373,0.0,44
XGBoost,o6_loo,42,timing_L4,timing,4,True,44505,1,0.0022,79.3776,20.6202,0.0,639,0.0,582,0.0,4071,0.0,11062,0.0186,5376,0.0,18866,0.0,3492,0.0,373,0.0,44
XGBoost,o6_loo,42,connection_rate_L1,connection_rate,1,True,44505,89,0.2,79.6315,20.1685,0.0,639,0.0,582,0.0,4071,0.0181,11062,1.6183,5376,0.0,18866,0.0,3492,0.0,373,0.0,44
XGBoost,o6_loo,42,connection_rate_L2,connection_rate,2,True,44505,62,0.1393,80.218,19.6427,0.0,639,0.0,582,0.0,4071,0.009,11062,1.1347,5376,0.0,18866,0.0,3492,0.0,373,0.0,44
XGBoost,o6_loo,42,connection_rate_L3,connection_rate,3,True,44505,11,0.0247,80.4696,19.5057,0.0,639,0.0,582,0.0,4071,0.009,11062,0.186,5376,0.0,18866,0.0,3492,0.0,373,0.0,44
XGBoost,o6_loo,42,connection_rate_L4,connection_rate,4,True,44505,8,0.018,80.3348,19.6472,0.0,639,0.0,582,0.0,4071,0.009,11062,0.1302,5376,0.0,18866,0.0,3492,0.0,373,0.0,44
XGBoost,o6_loo,42,combined_hold_L1,combined_hold,1,True,44505,2580,5.7971,69.2282,24.9747,0.0,639,0.6873,582,0.8352,4071,0.5786,11062,43.936,5376,0.0636,18866,2.1191,3492,7.7748,373,2.2727,44
XGBoost,o6_loo,42,combined_hold_L2,combined_hold,2,True,44505,1599,3.5929,24.9612,71.4459,0.0,639,0.0,582,0.1965,4071,0.2802,11062,28.2366,5376,0.0159,18866,0.8877,3492,2.1448,373,0.0,44
XGBoost,o6_loo,42,combined_hold_L3,combined_hold,3,True,44505,41880,94.1018,0.3011,5.5971,76.9953,639,79.2096,582,76.4923,4071,91.3488,11062,93.6942,5376,99.9841,18866,97.1077,3492,100.0,373,100.0,44
XGBoost,o6_loo,42,combined_hold_L4,combined_hold,4,True,44505,42086,94.5647,0.2292,5.2062,80.7512,639,83.1615,582,77.5976,4071,91.9273,11062,94.5871,5376,99.9841,18866,97.1649,3492,100.0,373,100.0,44
XGBoost,o6_loo,42,combined_mimic_L1,combined_mimic,1,True,44505,4725,10.6168,66.7296,22.6536,5.0078,639,7.2165,582,3.2916,4071,3.4171,11062,57.2545,5376,0.8693,18866,20.8477,3492,45.0402,373,2.2727,44
XGBoost,o6_loo,42,combined_mimic_L2,combined_mimic,2,True,44505,1599,3.5929,24.9455,71.4616,0.0,639,0.0,582,0.1965,4071,0.2802,11062,28.2366,5376,0.0159,18866,0.8877,3492,2.1448,373,0.0,44
XGBoost,o6_loo,42,combined_mimic_L3,combined_mimic,3,True,44505,42496,95.4859,0.1573,4.3568,87.3239,639,89.0034,582,80.2506,4071,93.1748,11062,96.0379,5376,99.9841,18866,97.4513,3492,100.0,373,100.0,44
XGBoost,o6_loo,42,combined_mimic_L4,combined_mimic,4,True,44505,42606,95.7331,0.1348,4.1321,88.5759,639,89.6907,582,81.2822,4071,93.5364,11062,96.2612,5376,99.9841,18866,97.5659,3492,100.0,373,100.0,44
XGBoost,o6_loo,42,ttl_both_L1,ttl_both,1,False,44505,41166,92.4975,0.4,7.1026,70.4225,639,73.0241,582,70.1056,4071,89.0617,11062,92.0015,5376,99.9576,18866,96.3345,3492,100.0,373,100.0,44
Transformer,o6_loo,42,identity_L0,identity,0,True,45173,0,0.0,72.1272,27.8728,0.0,665,0.0,583,0.0,4080,0.0,11090,0.0,5968,0.0,18870,0.0,3496,0.0,377,0.0,44
Transformer,o6_loo,42,ttl_hold_L1,ttl_hold,1,True,45173,1716,3.7987,36.8118,59.3895,2.2556,665,3.259,583,2.2059,4080,0.9919,11090,23.3914,5968,0.2862,18870,0.7437,3496,1.5915,377,0.0,44
Transformer,o6_loo,42,ttl_hold_L2,ttl_hold,2,True,45173,1729,3.8275,36.617,59.5555,2.2556,665,3.259,583,2.2304,4080,0.9919,11090,23.559,5968,0.2915,18870,0.7723,3496,1.5915,377,0.0,44
Transformer,o6_loo,42,ttl_hold_L3,ttl_hold,3,True,45173,2008,4.4451,35.3906,60.1643,3.4586,665,4.6312,583,3.0147,4080,1.5059,11090,25.0838,5968,0.7048,18870,0.9153,3496,1.5915,377,0.0,44
Transformer,o6_loo,42,ttl_mimic_L1,ttl_mimic,1,True,45173,26049,57.665,12.3259,30.0091,50.2256,665,50.7719,583,30.3922,4080,22.5428,11090,53.6193,5968,95.1669,18870,11.5847,3496,28.1167,377,22.7273,44
Transformer,o6_loo,42,ttl_mimic_L2,ttl_mimic,2,True,45173,1819,4.0267,36.5683,59.405,2.2556,665,3.9451,583,2.7696,4080,1.4427,11090,23.4752,5968,0.3657,18870,0.9153,3496,1.5915,377,0.0,44
Transformer,o6_loo,42,ttl_mimic_L3,ttl_mimic,3,True,45173,28182,62.3868,11.2877,26.3255,55.4887,665,54.8885,583,38.2353,4080,28.8819,11090,59.065,5968,97.8378,18870,17.1053,3496,35.5438,377,25.0,44
Transformer,o6_loo,42,padding_L1,padding,1,True,45173,9,0.0199,71.0225,28.9576,0.0,665,0.0,583,0.0245,4080,0.0,11090,0.1173,5968,0.0053,18870,0.0,3496,0.0,377,0.0,44
Transformer,o6_loo,42,padding_L2,padding,2,True,45173,12,0.0266,68.4059,31.5675,0.0,665,0.0,583,0.0245,4080,0.018,11090,0.134,5968,0.0053,18870,0.0,3496,0.0,377,0.0,44
Transformer,o6_loo,42,padding_L3,padding,3,True,45173,29,0.0642,69.2914,30.6444,0.0,665,0.0,583,0.0245,4080,0.0812,11090,0.3016,5968,0.0053,18870,0.0,3496,0.0,377,0.0,44
Transformer,o6_loo,42,padding_L4,padding,4,True,45173,46,0.1018,67.6599,32.2383,0.1504,665,0.0,583,0.0245,4080,0.2164,11090,0.3351,5968,0.0,18870,0.0,3496,0.0,377,0.0,44
Transformer,o6_loo,42,timing_L1,timing,1,True,45173,3,0.0066,72.2622,27.7312,0.0,665,0.0,583,0.049,4080,0.009,11090,0.0,5968,0.0,18870,0.0,3496,0.0,377,0.0,44
Transformer,o6_loo,42,timing_L2,timing,2,True,45173,5,0.0111,72.3308,27.6581,0.0,665,0.0,583,0.049,4080,0.0271,11090,0.0,5968,0.0,18870,0.0,3496,0.0,377,0.0,44
Transformer,o6_loo,42,timing_L3,timing,3,True,45173,2,0.0044,72.7558,27.2397,0.0,665,0.0,583,0.0245,4080,0.009,11090,0.0,5968,0.0,18870,0.0,3496,0.0,377,0.0,44
Transformer,o6_loo,42,timing_L4,timing,4,True,45173,2,0.0044,73.0901,26.9055,0.0,665,0.0,583,0.0245,4080,0.009,11090,0.0,5968,0.0,18870,0.0,3496,0.0,377,0.0,44
Transformer,o6_loo,42,connection_rate_L1,connection_rate,1,True,45173,9,0.0199,71.328,28.6521,0.0,665,0.0,583,0.0,4080,0.0,11090,0.1508,5968,0.0,18870,0.0,3496,0.0,377,0.0,44
Transformer,o6_loo,42,connection_rate_L2,connection_rate,2,True,45173,1,0.0022,71.3922,28.6056,0.0,665,0.0,583,0.0,4080,0.0,11090,0.0168,5968,0.0,18870,0.0,3496,0.0,377,0.0,44
Transformer,o6_loo,42,connection_rate_L3,connection_rate,3,True,45173,0,0.0,70.883,29.117,0.0,665,0.0,583,0.0,4080,0.0,11090,0.0,5968,0.0,18870,0.0,3496,0.0,377,0.0,44
Transformer,o6_loo,42,connection_rate_L4,connection_rate,4,True,45173,0,0.0,70.8875,29.1125,0.0,665,0.0,583,0.0,4080,0.0,11090,0.0,5968,0.0,18870,0.0,3496,0.0,377,0.0,44
Transformer,o6_loo,42,combined_hold_L1,combined_hold,1,True,45173,1878,4.1574,25.8982,69.9444,6.015,665,7.2041,583,3.0147,4080,1.5239,11090,23.4417,5968,0.4081,18870,0.6293,3496,1.5915,377,0.0,44
Transformer,o6_loo,42,combined_hold_L2,combined_hold,2,True,45173,2784,6.163,18.9272,74.9098,11.2782,665,12.5214,583,4.7794,4080,2.3715,11090,23.8271,5968,3.8474,18870,0.6865,3496,1.5915,377,0.0,44
Transformer,o6_loo,42,combined_hold_L3,combined_hold,3,True,45173,5139,11.3763,15.9188,72.7049,24.2105,665,25.3859,583,9.6569,4080,4.8693,11090,22.5201,5968,13.1902,18870,1.6304,3496,1.5915,377,0.0,44
Transformer,o6_loo,42,combined_hold_L4,combined_hold,4,True,45173,8094,17.9178,16.7224,65.3598,37.594,665,38.422,583,16.2745,4080,7.9351,11090,22.3861,5968,24.5893,18870,2.5458,3496,2.9178,377,0.0,44
Transformer,o6_loo,42,combined_mimic_L1,combined_mimic,1,True,45173,27554,60.9966,12.6226,26.3808,63.0075,665,62.2642,583,42.1078,4080,26.0685,11090,55.9651,5968,96.1685,18870,15.1316,3496,36.0743,377,25.0,44
Transformer,o6_loo,42,combined_mimic_L2,combined_mimic,2,True,45173,2876,6.3666,18.8741,74.7593,11.2782,665,13.3791,583,5.5882,4080,2.7863,11090,23.6763,5968,3.9163,18870,0.8009,3496,1.5915,377,0.0,44
Transformer,o6_loo,42,combined_mimic_L3,combined_mimic,3,True,45173,31393,69.4951,11.7659,18.7391,86.9173,665,83.1904,583,65.9559,4080,36.2308,11090,56.3505,5968,97.6842,18870,46.5103,3496,49.0716,377,31.8182,44
Transformer,o6_loo,42,combined_mimic_L4,combined_mimic,4,True,45173,31423,69.5615,12.1688,18.2698,89.3233,665,85.0772,583,68.2108,4080,35.3562,11090,56.0824,5968,97.5093,18870,48.0549,3496,50.6631,377,25.0,44
Transformer,o6_loo,42,ttl_both_L1,ttl_both,1,False,45173,39479,87.3951,1.7577,10.8472,61.3534,665,63.4648,583,58.4069,4080,83.8954,11090,90.7339,5968,99.788,18870,68.6785,3496,85.9416,377,100.0,44
